-- phpMyAdmin SQL Dump
-- version 5.1.1
-- https://www.phpmyadmin.net/
--
-- Host: 127.0.0.1:3306
-- Czas generowania: 17 Mar 2022, 15:07
-- Wersja serwera: 8.0.27
-- Wersja PHP: 7.4.26

SET SQL_MODE = "NO_AUTO_VALUE_ON_ZERO";
START TRANSACTION;
SET time_zone = "+00:00";


/*!40101 SET @OLD_CHARACTER_SET_CLIENT=@@CHARACTER_SET_CLIENT */;
/*!40101 SET @OLD_CHARACTER_SET_RESULTS=@@CHARACTER_SET_RESULTS */;
/*!40101 SET @OLD_COLLATION_CONNECTION=@@COLLATION_CONNECTION */;
/*!40101 SET NAMES utf8mb4 */;

--
-- Baza danych: `id18439949_znanytrener`
--

-- --------------------------------------------------------

--
-- Struktura tabeli dla tabeli `bmi`
--

DROP TABLE IF EXISTS `bmi`;
CREATE TABLE IF NOT EXISTS `bmi` (
  `bmi_id` int NOT NULL,
  `weight` float NOT NULL,
  `date` datetime NOT NULL DEFAULT CURRENT_TIMESTAMP,
  `id` int NOT NULL AUTO_INCREMENT,
  PRIMARY KEY (`id`),
  KEY `bmi_id` (`bmi_id`)
) ENGINE=InnoDB AUTO_INCREMENT=3318 DEFAULT CHARSET=utf8mb3 COLLATE=utf8_polish_ci;

--
-- Zrzut danych tabeli `bmi`
--

INSERT INTO `bmi` (`bmi_id`, `weight`, `date`, `id`) VALUES
(999, 66, '2022-02-05 13:57:08', 1),
(1, 51, '2022-02-05 13:57:08', 2),
(2, 108, '2022-02-05 13:57:08', 3),
(3, 67, '2022-02-05 13:57:08', 4),
(4, 99, '2022-02-05 13:57:08', 5),
(5, 91, '2022-02-05 13:57:08', 6),
(6, 79, '2022-02-05 13:57:08', 7),
(7, 71, '2022-02-05 13:57:08', 8),
(8, 71, '2022-02-05 13:57:08', 9),
(9, 62, '2022-02-05 13:57:08', 10),
(10, 109, '2022-02-05 13:57:08', 11),
(11, 58, '2022-02-05 13:57:08', 12),
(12, 82, '2022-02-05 13:57:08', 13),
(13, 58, '2022-02-05 13:57:08', 14),
(14, 65, '2022-02-05 13:57:08', 15),
(15, 60, '2022-02-05 13:57:08', 16),
(16, 79, '2022-02-05 13:57:08', 17),
(17, 108, '2022-02-05 13:57:08', 18),
(18, 87, '2022-02-14 13:57:08', 19),
(19, 69, '2022-02-05 13:57:08', 20),
(20, 94, '2022-02-05 13:57:08', 21),
(21, 86, '2022-02-05 13:57:08', 22),
(22, 67, '2022-02-05 13:57:08', 23),
(23, 106, '2022-02-05 13:57:08', 24),
(24, 110, '2022-02-05 13:57:08', 25),
(25, 107, '2022-02-05 13:57:08', 26),
(26, 71, '2022-02-05 13:57:08', 27),
(27, 101, '2022-02-05 13:57:08', 28),
(28, 62, '2022-02-05 13:57:08', 29),
(29, 105, '2022-02-05 13:57:08', 30),
(30, 87, '2022-02-05 13:57:08', 31),
(31, 62, '2022-02-05 13:57:08', 32),
(32, 87, '2022-02-05 13:57:08', 33),
(33, 74, '2022-02-05 13:57:08', 34),
(34, 97, '2022-02-05 13:57:08', 35),
(35, 70, '2022-02-05 13:57:08', 36),
(36, 92, '2022-02-05 13:57:08', 37),
(37, 55, '2022-02-05 13:57:08', 38),
(38, 103, '2022-02-05 13:57:08', 39),
(39, 78, '2022-02-05 13:57:08', 40),
(40, 90, '2022-02-05 13:57:08', 41),
(41, 86, '2022-02-05 13:57:08', 42),
(42, 53, '2022-02-05 13:57:08', 43),
(43, 97, '2022-02-05 13:57:08', 44),
(44, 89, '2022-02-05 13:57:08', 45),
(45, 69, '2022-02-05 13:57:08', 46),
(46, 80, '2022-02-05 13:57:08', 47),
(47, 91, '2022-02-05 13:57:08', 48),
(48, 85, '2022-02-05 13:57:08', 49),
(49, 99, '2022-02-05 13:57:08', 50),
(50, 109, '2022-02-05 13:57:08', 51),
(51, 52, '2022-02-05 13:57:08', 52),
(52, 107, '2022-02-05 13:57:08', 53),
(53, 67, '2022-02-05 13:57:08', 54),
(54, 55, '2022-02-05 13:57:08', 55),
(55, 100, '2022-02-05 13:57:08', 56),
(56, 69, '2022-02-05 13:57:08', 57),
(57, 64, '2022-02-05 13:57:08', 58),
(58, 58, '2022-02-05 13:57:08', 59),
(59, 53, '2022-02-05 13:57:08', 60),
(60, 53, '2022-02-05 13:57:08', 61),
(61, 97, '2022-02-05 13:57:08', 62),
(62, 71, '2022-02-05 13:57:08', 63),
(63, 108, '2022-02-05 13:57:08', 64),
(64, 73, '2022-02-05 13:57:08', 65),
(65, 54, '2022-02-05 13:57:08', 66),
(66, 62, '2022-02-05 13:57:08', 67),
(67, 81, '2022-02-05 13:57:08', 68),
(68, 91, '2022-02-05 13:57:08', 69),
(69, 79, '2022-02-05 13:57:08', 70),
(70, 90, '2022-02-05 13:57:08', 71),
(71, 97, '2022-02-05 13:57:08', 72),
(72, 60, '2022-02-05 13:57:08', 73),
(73, 91, '2022-02-05 13:57:08', 74),
(74, 50, '2022-02-05 13:57:08', 75),
(75, 82, '2022-02-05 13:57:08', 76),
(76, 91, '2022-02-05 13:57:08', 77),
(77, 92, '2022-02-05 13:57:08', 78),
(78, 55, '2022-02-05 13:57:08', 79),
(79, 50, '2022-02-05 13:57:08', 80),
(80, 69, '2022-02-05 13:57:08', 81),
(81, 86, '2022-02-05 13:57:08', 82),
(82, 80, '2022-02-05 13:57:08', 83),
(83, 70, '2022-02-05 13:57:08', 84),
(84, 98, '2022-02-05 13:57:08', 85),
(85, 73, '2022-02-05 13:57:08', 86),
(86, 94, '2022-02-05 13:57:08', 87),
(87, 100, '2022-02-05 13:57:08', 88),
(88, 88, '2022-02-05 13:57:08', 89),
(89, 101, '2022-02-05 13:57:08', 90),
(90, 83, '2022-02-05 13:57:08', 91),
(91, 85, '2022-02-05 13:57:08', 92),
(92, 91, '2022-02-05 13:57:08', 93),
(93, 58, '2022-02-05 13:57:08', 94),
(94, 76, '2022-02-05 13:57:08', 95),
(95, 60, '2022-02-05 13:57:08', 96),
(96, 108, '2022-02-05 13:57:08', 97),
(97, 53, '2022-02-05 13:57:08', 98),
(98, 72, '2022-02-05 13:57:08', 99),
(99, 73, '2022-02-05 13:57:08', 100),
(100, 79, '2022-02-05 13:57:08', 101),
(101, 71, '2022-02-05 13:57:08', 102),
(102, 94, '2022-02-05 13:57:08', 103),
(103, 69, '2022-02-05 13:57:08', 104),
(104, 52, '2022-02-05 13:57:08', 105),
(105, 64, '2022-02-05 13:57:08', 106),
(106, 85, '2022-02-05 13:57:08', 107),
(107, 86, '2022-02-05 13:57:08', 108),
(108, 101, '2022-02-05 13:57:08', 109),
(109, 78, '2022-02-05 13:57:08', 110),
(110, 58, '2022-02-05 13:57:08', 111),
(111, 104, '2022-02-05 13:57:08', 112),
(112, 87, '2022-02-05 13:57:08', 113),
(113, 90, '2022-02-05 13:57:08', 114),
(114, 57, '2022-02-05 13:57:08', 115),
(115, 70, '2022-02-05 13:57:08', 116),
(116, 55, '2022-02-05 13:57:08', 117),
(117, 103, '2022-02-05 13:57:08', 118),
(118, 50, '2022-02-05 13:57:08', 119),
(119, 75, '2022-02-05 13:57:08', 120),
(120, 65, '2022-02-05 13:57:08', 121),
(121, 74, '2022-02-05 13:57:08', 122),
(122, 69, '2022-02-05 13:57:08', 123),
(123, 56, '2022-02-05 13:57:08', 124),
(124, 86, '2022-02-05 13:57:08', 125),
(125, 72, '2022-02-05 13:57:08', 126),
(126, 87, '2022-02-05 13:57:08', 127),
(127, 68, '2022-02-05 13:57:08', 128),
(128, 79, '2022-02-05 13:57:08', 129),
(129, 101, '2022-02-05 13:57:08', 130),
(130, 66, '2022-02-05 13:57:08', 131),
(131, 78, '2022-02-05 13:57:08', 132),
(132, 89, '2022-02-05 13:57:08', 133),
(133, 92, '2022-02-05 13:57:08', 134),
(134, 58, '2022-02-05 13:57:08', 135),
(135, 67, '2022-02-05 13:57:08', 136),
(136, 51, '2022-02-05 13:57:08', 137),
(137, 90, '2022-02-05 13:57:08', 138),
(138, 86, '2022-02-05 13:57:08', 139),
(139, 107, '2022-02-05 13:57:08', 140),
(140, 61, '2022-02-05 13:57:08', 141),
(141, 50, '2022-02-05 13:57:08', 142),
(142, 55, '2022-02-05 13:57:08', 143),
(143, 62, '2022-02-05 13:57:08', 144),
(144, 89, '2022-02-05 13:57:08', 145),
(145, 61, '2022-02-05 13:57:08', 146),
(146, 66, '2022-02-05 13:57:08', 147),
(147, 87, '2022-02-05 13:57:08', 148),
(148, 72, '2022-02-05 13:57:08', 149),
(149, 93, '2022-02-05 13:57:08', 150),
(150, 59, '2022-02-05 13:57:08', 151),
(151, 53, '2022-02-05 13:57:08', 152),
(152, 64, '2022-02-05 13:57:08', 153),
(153, 73, '2022-02-05 13:57:08', 154),
(154, 107, '2022-02-05 13:57:08', 155),
(155, 61, '2022-02-05 13:57:08', 156),
(156, 84, '2022-02-05 13:57:08', 157),
(157, 87, '2022-02-05 13:57:08', 158),
(158, 63, '2022-02-05 13:57:08', 159),
(159, 75, '2022-02-05 13:57:08', 160),
(160, 79, '2022-02-05 13:57:08', 161),
(161, 87, '2022-02-05 13:57:08', 162),
(162, 109, '2022-02-05 13:57:08', 163),
(163, 86, '2022-02-05 13:57:08', 164),
(164, 52, '2022-02-05 13:57:08', 165),
(165, 52, '2022-02-05 13:57:08', 166),
(166, 74, '2022-02-05 13:57:08', 167),
(167, 78, '2022-02-05 13:57:08', 168),
(168, 68, '2022-02-05 13:57:08', 169),
(169, 76, '2022-02-05 13:57:08', 170),
(170, 53, '2022-02-05 13:57:08', 171),
(171, 80, '2022-02-05 13:57:08', 172),
(172, 62, '2022-02-05 13:57:08', 173),
(173, 81, '2022-02-05 13:57:08', 174),
(174, 54, '2022-02-05 13:57:08', 175),
(175, 69, '2022-02-05 13:57:08', 176),
(176, 87, '2022-02-05 13:57:08', 177),
(177, 102, '2022-02-05 13:57:08', 178),
(178, 50, '2022-02-05 13:57:08', 179),
(179, 61, '2022-02-05 13:57:08', 180),
(180, 62, '2022-02-05 13:57:08', 181),
(181, 62, '2022-02-05 13:57:08', 182),
(182, 59, '2022-02-05 13:57:08', 183),
(183, 69, '2022-02-05 13:57:08', 184),
(184, 76, '2022-02-05 13:57:08', 185),
(185, 82, '2022-02-05 13:57:08', 186),
(186, 97, '2022-02-05 13:57:08', 187),
(187, 52, '2022-02-05 13:57:08', 188),
(188, 56, '2022-02-05 13:57:08', 189),
(189, 59, '2022-02-05 13:57:08', 190),
(190, 50, '2022-02-05 13:57:08', 191),
(191, 76, '2022-02-05 13:57:08', 192),
(192, 54, '2022-02-05 13:57:08', 193),
(193, 74, '2022-02-05 13:57:08', 194),
(194, 95, '2022-02-05 13:57:08', 195),
(195, 80, '2022-02-05 13:57:08', 196),
(196, 53, '2022-02-05 13:57:08', 197),
(197, 73, '2022-02-05 13:57:08', 198),
(198, 103, '2022-02-05 13:57:08', 199),
(199, 109, '2022-02-05 13:57:08', 200),
(200, 109, '2022-02-05 13:57:08', 201),
(201, 91, '2022-02-05 13:57:08', 202),
(202, 110, '2022-02-05 13:57:08', 203),
(203, 103, '2022-02-05 13:57:08', 204),
(204, 86, '2022-02-05 13:57:08', 205),
(205, 61, '2022-02-05 13:57:08', 206),
(206, 87, '2022-02-05 13:57:08', 207),
(207, 82, '2022-02-05 13:57:08', 208),
(208, 65, '2022-02-05 13:57:08', 209),
(209, 70, '2022-02-05 13:57:08', 210),
(210, 73, '2022-02-05 13:57:08', 211),
(211, 84, '2022-02-05 13:57:08', 212),
(212, 54, '2022-02-05 13:57:08', 213),
(213, 98, '2022-02-05 13:57:08', 214),
(214, 94, '2022-02-05 13:57:08', 215),
(215, 92, '2022-02-05 13:57:08', 216),
(216, 100, '2022-02-05 13:57:08', 217),
(217, 70, '2022-02-05 13:57:08', 218),
(218, 51, '2022-02-05 13:57:08', 219),
(219, 71, '2022-02-05 13:57:08', 220),
(220, 84, '2022-02-05 13:57:08', 221),
(221, 84, '2022-02-05 13:57:08', 222),
(222, 88, '2022-02-05 13:57:08', 223),
(223, 105, '2022-02-05 13:57:08', 224),
(224, 54, '2022-02-05 13:57:08', 225),
(225, 91, '2022-02-05 13:57:08', 226),
(226, 104, '2022-02-05 13:57:08', 227),
(227, 82, '2022-02-05 13:57:08', 228),
(228, 69, '2022-02-05 13:57:08', 229),
(229, 109, '2022-02-05 13:57:08', 230),
(230, 57, '2022-02-05 13:57:08', 231),
(231, 95, '2022-02-05 13:57:08', 232),
(232, 84, '2022-02-05 13:57:08', 233),
(233, 110, '2022-02-05 13:57:08', 234),
(234, 78, '2022-02-05 13:57:08', 235),
(235, 73, '2022-02-05 13:57:08', 236),
(236, 88, '2022-02-05 13:57:08', 237),
(237, 82, '2022-02-05 13:57:08', 238),
(238, 99, '2022-02-05 13:57:08', 239),
(239, 110, '2022-02-05 13:57:08', 240),
(240, 90, '2022-02-05 13:57:08', 241),
(241, 82, '2022-02-05 13:57:08', 242),
(242, 64, '2022-02-05 13:57:08', 243),
(243, 108, '2022-02-05 13:57:08', 244),
(244, 64, '2022-02-05 13:57:08', 245),
(245, 70, '2022-02-05 13:57:08', 246),
(246, 106, '2022-02-05 13:57:08', 247),
(247, 68, '2022-02-05 13:57:08', 248),
(248, 110, '2022-02-05 13:57:08', 249),
(249, 75, '2022-02-05 13:57:08', 250),
(250, 64, '2022-02-05 13:57:08', 251),
(251, 110, '2022-02-05 13:57:08', 252),
(252, 61, '2022-02-05 13:57:08', 253),
(253, 100, '2022-02-05 13:57:08', 254),
(254, 89, '2022-02-05 13:57:08', 255),
(255, 103, '2022-02-05 13:57:08', 256),
(256, 104, '2022-02-05 13:57:08', 257),
(257, 104, '2022-02-05 13:57:08', 258),
(258, 80, '2022-02-05 13:57:08', 259),
(259, 78, '2022-02-05 13:57:08', 260),
(260, 103, '2022-02-05 13:57:08', 261),
(261, 101, '2022-02-05 13:57:08', 262),
(262, 68, '2022-02-05 13:57:08', 263),
(263, 87, '2022-02-05 13:57:08', 264),
(264, 72, '2022-02-05 13:57:08', 265),
(265, 50, '2022-02-05 13:57:08', 266),
(266, 50, '2022-02-05 13:57:08', 267),
(267, 93, '2022-02-05 13:57:08', 268),
(268, 65, '2022-02-05 13:57:08', 269),
(269, 85, '2022-02-05 13:57:08', 270),
(270, 94, '2022-02-05 13:57:08', 271),
(271, 81, '2022-02-05 13:57:08', 272),
(272, 51, '2022-02-05 13:57:08', 273),
(273, 55, '2022-02-05 13:57:08', 274),
(274, 83, '2022-02-05 13:57:08', 275),
(275, 65, '2022-02-05 13:57:08', 276),
(276, 93, '2022-02-05 13:57:08', 277),
(277, 92, '2022-02-05 13:57:08', 278),
(278, 101, '2022-02-05 13:57:08', 279),
(279, 76, '2022-02-05 13:57:08', 280),
(280, 62, '2022-02-05 13:57:08', 281),
(281, 69, '2022-02-05 13:57:08', 282),
(282, 72, '2022-02-05 13:57:08', 283),
(283, 60, '2022-02-05 13:57:08', 284),
(284, 50, '2022-02-05 13:57:08', 285),
(285, 77, '2022-02-05 13:57:08', 286),
(286, 50, '2022-02-05 13:57:08', 287),
(287, 70, '2022-02-05 13:57:08', 288),
(288, 91, '2022-02-05 13:57:08', 289),
(289, 101, '2022-02-05 13:57:08', 290),
(290, 60, '2022-02-05 13:57:08', 291),
(291, 62, '2022-02-05 13:57:08', 292),
(292, 82, '2022-02-05 13:57:08', 293),
(293, 63, '2022-02-05 13:57:08', 294),
(294, 57, '2022-02-05 13:57:08', 295),
(295, 87, '2022-02-05 13:57:08', 296),
(296, 86, '2022-02-05 13:57:08', 297),
(297, 110, '2022-02-05 13:57:08', 298),
(298, 65, '2022-02-05 13:57:08', 299),
(299, 74, '2022-02-05 13:57:08', 300),
(300, 79, '2022-02-05 13:57:08', 301),
(301, 55, '2022-02-05 13:57:08', 302),
(302, 91, '2022-02-05 13:57:08', 303),
(303, 85, '2022-02-05 13:57:08', 304),
(304, 82, '2022-02-05 13:57:08', 305),
(305, 85, '2022-02-05 13:57:08', 306),
(306, 86, '2022-02-05 13:57:08', 307),
(307, 105, '2022-02-05 13:57:08', 308),
(308, 87, '2022-02-05 13:57:08', 309),
(309, 75, '2022-02-05 13:57:08', 310),
(310, 56, '2022-02-05 13:57:08', 311),
(311, 51, '2022-02-05 13:57:08', 312),
(312, 80, '2022-02-05 13:57:08', 313),
(313, 85, '2022-02-05 13:57:08', 314),
(314, 82, '2022-02-05 13:57:08', 315),
(315, 99, '2022-02-05 13:57:08', 316),
(316, 77, '2022-02-05 13:57:08', 317),
(317, 58, '2022-02-05 13:57:08', 318),
(318, 63, '2022-02-05 13:57:08', 319),
(319, 75, '2022-02-05 13:57:08', 320),
(320, 61, '2022-02-05 13:57:08', 321),
(321, 57, '2022-02-05 13:57:08', 322),
(322, 82, '2022-02-05 13:57:08', 323),
(323, 80, '2022-02-05 13:57:08', 324),
(324, 79, '2022-02-05 13:57:08', 325),
(325, 67, '2022-02-05 13:57:08', 326),
(326, 72, '2022-02-05 13:57:08', 327),
(327, 92, '2022-02-05 13:57:08', 328),
(328, 72, '2022-02-05 13:57:08', 329),
(329, 82, '2022-02-05 13:57:08', 330),
(330, 97, '2022-02-05 13:57:08', 331),
(331, 69, '2022-02-05 13:57:08', 332),
(332, 83, '2022-02-05 13:57:08', 333),
(333, 56, '2022-02-05 13:57:08', 334),
(334, 103, '2022-02-05 13:57:08', 335),
(335, 68, '2022-02-05 13:57:08', 336),
(336, 90, '2022-02-05 13:57:08', 337),
(337, 102, '2022-02-05 13:57:08', 338),
(338, 106, '2022-02-05 13:57:08', 339),
(339, 76, '2022-02-05 13:57:08', 340),
(340, 80, '2022-02-05 13:57:08', 341),
(341, 95, '2022-02-05 13:57:08', 342),
(342, 73, '2022-02-05 13:57:08', 343),
(343, 92, '2022-02-05 13:57:08', 344),
(344, 100, '2022-02-05 13:57:08', 345),
(345, 79, '2022-02-05 13:57:08', 346),
(346, 109, '2022-02-05 13:57:08', 347),
(347, 78, '2022-02-05 13:57:08', 348),
(348, 52, '2022-02-05 13:57:08', 349),
(349, 62, '2022-02-05 13:57:08', 350),
(350, 61, '2022-02-05 13:57:08', 351),
(351, 91, '2022-02-05 13:57:08', 352),
(352, 104, '2022-02-05 13:57:08', 353),
(353, 54, '2022-02-05 13:57:08', 354),
(354, 53, '2022-02-05 13:57:08', 355),
(355, 94, '2022-02-05 13:57:08', 356),
(356, 102, '2022-02-05 13:57:08', 357),
(357, 54, '2022-02-05 13:57:08', 358),
(358, 97, '2022-02-05 13:57:08', 359),
(359, 71, '2022-02-05 13:57:08', 360),
(360, 86, '2022-02-05 13:57:08', 361),
(361, 76, '2022-02-05 13:57:08', 362),
(362, 53, '2022-02-05 13:57:08', 363),
(363, 53, '2022-02-05 13:57:08', 364),
(364, 62, '2022-02-05 13:57:08', 365),
(365, 73, '2022-02-05 13:57:08', 366),
(366, 82, '2022-02-05 13:57:08', 367),
(367, 81, '2022-02-05 13:57:08', 368),
(368, 99, '2022-02-05 13:57:08', 369),
(369, 61, '2022-02-05 13:57:08', 370),
(370, 86, '2022-02-05 13:57:08', 371),
(371, 77, '2022-02-05 13:57:08', 372),
(372, 98, '2022-02-05 13:57:08', 373),
(373, 82, '2022-02-05 13:57:08', 374),
(374, 50, '2022-02-05 13:57:08', 375),
(375, 75, '2022-02-05 13:57:08', 376),
(376, 63, '2022-02-05 13:57:08', 377),
(377, 58, '2022-02-05 13:57:08', 378),
(378, 66, '2022-02-05 13:57:08', 379),
(379, 101, '2022-02-05 13:57:08', 380),
(380, 71, '2022-02-05 13:57:08', 381),
(381, 64, '2022-02-05 13:57:08', 382),
(382, 66, '2022-02-05 13:57:08', 383),
(383, 68, '2022-02-05 13:57:08', 384),
(384, 72, '2022-02-05 13:57:08', 385),
(385, 94, '2022-02-05 13:57:08', 386),
(386, 87, '2022-02-05 13:57:08', 387),
(387, 63, '2022-02-05 13:57:08', 388),
(388, 51, '2022-02-05 13:57:08', 389),
(389, 74, '2022-02-05 13:57:08', 390),
(390, 88, '2022-02-05 13:57:08', 391),
(391, 72, '2022-02-05 13:57:08', 392),
(392, 75, '2022-02-05 13:57:08', 393),
(393, 82, '2022-02-05 13:57:08', 394),
(394, 90, '2022-02-05 13:57:08', 395),
(395, 80, '2022-02-05 13:57:08', 396),
(396, 70, '2022-02-05 13:57:08', 397),
(397, 83, '2022-02-05 13:57:08', 398),
(398, 62, '2022-02-05 13:57:08', 399),
(399, 76, '2022-02-05 13:57:08', 400),
(400, 51, '2022-02-05 13:57:08', 401),
(401, 78, '2022-02-05 13:57:08', 402),
(402, 58, '2022-02-05 13:57:08', 403),
(403, 64, '2022-02-05 13:57:08', 404),
(404, 69, '2022-02-05 13:57:08', 405),
(405, 50, '2022-02-05 13:57:08', 406),
(406, 106, '2022-02-05 13:57:08', 407),
(407, 50, '2022-02-05 13:57:08', 408),
(408, 67, '2022-02-05 13:57:08', 409),
(409, 63, '2022-02-05 13:57:08', 410),
(410, 98, '2022-02-05 13:57:08', 411),
(411, 108, '2022-02-05 13:57:08', 412),
(412, 56, '2022-02-05 13:57:08', 413),
(413, 65, '2022-02-05 13:57:08', 414),
(414, 84, '2022-02-05 13:57:08', 415),
(415, 102, '2022-02-05 13:57:08', 416),
(416, 104, '2022-02-05 13:57:08', 417),
(417, 65, '2022-02-05 13:57:08', 418),
(418, 56, '2022-02-05 13:57:08', 419),
(419, 84, '2022-02-05 13:57:08', 420),
(420, 82, '2022-02-05 13:57:08', 421),
(421, 97, '2022-02-05 13:57:08', 422),
(422, 74, '2022-02-05 13:57:08', 423),
(423, 73, '2022-02-05 13:57:08', 424),
(424, 64, '2022-02-05 13:57:08', 425),
(425, 103, '2022-02-05 13:57:08', 426),
(426, 99, '2022-02-05 13:57:08', 427),
(427, 65, '2022-02-05 13:57:08', 428),
(428, 65, '2022-02-05 13:57:08', 429),
(429, 65, '2022-02-05 13:57:08', 430),
(430, 65, '2022-02-05 13:57:08', 431),
(431, 75, '2022-02-05 13:57:08', 432),
(432, 55, '2022-02-05 13:57:08', 433),
(433, 64, '2022-02-05 13:57:08', 434),
(434, 89, '2022-02-05 13:57:08', 435),
(435, 103, '2022-02-05 13:57:08', 436),
(436, 66, '2022-02-05 13:57:08', 437),
(437, 88, '2022-02-05 13:57:08', 438),
(438, 85, '2022-02-05 13:57:08', 439),
(439, 109, '2022-02-05 13:57:08', 440),
(440, 77, '2022-02-05 13:57:08', 441),
(441, 99, '2022-02-05 13:57:08', 442),
(442, 51, '2022-02-05 13:57:08', 443),
(443, 104, '2022-02-05 13:57:08', 444),
(444, 103, '2022-02-05 13:57:08', 445),
(445, 63, '2022-02-05 13:57:08', 446),
(446, 87, '2022-02-05 13:57:08', 447),
(447, 60, '2022-02-05 13:57:08', 448),
(448, 94, '2022-02-05 13:57:08', 449),
(449, 83, '2022-02-05 13:57:08', 450),
(450, 87, '2022-02-05 13:57:08', 451),
(451, 92, '2022-02-05 13:57:08', 452),
(452, 57, '2022-02-05 13:57:08', 453),
(453, 86, '2022-02-05 13:57:08', 454),
(454, 65, '2022-02-05 13:57:08', 455),
(455, 103, '2022-02-05 13:57:08', 456),
(456, 90, '2022-02-05 13:57:08', 457),
(457, 61, '2022-02-05 13:57:08', 458),
(458, 53, '2022-02-05 13:57:08', 459),
(459, 89, '2022-02-05 13:57:08', 460),
(460, 68, '2022-02-05 13:57:08', 461),
(461, 62, '2022-02-05 13:57:08', 462),
(462, 67, '2022-02-05 13:57:08', 463),
(463, 64, '2022-02-05 13:57:08', 464),
(464, 80, '2022-02-05 13:57:08', 465),
(465, 84, '2022-02-05 13:57:08', 466),
(466, 83, '2022-02-05 13:57:08', 467),
(467, 63, '2022-02-05 13:57:08', 468),
(468, 63, '2022-02-05 13:57:08', 469),
(469, 55, '2022-02-05 13:57:08', 470),
(470, 96, '2022-02-05 13:57:08', 471),
(471, 91, '2022-02-05 13:57:08', 472),
(472, 102, '2022-02-05 13:57:08', 473),
(473, 65, '2022-02-05 13:57:08', 474),
(474, 88, '2022-02-05 13:57:08', 475),
(475, 61, '2022-02-05 13:57:08', 476),
(476, 79, '2022-02-05 13:57:08', 477),
(477, 107, '2022-02-05 13:57:08', 478),
(478, 86, '2022-02-05 13:57:08', 479),
(479, 51, '2022-02-05 13:57:08', 480),
(480, 82, '2022-02-05 13:57:08', 481),
(481, 77, '2022-02-05 13:57:08', 482),
(482, 71, '2022-02-05 13:57:08', 483),
(483, 92, '2022-02-05 13:57:08', 484),
(484, 76, '2022-02-05 13:57:08', 485),
(485, 90, '2022-02-05 13:57:08', 486),
(486, 110, '2022-02-05 13:57:08', 487),
(487, 86, '2022-02-05 13:57:08', 488),
(488, 109, '2022-02-05 13:57:08', 489),
(489, 63, '2022-02-05 13:57:08', 490),
(490, 71, '2022-02-05 13:57:08', 491),
(491, 82, '2022-02-05 13:57:08', 492),
(492, 90, '2022-02-05 13:57:08', 493),
(493, 108, '2022-02-05 13:57:08', 494),
(494, 93, '2022-02-05 13:57:08', 495),
(495, 95, '2022-02-05 13:57:08', 496),
(496, 69, '2022-02-05 13:57:08', 497),
(497, 63, '2022-02-05 13:57:08', 498),
(498, 77, '2022-02-05 13:57:08', 499),
(499, 101, '2022-02-05 13:57:08', 500),
(500, 108, '2022-02-05 13:57:08', 501),
(501, 89, '2022-02-05 13:57:08', 502),
(502, 53, '2022-02-05 13:57:08', 503),
(503, 108, '2022-02-05 13:57:08', 504),
(504, 79, '2022-02-05 13:57:08', 505),
(505, 81, '2022-02-05 13:57:08', 506),
(506, 107, '2022-02-05 13:57:08', 507),
(507, 72, '2022-02-05 13:57:08', 508),
(508, 67, '2022-02-05 13:57:08', 509),
(509, 93, '2022-02-05 13:57:08', 510),
(510, 98, '2022-02-05 13:57:08', 511),
(511, 70, '2022-02-05 13:57:08', 512),
(512, 60, '2022-02-05 13:57:08', 513),
(513, 103, '2022-02-05 13:57:08', 514),
(514, 98, '2022-02-05 13:57:08', 515),
(515, 54, '2022-02-05 13:57:08', 516),
(516, 67, '2022-02-05 13:57:08', 517),
(517, 110, '2022-02-05 13:57:08', 518),
(518, 52, '2022-02-05 13:57:08', 519),
(519, 51, '2022-02-05 13:57:08', 520),
(520, 67, '2022-02-05 13:57:08', 521),
(521, 88, '2022-02-05 13:57:08', 522),
(522, 94, '2022-02-05 13:57:08', 523),
(523, 98, '2022-02-05 13:57:08', 524),
(524, 98, '2022-02-05 13:57:08', 525),
(525, 54, '2022-02-05 13:57:08', 526),
(526, 95, '2022-02-05 13:57:08', 527),
(527, 52, '2022-02-05 13:57:08', 528),
(528, 67, '2022-02-05 13:57:08', 529),
(529, 61, '2022-02-05 13:57:08', 530),
(530, 90, '2022-02-05 13:57:08', 531),
(531, 91, '2022-02-05 13:57:08', 532),
(532, 81, '2022-02-05 13:57:08', 533),
(533, 103, '2022-02-05 13:57:08', 534),
(534, 79, '2022-02-05 13:57:08', 535),
(535, 70, '2022-02-05 13:57:08', 536),
(536, 102, '2022-02-05 13:57:08', 537),
(537, 92, '2022-02-05 13:57:08', 538),
(538, 73, '2022-02-05 13:57:08', 539),
(539, 84, '2022-02-05 13:57:08', 540),
(540, 85, '2022-02-05 13:57:08', 541),
(541, 61, '2022-02-05 13:57:08', 542),
(542, 89, '2022-02-05 13:57:08', 543),
(543, 98, '2022-02-05 13:57:08', 544),
(544, 61, '2022-02-05 13:57:08', 545),
(545, 60, '2022-02-05 13:57:08', 546),
(546, 71, '2022-02-05 13:57:08', 547),
(547, 81, '2022-02-05 13:57:08', 548),
(548, 65, '2022-02-05 13:57:08', 549),
(549, 109, '2022-02-05 13:57:08', 550),
(1, 50.1, '2022-02-05 13:57:59', 552),
(2, 109.8, '2022-02-05 13:57:59', 553),
(3, 69.7, '2022-02-05 13:57:59', 554),
(4, 101.7, '2022-02-05 13:57:59', 555),
(5, 90.1, '2022-02-05 13:57:59', 556),
(6, 79, '2022-02-05 13:57:59', 557),
(7, 73.7, '2022-02-05 13:57:59', 558),
(8, 71, '2022-02-05 13:57:59', 559),
(9, 63.8, '2022-02-05 13:57:59', 560),
(10, 106.3, '2022-02-05 13:57:59', 561),
(11, 58, '2022-02-05 13:57:59', 562),
(12, 79.3, '2022-02-05 13:57:59', 563),
(13, 57.1, '2022-02-05 13:57:59', 564),
(14, 62.3, '2022-02-05 13:57:59', 565),
(15, 60.9, '2022-02-05 13:57:59', 566),
(16, 79, '2022-02-05 13:57:59', 567),
(17, 110.7, '2022-02-05 13:57:59', 568),
(18, 84, '2022-03-02 07:37:41', 569),
(19, 70.8, '2022-02-05 13:57:59', 570),
(20, 95.8, '2022-02-05 13:57:59', 571),
(21, 86, '2022-02-05 13:57:59', 572),
(22, 67.9, '2022-02-05 13:57:59', 573),
(23, 105.1, '2022-02-05 13:57:59', 574),
(24, 110, '2022-02-05 13:57:59', 575),
(25, 107, '2022-02-05 13:57:59', 576),
(26, 72.8, '2022-02-05 13:57:59', 577),
(27, 101, '2022-02-05 13:57:59', 578),
(28, 61.1, '2022-02-05 13:57:59', 579),
(29, 104.1, '2022-02-05 13:57:59', 580),
(30, 86.1, '2022-02-05 13:57:59', 581),
(31, 62, '2022-02-05 13:57:59', 582),
(32, 87, '2022-02-05 13:57:59', 583),
(33, 75.8, '2022-02-05 13:57:59', 584),
(34, 95.2, '2022-02-05 13:57:59', 585),
(35, 72.7, '2022-02-05 13:57:59', 586),
(36, 92, '2022-02-05 13:57:59', 587),
(37, 53.2, '2022-02-05 13:57:59', 588),
(38, 103, '2022-02-05 13:57:59', 589),
(39, 77.1, '2022-02-05 13:57:59', 590),
(40, 87.3, '2022-02-05 13:57:59', 591),
(41, 84.2, '2022-02-05 13:57:59', 592),
(42, 54.8, '2022-02-05 13:57:59', 593),
(43, 99.7, '2022-02-05 13:57:59', 594),
(44, 89.9, '2022-02-05 13:57:59', 595),
(45, 70.8, '2022-02-05 13:57:59', 596),
(46, 77.3, '2022-02-05 13:57:59', 597),
(47, 93.7, '2022-02-05 13:57:59', 598),
(48, 85, '2022-02-05 13:57:59', 599),
(49, 101.7, '2022-02-05 13:57:59', 600),
(50, 109, '2022-02-05 13:57:59', 601),
(51, 49.3, '2022-02-05 13:57:59', 602),
(52, 104.3, '2022-02-05 13:57:59', 603),
(53, 67, '2022-02-05 13:57:59', 604),
(54, 54.1, '2022-02-05 13:57:59', 605),
(55, 102.7, '2022-02-05 13:57:59', 606),
(56, 71.7, '2022-02-05 13:57:59', 607),
(57, 62.2, '2022-02-05 13:57:59', 608),
(58, 58, '2022-02-05 13:57:59', 609),
(59, 55.7, '2022-02-05 13:57:59', 610),
(60, 55.7, '2022-02-05 13:57:59', 611),
(61, 97, '2022-02-05 13:57:59', 612),
(62, 71.9, '2022-02-05 13:57:59', 613),
(63, 108, '2022-02-05 13:57:59', 614),
(64, 73, '2022-02-05 13:57:59', 615),
(65, 55.8, '2022-02-05 13:57:59', 616),
(66, 62.9, '2022-02-05 13:57:59', 617),
(67, 81, '2022-02-05 13:57:59', 618),
(68, 90.1, '2022-02-05 13:57:59', 619),
(69, 79, '2022-02-05 13:57:59', 620),
(70, 90, '2022-02-05 13:57:59', 621),
(71, 97.9, '2022-02-05 13:57:59', 622),
(72, 61.8, '2022-02-05 13:57:59', 623),
(73, 91, '2022-02-05 13:57:59', 624),
(74, 50.9, '2022-02-05 13:57:59', 625),
(75, 80.2, '2022-02-05 13:57:59', 626),
(76, 91, '2022-02-05 13:57:59', 627),
(77, 92, '2022-02-05 13:57:59', 628),
(78, 54.1, '2022-02-05 13:57:59', 629),
(79, 51.8, '2022-02-05 13:57:59', 630),
(80, 67.2, '2022-02-05 13:57:59', 631),
(81, 86, '2022-02-05 13:57:59', 632),
(82, 81.8, '2022-02-05 13:57:59', 633),
(83, 70.9, '2022-02-05 13:57:59', 634),
(84, 97.1, '2022-02-05 13:57:59', 635),
(85, 73, '2022-02-05 13:57:59', 636),
(86, 93.1, '2022-02-05 13:57:59', 637),
(87, 99.1, '2022-02-05 13:57:59', 638),
(88, 88, '2022-02-05 13:57:59', 639),
(89, 101, '2022-02-05 13:57:59', 640),
(90, 82.1, '2022-02-05 13:57:59', 641),
(91, 85, '2022-02-05 13:57:59', 642),
(92, 89.2, '2022-02-05 13:57:59', 643),
(93, 58.9, '2022-02-05 13:57:59', 644),
(94, 76, '2022-02-05 13:57:59', 645),
(95, 61.8, '2022-02-05 13:57:59', 646),
(96, 109.8, '2022-02-05 13:57:59', 647),
(97, 53, '2022-02-05 13:57:59', 648),
(98, 74.7, '2022-02-05 13:57:59', 649),
(99, 71.2, '2022-02-05 13:57:59', 650),
(100, 81.7, '2022-02-05 13:57:59', 651),
(101, 71, '2022-02-05 13:57:59', 652),
(102, 94, '2022-02-05 13:57:59', 653),
(103, 71.7, '2022-02-05 13:57:59', 654),
(104, 49.3, '2022-02-05 13:57:59', 655),
(105, 63.1, '2022-02-05 13:57:59', 656),
(106, 86.8, '2022-02-05 13:57:59', 657),
(107, 87.8, '2022-02-05 13:57:59', 658),
(108, 102.8, '2022-02-05 13:57:59', 659),
(109, 79.8, '2022-02-05 13:57:59', 660),
(110, 60.7, '2022-02-05 13:57:59', 661),
(111, 106.7, '2022-02-05 13:57:59', 662),
(112, 88.8, '2022-02-05 13:57:59', 663),
(113, 90.9, '2022-02-05 13:57:59', 664),
(114, 56.1, '2022-02-05 13:57:59', 665),
(115, 70, '2022-02-05 13:57:59', 666),
(116, 56.8, '2022-02-05 13:57:59', 667),
(117, 103, '2022-02-05 13:57:59', 668),
(118, 50, '2022-02-05 13:57:59', 669),
(119, 75, '2022-02-05 13:57:59', 670),
(120, 65, '2022-02-05 13:57:59', 671),
(121, 74.9, '2022-02-05 13:57:59', 672),
(122, 67.2, '2022-02-05 13:57:59', 673),
(123, 57.8, '2022-02-05 13:57:59', 674),
(124, 85.1, '2022-02-05 13:57:59', 675),
(125, 74.7, '2022-02-05 13:57:59', 676),
(126, 87.9, '2022-02-05 13:57:59', 677),
(127, 68, '2022-02-05 13:57:59', 678),
(128, 79, '2022-02-05 13:57:59', 679),
(129, 98.3, '2022-02-05 13:57:59', 680),
(130, 66, '2022-02-05 13:57:59', 681),
(131, 79.8, '2022-02-05 13:57:59', 682),
(132, 87.2, '2022-02-05 13:57:59', 683),
(133, 90.2, '2022-02-05 13:57:59', 684),
(134, 59.8, '2022-02-05 13:57:59', 685),
(135, 65.2, '2022-02-05 13:57:59', 686),
(136, 48.3, '2022-02-05 13:57:59', 687),
(137, 90, '2022-02-05 13:57:59', 688),
(138, 86.9, '2022-02-05 13:57:59', 689),
(139, 104.3, '2022-02-05 13:57:59', 690),
(140, 62.8, '2022-02-05 13:57:59', 691),
(141, 49.1, '2022-02-05 13:57:59', 692),
(142, 55, '2022-02-05 13:57:59', 693),
(143, 62, '2022-02-05 13:57:59', 694),
(144, 90.8, '2022-02-05 13:57:59', 695),
(145, 61, '2022-02-05 13:57:59', 696),
(146, 64.2, '2022-02-05 13:57:59', 697),
(147, 87, '2022-02-05 13:57:59', 698),
(148, 71.1, '2022-02-05 13:57:59', 699),
(149, 91.2, '2022-02-05 13:57:59', 700),
(150, 60.8, '2022-02-05 13:57:59', 701),
(151, 51.2, '2022-02-05 13:57:59', 702),
(152, 61.3, '2022-02-05 13:57:59', 703),
(153, 73, '2022-02-05 13:57:59', 704),
(154, 106.1, '2022-02-05 13:57:59', 705),
(155, 59.2, '2022-02-05 13:57:59', 706),
(156, 86.7, '2022-02-05 13:57:59', 707),
(157, 87.9, '2022-02-05 13:57:59', 708),
(158, 62.1, '2022-02-05 13:57:59', 709),
(159, 74.1, '2022-02-05 13:57:59', 710),
(160, 80.8, '2022-02-05 13:57:59', 711),
(161, 86.1, '2022-02-05 13:57:59', 712),
(162, 106.3, '2022-02-05 13:57:59', 713),
(163, 88.7, '2022-02-05 13:57:59', 714),
(164, 52.9, '2022-02-05 13:57:59', 715),
(165, 52, '2022-02-05 13:57:59', 716),
(166, 76.7, '2022-02-05 13:57:59', 717),
(167, 75.3, '2022-02-05 13:57:59', 718),
(168, 70.7, '2022-02-05 13:57:59', 719),
(169, 77.8, '2022-02-05 13:57:59', 720),
(170, 53.9, '2022-02-05 13:57:59', 721),
(171, 80.9, '2022-02-05 13:57:59', 722),
(172, 60.2, '2022-02-05 13:57:59', 723),
(173, 81.9, '2022-02-05 13:57:59', 724),
(174, 52.2, '2022-02-05 13:57:59', 725),
(175, 68.1, '2022-02-05 13:57:59', 726),
(176, 89.7, '2022-02-05 13:57:59', 727),
(177, 102, '2022-02-05 13:57:59', 728),
(178, 50.9, '2022-02-05 13:57:59', 729),
(179, 61.9, '2022-02-05 13:57:59', 730),
(180, 64.7, '2022-02-05 13:57:59', 731),
(181, 62, '2022-02-05 13:57:59', 732),
(182, 56.3, '2022-02-05 13:57:59', 733),
(183, 67.2, '2022-02-05 13:57:59', 734),
(184, 76.9, '2022-02-05 13:57:59', 735),
(185, 81.1, '2022-02-05 13:57:59', 736),
(186, 95.2, '2022-02-05 13:57:59', 737),
(187, 52, '2022-02-05 13:57:59', 738),
(188, 53.3, '2022-02-05 13:57:59', 739),
(189, 59, '2022-02-05 13:57:59', 740),
(190, 51.8, '2022-02-05 13:57:59', 741),
(191, 76, '2022-02-05 13:57:59', 742),
(192, 54.9, '2022-02-05 13:57:59', 743),
(193, 72.2, '2022-02-05 13:57:59', 744),
(194, 92.3, '2022-02-05 13:57:59', 745),
(195, 79.1, '2022-02-05 13:57:59', 746),
(196, 52.1, '2022-02-05 13:57:59', 747),
(197, 73, '2022-02-05 13:57:59', 748),
(198, 103.9, '2022-02-05 13:57:59', 749),
(199, 107.2, '2022-02-05 13:57:59', 750),
(200, 107.2, '2022-02-05 13:57:59', 751),
(201, 91, '2022-02-05 13:57:59', 752),
(202, 112.7, '2022-02-05 13:57:59', 753),
(203, 103, '2022-02-05 13:57:59', 754),
(204, 83.3, '2022-02-05 13:57:59', 755),
(205, 62.8, '2022-02-05 13:57:59', 756),
(206, 87, '2022-02-05 13:57:59', 757),
(207, 82, '2022-02-05 13:57:59', 758),
(208, 63.2, '2022-02-05 13:57:59', 759),
(209, 69.1, '2022-02-05 13:57:59', 760),
(210, 74.8, '2022-02-05 13:57:59', 761),
(211, 81.3, '2022-02-05 13:57:59', 762),
(212, 56.7, '2022-02-05 13:57:59', 763),
(213, 98, '2022-02-05 13:57:59', 764),
(214, 96.7, '2022-02-05 13:57:59', 765),
(215, 89.3, '2022-02-05 13:57:59', 766),
(216, 100, '2022-02-05 13:57:59', 767),
(217, 68.2, '2022-02-05 13:57:59', 768),
(218, 48.3, '2022-02-05 13:57:59', 769),
(219, 71.9, '2022-02-05 13:57:59', 770),
(220, 83.1, '2022-02-05 13:57:59', 771),
(221, 83.1, '2022-02-05 13:57:59', 772),
(222, 88.9, '2022-02-05 13:57:59', 773),
(223, 104.1, '2022-02-05 13:57:59', 774),
(224, 55.8, '2022-02-05 13:57:59', 775),
(225, 89.2, '2022-02-05 13:57:59', 776),
(226, 103.1, '2022-02-05 13:57:59', 777),
(227, 82, '2022-02-05 13:57:59', 778),
(228, 69.9, '2022-02-05 13:57:59', 779),
(229, 108.1, '2022-02-05 13:57:59', 780),
(230, 59.7, '2022-02-05 13:57:59', 781),
(231, 93.2, '2022-02-05 13:57:59', 782),
(232, 83.1, '2022-02-05 13:57:59', 783),
(233, 112.7, '2022-02-05 13:57:59', 784),
(234, 79.8, '2022-02-05 13:57:59', 785),
(235, 71.2, '2022-02-05 13:57:59', 786),
(236, 86.2, '2022-02-05 13:57:59', 787),
(237, 82, '2022-02-05 13:57:59', 788),
(238, 97.2, '2022-02-05 13:57:59', 789),
(239, 110.9, '2022-02-05 13:57:59', 790),
(240, 89.1, '2022-02-05 13:57:59', 791),
(241, 82.9, '2022-02-05 13:57:59', 792),
(242, 64.9, '2022-02-05 13:57:59', 793),
(243, 105.3, '2022-02-05 13:57:59', 794),
(244, 64.9, '2022-02-05 13:57:59', 795),
(245, 71.8, '2022-02-05 13:57:59', 796),
(246, 103.3, '2022-02-05 13:57:59', 797),
(247, 65.3, '2022-02-05 13:57:59', 798),
(248, 108.2, '2022-02-05 13:57:59', 799),
(249, 74.1, '2022-02-05 13:57:59', 800),
(250, 61.3, '2022-02-05 13:57:59', 801),
(251, 111.8, '2022-02-05 13:57:59', 802),
(252, 59.2, '2022-02-05 13:57:59', 803),
(253, 98.2, '2022-02-05 13:57:59', 804),
(254, 90.8, '2022-02-05 13:57:59', 805),
(255, 102.1, '2022-02-05 13:57:59', 806),
(256, 105.8, '2022-02-05 13:57:59', 807),
(257, 102.2, '2022-02-05 13:57:59', 808),
(258, 79.1, '2022-02-05 13:57:59', 809),
(259, 78.9, '2022-02-05 13:57:59', 810),
(260, 103, '2022-02-05 13:57:59', 811),
(261, 102.8, '2022-02-05 13:57:59', 812),
(262, 68, '2022-02-05 13:57:59', 813),
(263, 87, '2022-02-05 13:57:59', 814),
(264, 72.9, '2022-02-05 13:58:00', 815),
(265, 47.3, '2022-02-05 13:58:00', 816),
(266, 52.7, '2022-02-05 13:58:00', 817),
(267, 92.1, '2022-02-05 13:58:00', 818),
(268, 63.2, '2022-02-05 13:58:00', 819),
(269, 86.8, '2022-02-05 13:58:00', 820),
(270, 96.7, '2022-02-05 13:58:00', 821),
(271, 78.3, '2022-02-05 13:58:00', 822),
(272, 52.8, '2022-02-05 13:58:00', 823),
(273, 53.2, '2022-02-05 13:58:00', 824),
(274, 82.1, '2022-02-05 13:58:00', 825),
(275, 63.2, '2022-02-05 13:58:00', 826),
(276, 93, '2022-02-05 13:58:00', 827),
(277, 94.7, '2022-02-05 13:58:00', 828),
(278, 98.3, '2022-02-05 13:58:00', 829),
(279, 73.3, '2022-02-05 13:58:00', 830),
(280, 62, '2022-02-05 13:58:00', 831),
(281, 69.9, '2022-02-05 13:58:00', 832),
(282, 74.7, '2022-02-05 13:58:00', 833),
(283, 59.1, '2022-02-05 13:58:00', 834),
(284, 47.3, '2022-02-05 13:58:00', 835),
(285, 79.7, '2022-02-05 13:58:00', 836),
(286, 50.9, '2022-02-05 13:58:00', 837),
(287, 72.7, '2022-02-05 13:58:00', 838),
(288, 93.7, '2022-02-05 13:58:00', 839),
(289, 98.3, '2022-02-05 13:58:00', 840),
(290, 57.3, '2022-02-05 13:58:00', 841),
(291, 62, '2022-02-05 13:58:00', 842),
(292, 82, '2022-02-05 13:58:00', 843),
(293, 63, '2022-02-05 13:58:00', 844),
(294, 58.8, '2022-02-05 13:58:00', 845),
(295, 87, '2022-02-05 13:58:00', 846),
(296, 85.1, '2022-02-05 13:58:00', 847),
(297, 107.3, '2022-02-05 13:58:00', 848),
(298, 62.3, '2022-02-05 13:58:00', 849),
(299, 71.3, '2022-02-05 13:58:00', 850),
(300, 77.2, '2022-02-05 13:58:00', 851),
(301, 53.2, '2022-02-05 13:58:00', 852),
(302, 91.9, '2022-02-05 13:58:00', 853),
(303, 86.8, '2022-02-05 13:58:00', 854),
(304, 83.8, '2022-02-05 13:58:00', 855),
(305, 85, '2022-02-05 13:58:00', 856),
(306, 85.1, '2022-02-05 13:58:00', 857),
(307, 104.1, '2022-02-05 13:58:00', 858),
(308, 87, '2022-02-05 13:58:00', 859),
(309, 77.7, '2022-02-05 13:58:00', 860),
(310, 55.1, '2022-02-05 13:58:00', 861),
(311, 51, '2022-02-05 13:58:00', 862),
(312, 79.1, '2022-02-05 13:58:00', 863),
(313, 83.2, '2022-02-05 13:58:00', 864),
(314, 82, '2022-02-05 13:58:00', 865),
(315, 99.9, '2022-02-05 13:58:00', 866),
(316, 76.1, '2022-02-05 13:58:00', 867),
(317, 57.1, '2022-02-05 13:58:00', 868),
(318, 64.8, '2022-02-05 13:58:00', 869),
(319, 75.9, '2022-02-05 13:58:00', 870),
(320, 61, '2022-02-05 13:58:00', 871),
(321, 57.9, '2022-02-05 13:58:00', 872),
(322, 82, '2022-02-05 13:58:00', 873),
(323, 80, '2022-02-05 13:58:00', 874),
(324, 81.7, '2022-02-05 13:58:00', 875),
(325, 66.1, '2022-02-05 13:58:00', 876),
(326, 74.7, '2022-02-05 13:58:00', 877),
(327, 92.9, '2022-02-05 13:58:00', 878),
(328, 72, '2022-02-05 13:58:00', 879),
(329, 82, '2022-02-05 13:58:00', 880),
(330, 97, '2022-02-05 13:58:00', 881),
(331, 68.1, '2022-02-05 13:58:00', 882),
(332, 83, '2022-02-05 13:58:00', 883),
(333, 56, '2022-02-05 13:58:00', 884),
(334, 105.7, '2022-02-05 13:58:00', 885),
(335, 68, '2022-02-05 13:58:00', 886),
(336, 91.8, '2022-02-05 13:58:00', 887),
(337, 102.9, '2022-02-05 13:58:00', 888),
(338, 106, '2022-02-05 13:58:00', 889),
(339, 75.1, '2022-02-05 13:58:00', 890),
(340, 79.1, '2022-02-05 13:58:00', 891),
(341, 92.3, '2022-02-05 13:58:00', 892),
(342, 75.7, '2022-02-05 13:58:00', 893),
(343, 89.3, '2022-02-05 13:58:00', 894),
(344, 100, '2022-02-05 13:58:00', 895),
(345, 79, '2022-02-05 13:58:00', 896),
(346, 109.9, '2022-02-05 13:58:00', 897),
(347, 78, '2022-02-05 13:58:00', 898),
(348, 52, '2022-02-05 13:58:00', 899),
(349, 62, '2022-02-05 13:58:00', 900),
(350, 63.7, '2022-02-05 13:58:00', 901),
(351, 89.2, '2022-02-05 13:58:00', 902),
(352, 105.8, '2022-02-05 13:58:00', 903),
(353, 54, '2022-02-05 13:58:00', 904),
(354, 50.3, '2022-02-05 13:58:00', 905),
(355, 94.9, '2022-02-05 13:58:00', 906),
(356, 102.9, '2022-02-05 13:58:00', 907),
(357, 53.1, '2022-02-05 13:58:00', 908),
(358, 97, '2022-02-05 13:58:00', 909),
(359, 69.2, '2022-02-05 13:58:00', 910),
(360, 87.8, '2022-02-05 13:58:00', 911),
(361, 76, '2022-02-05 13:58:00', 912),
(362, 53.9, '2022-02-05 13:58:00', 913),
(363, 54.8, '2022-02-05 13:58:00', 914),
(364, 64.7, '2022-02-05 13:58:00', 915),
(365, 75.7, '2022-02-05 13:58:00', 916),
(366, 82.9, '2022-02-05 13:58:00', 917),
(367, 83.7, '2022-02-05 13:58:00', 918),
(368, 96.3, '2022-02-05 13:58:00', 919),
(369, 63.7, '2022-02-05 13:58:00', 920),
(370, 86, '2022-02-05 13:58:00', 921),
(371, 74.3, '2022-02-05 13:58:00', 922),
(372, 96.2, '2022-02-05 13:58:00', 923),
(373, 81.1, '2022-02-05 13:58:00', 924),
(374, 47.3, '2022-02-05 13:58:00', 925),
(375, 75, '2022-02-05 13:58:00', 926),
(376, 62.1, '2022-02-05 13:58:00', 927),
(377, 56.2, '2022-02-05 13:58:00', 928),
(378, 66, '2022-02-05 13:58:00', 929),
(379, 102.8, '2022-02-05 13:58:00', 930),
(380, 71.9, '2022-02-05 13:58:00', 931),
(381, 63.1, '2022-02-05 13:58:00', 932),
(382, 63.3, '2022-02-05 13:58:00', 933),
(383, 68, '2022-02-05 13:58:00', 934),
(384, 72.9, '2022-02-05 13:58:00', 935),
(385, 94, '2022-02-05 13:58:00', 936),
(386, 84.3, '2022-02-05 13:58:00', 937),
(387, 63.9, '2022-02-05 13:58:00', 938),
(388, 51, '2022-02-05 13:58:00', 939),
(389, 74, '2022-02-05 13:58:00', 940),
(390, 90.7, '2022-02-05 13:58:00', 941),
(391, 71.1, '2022-02-05 13:58:00', 942),
(392, 75, '2022-02-05 13:58:00', 943),
(393, 79.3, '2022-02-05 13:58:00', 944),
(394, 87.3, '2022-02-05 13:58:00', 945),
(395, 80, '2022-02-05 13:58:00', 946),
(396, 70, '2022-02-05 13:58:00', 947),
(397, 83, '2022-02-05 13:58:00', 948),
(398, 60.2, '2022-02-05 13:58:00', 949),
(399, 76, '2022-02-05 13:58:00', 950),
(400, 49.2, '2022-02-05 13:58:00', 951),
(401, 77.1, '2022-02-05 13:58:00', 952),
(402, 60.7, '2022-02-05 13:58:00', 953),
(403, 63.1, '2022-02-05 13:58:00', 954),
(404, 66.3, '2022-02-05 13:58:00', 955),
(405, 48.2, '2022-02-05 13:58:00', 956),
(406, 108.7, '2022-02-05 13:58:00', 957),
(407, 52.7, '2022-02-05 13:58:00', 958),
(408, 66.1, '2022-02-05 13:58:00', 959),
(409, 65.7, '2022-02-05 13:58:00', 960),
(410, 95.3, '2022-02-05 13:58:00', 961),
(411, 106.2, '2022-02-05 13:58:00', 962),
(412, 57.8, '2022-02-05 13:58:00', 963),
(413, 65.9, '2022-02-05 13:58:00', 964),
(414, 81.3, '2022-02-05 13:58:00', 965),
(415, 100.2, '2022-02-05 13:58:00', 966),
(416, 104, '2022-02-05 13:58:00', 967),
(417, 65, '2022-02-05 13:58:00', 968),
(418, 56.9, '2022-02-05 13:58:00', 969),
(419, 83.1, '2022-02-05 13:58:00', 970),
(420, 84.7, '2022-02-05 13:58:00', 971),
(421, 95.2, '2022-02-05 13:58:00', 972),
(422, 75.8, '2022-02-05 13:58:00', 973),
(423, 71.2, '2022-02-05 13:58:00', 974),
(424, 64.9, '2022-02-05 13:58:00', 975),
(425, 103.9, '2022-02-05 13:58:00', 976),
(426, 101.7, '2022-02-05 13:58:00', 977),
(427, 62.3, '2022-02-05 13:58:00', 978),
(428, 66.8, '2022-02-05 13:58:00', 979),
(429, 64.1, '2022-02-05 13:58:00', 980),
(430, 62.3, '2022-02-05 13:58:00', 981),
(431, 76.8, '2022-02-05 13:58:00', 982),
(432, 54.1, '2022-02-05 13:58:00', 983),
(433, 65.8, '2022-02-05 13:58:00', 984),
(434, 87.2, '2022-02-05 13:58:00', 985),
(435, 103, '2022-02-05 13:58:00', 986),
(436, 66, '2022-02-05 13:58:00', 987),
(437, 88, '2022-02-05 13:58:00', 988),
(438, 86.8, '2022-02-05 13:58:00', 989),
(439, 110.8, '2022-02-05 13:58:00', 990),
(440, 77, '2022-02-05 13:58:00', 991),
(441, 100.8, '2022-02-05 13:58:00', 992),
(442, 51, '2022-02-05 13:58:00', 993),
(443, 104, '2022-02-05 13:58:00', 994),
(444, 105.7, '2022-02-05 13:58:00', 995),
(445, 63, '2022-02-05 13:58:00', 996),
(446, 89.7, '2022-02-05 13:58:00', 997),
(447, 60, '2022-02-05 13:58:00', 998),
(448, 95.8, '2022-02-05 13:58:00', 999),
(449, 80.3, '2022-02-05 13:58:00', 1000),
(450, 86.1, '2022-02-05 13:58:00', 1001),
(451, 93.8, '2022-02-05 13:58:00', 1002),
(452, 57, '2022-02-05 13:58:00', 1003),
(453, 86, '2022-02-05 13:58:00', 1004),
(454, 64.1, '2022-02-05 13:58:00', 1005),
(455, 100.3, '2022-02-05 13:58:00', 1006),
(456, 90, '2022-02-05 13:58:00', 1007),
(457, 59.2, '2022-02-05 13:58:00', 1008),
(458, 50.3, '2022-02-05 13:58:00', 1009),
(459, 89, '2022-02-05 13:58:00', 1010),
(460, 68, '2022-02-05 13:58:00', 1011),
(461, 59.3, '2022-02-05 13:58:00', 1012),
(462, 68.8, '2022-02-05 13:58:00', 1013),
(463, 62.2, '2022-02-05 13:58:00', 1014),
(464, 80, '2022-02-05 13:58:00', 1015),
(465, 85.8, '2022-02-05 13:58:00', 1016),
(466, 81.2, '2022-02-05 13:58:00', 1017),
(467, 60.3, '2022-02-05 13:58:00', 1018),
(468, 63.9, '2022-02-05 13:58:00', 1019),
(469, 55.9, '2022-02-05 13:58:00', 1020),
(470, 98.7, '2022-02-05 13:58:00', 1021),
(471, 92.8, '2022-02-05 13:58:00', 1022),
(472, 102.9, '2022-02-05 13:58:00', 1023),
(473, 64.1, '2022-02-05 13:58:00', 1024),
(474, 88, '2022-02-05 13:58:00', 1025),
(475, 61, '2022-02-05 13:58:00', 1026),
(476, 78.1, '2022-02-05 13:58:00', 1027),
(477, 106.1, '2022-02-05 13:58:00', 1028),
(478, 88.7, '2022-02-05 13:58:00', 1029),
(479, 52.8, '2022-02-05 13:58:00', 1030),
(480, 82, '2022-02-05 13:58:00', 1031),
(481, 76.1, '2022-02-05 13:58:00', 1032),
(482, 71, '2022-02-05 13:58:00', 1033),
(483, 92, '2022-02-05 13:58:00', 1034),
(484, 73.3, '2022-02-05 13:58:00', 1035),
(485, 91.8, '2022-02-05 13:58:00', 1036),
(486, 110.9, '2022-02-05 13:58:00', 1037),
(487, 86, '2022-02-05 13:58:00', 1038),
(488, 109.9, '2022-02-05 13:58:00', 1039),
(489, 60.3, '2022-02-05 13:58:00', 1040),
(490, 71, '2022-02-05 13:58:00', 1041),
(491, 83.8, '2022-02-05 13:58:00', 1042),
(492, 90, '2022-02-05 13:58:00', 1043),
(493, 108.9, '2022-02-05 13:58:00', 1044),
(494, 91.2, '2022-02-05 13:58:00', 1045),
(495, 95, '2022-02-05 13:58:00', 1046),
(496, 69, '2022-02-05 13:58:00', 1047),
(497, 65.7, '2022-02-05 13:58:00', 1048),
(498, 76.1, '2022-02-05 13:58:00', 1049),
(499, 102.8, '2022-02-05 13:58:00', 1050),
(500, 108, '2022-02-05 13:58:00', 1051),
(501, 88.1, '2022-02-05 13:58:00', 1052),
(502, 51.2, '2022-02-05 13:58:00', 1053),
(503, 105.3, '2022-02-05 13:58:00', 1054),
(504, 76.3, '2022-02-05 13:58:00', 1055),
(505, 81, '2022-02-05 13:58:00', 1056),
(506, 105.2, '2022-02-05 13:58:00', 1057),
(507, 69.3, '2022-02-05 13:58:00', 1058),
(508, 64.3, '2022-02-05 13:58:00', 1059),
(509, 91.2, '2022-02-05 13:58:00', 1060),
(510, 96.2, '2022-02-05 13:58:00', 1061),
(511, 71.8, '2022-02-05 13:58:00', 1062),
(512, 61.8, '2022-02-05 13:58:00', 1063),
(513, 104.8, '2022-02-05 13:58:00', 1064),
(514, 98, '2022-02-05 13:58:00', 1065),
(515, 51.3, '2022-02-05 13:58:00', 1066),
(516, 64.3, '2022-02-05 13:58:00', 1067),
(517, 112.7, '2022-02-05 13:58:00', 1068),
(518, 54.7, '2022-02-05 13:58:00', 1069),
(519, 53.7, '2022-02-05 13:58:00', 1070),
(520, 65.2, '2022-02-05 13:58:00', 1071),
(521, 90.7, '2022-02-05 13:58:00', 1072),
(522, 96.7, '2022-02-05 13:58:00', 1073),
(523, 96.2, '2022-02-05 13:58:00', 1074),
(524, 98, '2022-02-05 13:58:00', 1075),
(525, 53.1, '2022-02-05 13:58:00', 1076),
(526, 93.2, '2022-02-05 13:58:00', 1077),
(527, 51.1, '2022-02-05 13:58:00', 1078),
(528, 68.8, '2022-02-05 13:58:00', 1079),
(529, 63.7, '2022-02-05 13:58:00', 1080),
(530, 92.7, '2022-02-05 13:58:00', 1081),
(531, 93.7, '2022-02-05 13:58:00', 1082),
(532, 81.9, '2022-02-05 13:58:00', 1083),
(533, 104.8, '2022-02-05 13:58:00', 1084),
(534, 80.8, '2022-02-05 13:58:00', 1085),
(535, 70, '2022-02-05 13:58:00', 1086),
(536, 102, '2022-02-05 13:58:00', 1087),
(537, 93.8, '2022-02-05 13:58:00', 1088),
(538, 74.8, '2022-02-05 13:58:00', 1089),
(539, 82.2, '2022-02-05 13:58:00', 1090),
(540, 84.1, '2022-02-05 13:58:00', 1091),
(541, 61, '2022-02-05 13:58:00', 1092),
(542, 89, '2022-02-05 13:58:00', 1093),
(543, 98.9, '2022-02-05 13:58:00', 1094),
(544, 60.1, '2022-02-05 13:58:00', 1095),
(545, 60, '2022-02-05 13:58:00', 1096),
(546, 68.3, '2022-02-05 13:58:00', 1097),
(547, 81, '2022-02-05 13:58:00', 1098),
(548, 64.1, '2022-02-05 13:58:00', 1099),
(549, 107.2, '2022-02-05 13:58:00', 1100),
(1, 50.4, '2022-02-05 13:59:12', 1102),
(2, 110, '2022-02-05 13:59:12', 1103),
(3, 69.7, '2022-02-05 13:59:12', 1104),
(4, 104, '2022-02-05 13:59:12', 1105),
(5, 88.2, '2022-02-05 13:59:12', 1106),
(6, 79, '2022-02-05 13:59:12', 1107),
(7, 72.5, '2022-02-05 13:59:12', 1108),
(8, 69.8, '2022-02-05 13:59:12', 1109),
(9, 64.3, '2022-02-05 13:59:12', 1110),
(10, 104.5, '2022-02-05 13:59:12', 1111),
(11, 59.3, '2022-02-05 13:59:12', 1112),
(12, 77.7, '2022-02-05 13:59:12', 1113),
(13, 57.6, '2022-02-05 13:59:12', 1114),
(14, 60.1, '2022-02-05 13:59:12', 1115),
(15, 64, '2022-02-05 13:59:12', 1116),
(16, 78.7, '2022-02-05 13:59:12', 1117),
(17, 111.2, '2022-02-05 13:59:12', 1118),
(18, 87.3, '2022-02-21 13:59:12', 1119),
(19, 69.8, '2022-02-05 13:59:12', 1120),
(20, 96.1, '2022-02-05 13:59:12', 1121),
(21, 86.3, '2022-02-05 13:59:12', 1122),
(22, 68, '2022-02-05 13:59:12', 1123),
(23, 104, '2022-02-05 13:59:12', 1124),
(24, 112.5, '2022-02-05 13:59:12', 1125),
(25, 105.5, '2022-02-05 13:59:12', 1126),
(26, 76.4, '2022-02-05 13:59:12', 1127),
(27, 101.3, '2022-02-05 13:59:12', 1128),
(28, 62, '2022-02-05 13:59:12', 1129),
(29, 104.1, '2022-02-05 13:59:12', 1130),
(30, 86.1, '2022-02-05 13:59:12', 1131),
(31, 60.2, '2022-02-05 13:59:12', 1132),
(32, 87.6, '2022-02-05 13:59:12', 1133),
(33, 78.9, '2022-02-05 13:59:12', 1134),
(34, 97.7, '2022-02-05 13:59:12', 1135),
(35, 76.2, '2022-02-05 13:59:12', 1136),
(36, 92.1, '2022-02-05 13:59:12', 1137),
(37, 53.2, '2022-02-05 13:59:12', 1138),
(38, 103.3, '2022-02-05 13:59:12', 1139),
(39, 78.6, '2022-02-05 13:59:12', 1140),
(40, 87.1, '2022-02-05 13:59:12', 1141),
(41, 83, '2022-02-05 13:59:12', 1142),
(42, 55.6, '2022-02-05 13:59:12', 1143),
(43, 100.4, '2022-02-05 13:59:12', 1144),
(44, 90.3, '2022-02-05 13:59:12', 1145),
(45, 72.3, '2022-02-05 13:59:12', 1146),
(46, 77.3, '2022-02-05 13:59:12', 1147),
(47, 95.5, '2022-02-05 13:59:12', 1148),
(48, 87.8, '2022-02-05 13:59:12', 1149),
(49, 100.1, '2022-02-05 13:59:12', 1150),
(50, 109.9, '2022-02-05 13:59:12', 1151),
(51, 50.7, '2022-02-05 13:59:12', 1152),
(52, 101.6, '2022-02-05 13:59:12', 1153),
(53, 67.9, '2022-02-05 13:59:12', 1154),
(54, 51.7, '2022-02-05 13:59:12', 1155),
(55, 105.5, '2022-02-05 13:59:12', 1156),
(56, 73.8, '2022-02-05 13:59:12', 1157),
(57, 60.4, '2022-02-05 13:59:12', 1158),
(58, 59.9, '2022-02-05 13:59:12', 1159),
(59, 53.7, '2022-02-05 13:59:12', 1160),
(60, 53.6, '2022-02-05 13:59:12', 1161),
(61, 99.6, '2022-02-05 13:59:12', 1162),
(62, 71.1, '2022-02-05 13:59:12', 1163),
(63, 111.5, '2022-02-05 13:59:12', 1164),
(64, 75.9, '2022-02-05 13:59:12', 1165),
(65, 59.1, '2022-02-05 13:59:12', 1166),
(66, 64.4, '2022-02-05 13:59:12', 1167),
(67, 81.7, '2022-02-05 13:59:12', 1168),
(68, 89.9, '2022-02-05 13:59:12', 1169),
(69, 81.4, '2022-02-05 13:59:12', 1170),
(70, 88.1, '2022-02-05 13:59:12', 1171),
(71, 97.9, '2022-02-05 13:59:12', 1172),
(72, 65.4, '2022-02-05 13:59:12', 1173),
(73, 91.7, '2022-02-05 13:59:12', 1174),
(74, 50.9, '2022-02-05 13:59:12', 1175),
(75, 83.6, '2022-02-05 13:59:12', 1176),
(76, 92.8, '2022-02-05 13:59:12', 1177),
(77, 94.3, '2022-02-05 13:59:12', 1178),
(78, 54.1, '2022-02-05 13:59:12', 1179),
(79, 54.4, '2022-02-05 13:59:12', 1180),
(80, 70.8, '2022-02-05 13:59:12', 1181),
(81, 85.9, '2022-02-05 13:59:12', 1182),
(82, 81.7, '2022-02-05 13:59:12', 1183),
(83, 74.3, '2022-02-05 13:59:12', 1184),
(84, 94.9, '2022-02-05 13:59:12', 1185),
(85, 74.9, '2022-02-05 13:59:12', 1186),
(86, 92.6, '2022-02-05 13:59:12', 1187),
(87, 99.9, '2022-02-05 13:59:12', 1188),
(88, 90.7, '2022-02-05 13:59:12', 1189),
(89, 101.1, '2022-02-05 13:59:12', 1190),
(90, 85.2, '2022-02-05 13:59:12', 1191),
(91, 86.7, '2022-02-05 13:59:12', 1192),
(92, 89.1, '2022-02-05 13:59:12', 1193),
(93, 62.2, '2022-02-05 13:59:12', 1194),
(94, 76, '2022-02-05 13:59:12', 1195),
(95, 65.4, '2022-02-05 13:59:12', 1196),
(96, 112, '2022-02-05 13:59:12', 1197),
(97, 53.3, '2022-02-05 13:59:12', 1198),
(98, 75.1, '2022-02-05 13:59:12', 1199),
(99, 70, '2022-02-05 13:59:12', 1200),
(100, 80.6, '2022-02-05 13:59:12', 1201),
(101, 74, '2022-02-05 13:59:12', 1202),
(102, 95.1, '2022-02-05 13:59:12', 1203),
(103, 72.3, '2022-02-05 13:59:12', 1204),
(104, 48.4, '2022-02-05 13:59:12', 1205),
(105, 63.5, '2022-02-05 13:59:12', 1206),
(106, 86.6, '2022-02-05 13:59:12', 1207),
(107, 91.1, '2022-02-05 13:59:12', 1208),
(108, 101, '2022-02-05 13:59:12', 1209),
(109, 81.7, '2022-02-05 13:59:12', 1210),
(110, 63.6, '2022-02-05 13:59:12', 1211),
(111, 104.7, '2022-02-05 13:59:12', 1212),
(112, 90.8, '2022-02-05 13:59:12', 1213),
(113, 89.1, '2022-02-05 13:59:12', 1214),
(114, 56.5, '2022-02-05 13:59:12', 1215),
(115, 72.4, '2022-02-05 13:59:12', 1216),
(116, 55.1, '2022-02-05 13:59:12', 1217),
(117, 105.1, '2022-02-05 13:59:12', 1218),
(118, 48.8, '2022-02-05 13:59:12', 1219),
(119, 76.6, '2022-02-05 13:59:12', 1220),
(120, 66.8, '2022-02-05 13:59:12', 1221),
(121, 72.5, '2022-02-05 13:59:12', 1222),
(122, 69.1, '2022-02-05 13:59:12', 1223),
(123, 59.9, '2022-02-05 13:59:12', 1224),
(124, 86.8, '2022-02-05 13:59:12', 1225),
(125, 75.2, '2022-02-05 13:59:12', 1226),
(126, 85.8, '2022-02-05 13:59:12', 1227),
(127, 69.8, '2022-02-05 13:59:12', 1228),
(128, 78.1, '2022-02-05 13:59:12', 1229),
(129, 99.2, '2022-02-05 13:59:12', 1230),
(130, 63.8, '2022-02-05 13:59:12', 1231),
(131, 81.2, '2022-02-05 13:59:12', 1232),
(132, 85.5, '2022-02-05 13:59:12', 1233),
(133, 88, '2022-02-05 13:59:12', 1234),
(134, 62, '2022-02-05 13:59:12', 1235),
(135, 66.9, '2022-02-05 13:59:12', 1236),
(136, 46.4, '2022-02-05 13:59:12', 1237),
(137, 87.5, '2022-02-05 13:59:12', 1238),
(138, 89.7, '2022-02-05 13:59:12', 1239),
(139, 105.7, '2022-02-05 13:59:12', 1240),
(140, 61.2, '2022-02-05 13:59:12', 1241),
(141, 51.3, '2022-02-05 13:59:12', 1242),
(142, 55.1, '2022-02-05 13:59:12', 1243),
(143, 61.8, '2022-02-05 13:59:12', 1244),
(144, 88.5, '2022-02-05 13:59:12', 1245),
(145, 59.5, '2022-02-05 13:59:12', 1246),
(146, 63, '2022-02-05 13:59:12', 1247),
(147, 84.8, '2022-02-05 13:59:12', 1248),
(148, 68.9, '2022-02-05 13:59:12', 1249),
(149, 93.7, '2022-02-05 13:59:12', 1250),
(150, 60, '2022-02-05 13:59:12', 1251),
(151, 53.9, '2022-02-05 13:59:12', 1252),
(152, 64, '2022-02-05 13:59:12', 1253),
(153, 73.1, '2022-02-05 13:59:12', 1254),
(154, 109.5, '2022-02-05 13:59:12', 1255),
(155, 59.2, '2022-02-05 13:59:12', 1256),
(156, 89.9, '2022-02-05 13:59:12', 1257),
(157, 91.2, '2022-02-05 13:59:12', 1258),
(158, 64.9, '2022-02-05 13:59:12', 1259),
(159, 72.5, '2022-02-05 13:59:12', 1260),
(160, 78.6, '2022-02-05 13:59:12', 1261),
(161, 84.6, '2022-02-05 13:59:12', 1262),
(162, 108.2, '2022-02-05 13:59:12', 1263),
(163, 91.1, '2022-02-05 13:59:12', 1264),
(164, 52.3, '2022-02-05 13:59:12', 1265),
(165, 53.6, '2022-02-05 13:59:12', 1266),
(166, 80, '2022-02-05 13:59:12', 1267),
(167, 73.1, '2022-02-05 13:59:12', 1268),
(168, 72.2, '2022-02-05 13:59:12', 1269),
(169, 78.6, '2022-02-05 13:59:12', 1270),
(170, 51.6, '2022-02-05 13:59:12', 1271),
(171, 80.5, '2022-02-05 13:59:12', 1272),
(172, 62.8, '2022-02-05 13:59:12', 1273),
(173, 84.4, '2022-02-05 13:59:12', 1274),
(174, 55.7, '2022-02-05 13:59:12', 1275),
(175, 66, '2022-02-05 13:59:12', 1276),
(176, 90.3, '2022-02-05 13:59:12', 1277),
(177, 100.2, '2022-02-05 13:59:12', 1278),
(178, 51.7, '2022-02-05 13:59:12', 1279),
(179, 60, '2022-02-05 13:59:12', 1280),
(180, 64.6, '2022-02-05 13:59:12', 1281),
(181, 59.6, '2022-02-05 13:59:12', 1282),
(182, 53.9, '2022-02-05 13:59:12', 1283),
(183, 65.7, '2022-02-05 13:59:12', 1284),
(184, 77, '2022-02-05 13:59:12', 1285),
(185, 83.4, '2022-02-05 13:59:12', 1286),
(186, 93.3, '2022-02-05 13:59:12', 1287),
(187, 53.7, '2022-02-05 13:59:12', 1288),
(188, 51.5, '2022-02-05 13:59:12', 1289),
(189, 61.1, '2022-02-05 13:59:12', 1290),
(190, 53.7, '2022-02-05 13:59:12', 1291),
(191, 76.3, '2022-02-05 13:59:12', 1292),
(192, 52.8, '2022-02-05 13:59:12', 1293),
(193, 72.6, '2022-02-05 13:59:12', 1294),
(194, 93.2, '2022-02-05 13:59:12', 1295),
(195, 80.4, '2022-02-05 13:59:12', 1296),
(196, 52.7, '2022-02-05 13:59:12', 1297),
(197, 71.6, '2022-02-05 13:59:12', 1298),
(198, 106.2, '2022-02-05 13:59:12', 1299),
(199, 104.9, '2022-02-05 13:59:12', 1300),
(200, 108.2, '2022-02-05 13:59:12', 1301),
(201, 89.2, '2022-02-05 13:59:12', 1302),
(202, 115.9, '2022-02-05 13:59:12', 1303),
(203, 105.6, '2022-02-05 13:59:12', 1304),
(204, 81.6, '2022-02-05 13:59:12', 1305),
(205, 60.4, '2022-02-05 13:59:12', 1306),
(206, 87.8, '2022-02-05 13:59:12', 1307),
(207, 83.6, '2022-02-05 13:59:12', 1308),
(208, 64.1, '2022-02-05 13:59:12', 1309),
(209, 67, '2022-02-05 13:59:12', 1310),
(210, 75.5, '2022-02-05 13:59:12', 1311),
(211, 82, '2022-02-05 13:59:12', 1312),
(212, 54.3, '2022-02-05 13:59:12', 1313),
(213, 97.4, '2022-02-05 13:59:12', 1314),
(214, 99.3, '2022-02-05 13:59:12', 1315),
(215, 89, '2022-02-05 13:59:12', 1316),
(216, 100, '2022-02-05 13:59:12', 1317);
INSERT INTO `bmi` (`bmi_id`, `weight`, `date`, `id`) VALUES
(217, 71.8, '2022-02-05 13:59:12', 1318),
(218, 46.7, '2022-02-05 13:59:12', 1319),
(219, 73.7, '2022-02-05 13:59:12', 1320),
(220, 82.9, '2022-02-05 13:59:12', 1321),
(221, 83.9, '2022-02-05 13:59:12', 1322),
(222, 90, '2022-02-05 13:59:12', 1323),
(223, 102, '2022-02-05 13:59:12', 1324),
(224, 56.6, '2022-02-05 13:59:12', 1325),
(225, 87.4, '2022-02-05 13:59:12', 1326),
(226, 104.5, '2022-02-05 13:59:12', 1327),
(227, 79.5, '2022-02-05 13:59:12', 1328),
(228, 67.4, '2022-02-05 13:59:12', 1329),
(229, 108.5, '2022-02-05 13:59:12', 1330),
(230, 58.6, '2022-02-05 13:59:12', 1331),
(231, 92.8, '2022-02-05 13:59:12', 1332),
(232, 82.7, '2022-02-05 13:59:12', 1333),
(233, 114.4, '2022-02-05 13:59:12', 1334),
(234, 80.7, '2022-02-05 13:59:12', 1335),
(235, 71, '2022-02-05 13:59:12', 1336),
(236, 89.5, '2022-02-05 13:59:12', 1337),
(237, 81.9, '2022-02-05 13:59:12', 1338),
(238, 99.5, '2022-02-05 13:59:12', 1339),
(239, 113.6, '2022-02-05 13:59:12', 1340),
(240, 89.5, '2022-02-05 13:59:12', 1341),
(241, 86.2, '2022-02-05 13:59:12', 1342),
(242, 63.2, '2022-02-05 13:59:12', 1343),
(243, 107.5, '2022-02-05 13:59:12', 1344),
(244, 67.4, '2022-02-05 13:59:12', 1345),
(245, 75.2, '2022-02-05 13:59:12', 1346),
(246, 104.6, '2022-02-05 13:59:12', 1347),
(247, 68.2, '2022-02-05 13:59:12', 1348),
(248, 107.7, '2022-02-05 13:59:12', 1349),
(249, 74.3, '2022-02-05 13:59:12', 1350),
(250, 60.2, '2022-02-05 13:59:12', 1351),
(251, 112.7, '2022-02-05 13:59:12', 1352),
(252, 58.1, '2022-02-05 13:59:12', 1353),
(253, 100.7, '2022-02-05 13:59:12', 1354),
(254, 91.2, '2022-02-05 13:59:12', 1355),
(255, 103.4, '2022-02-05 13:59:12', 1356),
(256, 107.4, '2022-02-05 13:59:12', 1357),
(257, 104.9, '2022-02-05 13:59:12', 1358),
(258, 79.4, '2022-02-05 13:59:12', 1359),
(259, 78.9, '2022-02-05 13:59:12', 1360),
(260, 101.7, '2022-02-05 13:59:12', 1361),
(261, 100.9, '2022-02-05 13:59:12', 1362),
(262, 70.9, '2022-02-05 13:59:12', 1363),
(263, 89.7, '2022-02-05 13:59:12', 1364),
(264, 76.4, '2022-02-05 13:59:12', 1365),
(265, 46.7, '2022-02-05 13:59:12', 1366),
(266, 52, '2022-02-05 13:59:12', 1367),
(267, 90.2, '2022-02-05 13:59:12', 1368),
(268, 65.9, '2022-02-05 13:59:12', 1369),
(269, 86.2, '2022-02-05 13:59:12', 1370),
(270, 100, '2022-02-05 13:59:12', 1371),
(271, 79.4, '2022-02-05 13:59:12', 1372),
(272, 53.4, '2022-02-05 13:59:12', 1373),
(273, 53.3, '2022-02-05 13:59:12', 1374),
(274, 83.1, '2022-02-05 13:59:12', 1375),
(275, 64.5, '2022-02-05 13:59:12', 1376),
(276, 91.4, '2022-02-05 13:59:12', 1377),
(277, 94.3, '2022-02-05 13:59:12', 1378),
(278, 99.3, '2022-02-05 13:59:12', 1379),
(279, 71.1, '2022-02-05 13:59:12', 1380),
(280, 60.8, '2022-02-05 13:59:12', 1381),
(281, 71.3, '2022-02-05 13:59:12', 1382),
(282, 72.3, '2022-02-05 13:59:12', 1383),
(283, 60.7, '2022-02-05 13:59:12', 1384),
(284, 48.9, '2022-02-05 13:59:12', 1385),
(285, 80.5, '2022-02-05 13:59:12', 1386),
(286, 48.6, '2022-02-05 13:59:12', 1387),
(287, 74.3, '2022-02-05 13:59:12', 1388),
(288, 93.4, '2022-02-05 13:59:12', 1389),
(289, 96.3, '2022-02-05 13:59:12', 1390),
(290, 57.3, '2022-02-05 13:59:12', 1391),
(291, 62.3, '2022-02-05 13:59:12', 1392),
(292, 82.4, '2022-02-05 13:59:12', 1393),
(293, 64.7, '2022-02-05 13:59:12', 1394),
(294, 60.8, '2022-02-05 13:59:12', 1395),
(295, 90.6, '2022-02-05 13:59:12', 1396),
(296, 87.6, '2022-02-05 13:59:12', 1397),
(297, 106.9, '2022-02-05 13:59:12', 1398),
(298, 63.2, '2022-02-05 13:59:12', 1399),
(299, 71.7, '2022-02-05 13:59:12', 1400),
(300, 76.9, '2022-02-05 13:59:12', 1401),
(301, 55.8, '2022-02-05 13:59:12', 1402),
(302, 94, '2022-02-05 13:59:12', 1403),
(303, 85.3, '2022-02-05 13:59:12', 1404),
(304, 86.1, '2022-02-05 13:59:12', 1405),
(305, 85.9, '2022-02-05 13:59:12', 1406),
(306, 86.4, '2022-02-05 13:59:12', 1407),
(307, 106.6, '2022-02-05 13:59:12', 1408),
(308, 85.9, '2022-02-05 13:59:12', 1409),
(309, 81.3, '2022-02-05 13:59:12', 1410),
(310, 53.1, '2022-02-05 13:59:12', 1411),
(311, 51.6, '2022-02-05 13:59:12', 1412),
(312, 79.2, '2022-02-05 13:59:12', 1413),
(313, 83.1, '2022-02-05 13:59:12', 1414),
(314, 80.2, '2022-02-05 13:59:12', 1415),
(315, 100, '2022-02-05 13:59:12', 1416),
(316, 73.4, '2022-02-05 13:59:12', 1417),
(317, 55.9, '2022-02-05 13:59:12', 1418),
(318, 64.8, '2022-02-05 13:59:12', 1419),
(319, 75.3, '2022-02-05 13:59:12', 1420),
(320, 60.1, '2022-02-05 13:59:12', 1421),
(321, 60.5, '2022-02-05 13:59:12', 1422),
(322, 83, '2022-02-05 13:59:12', 1423),
(323, 78.7, '2022-02-05 13:59:12', 1424),
(324, 82.7, '2022-02-05 13:59:12', 1425),
(325, 66.7, '2022-02-05 13:59:12', 1426),
(326, 74.1, '2022-02-05 13:59:12', 1427),
(327, 92.9, '2022-02-05 13:59:12', 1428),
(328, 71.1, '2022-02-05 13:59:12', 1429),
(329, 81.7, '2022-02-05 13:59:12', 1430),
(330, 97.4, '2022-02-05 13:59:12', 1431),
(331, 69.5, '2022-02-05 13:59:12', 1432),
(332, 82.4, '2022-02-05 13:59:12', 1433),
(333, 57.8, '2022-02-05 13:59:12', 1434),
(334, 104.2, '2022-02-05 13:59:12', 1435),
(335, 69.3, '2022-02-05 13:59:12', 1436),
(336, 89.3, '2022-02-05 13:59:12', 1437),
(337, 102.5, '2022-02-05 13:59:12', 1438),
(338, 106.2, '2022-02-05 13:59:12', 1439),
(339, 76.6, '2022-02-05 13:59:12', 1440),
(340, 77.9, '2022-02-05 13:59:12', 1441),
(341, 90.1, '2022-02-05 13:59:12', 1442),
(342, 76, '2022-02-05 13:59:12', 1443),
(343, 88, '2022-02-05 13:59:12', 1444),
(344, 97.3, '2022-02-05 13:59:12', 1445),
(345, 76.4, '2022-02-05 13:59:12', 1446),
(346, 112.3, '2022-02-05 13:59:12', 1447),
(347, 79, '2022-02-05 13:59:12', 1448),
(348, 49.5, '2022-02-05 13:59:12', 1449),
(349, 62.9, '2022-02-05 13:59:12', 1450),
(350, 66.6, '2022-02-05 13:59:12', 1451),
(351, 86.8, '2022-02-05 13:59:12', 1452),
(352, 109.4, '2022-02-05 13:59:12', 1453),
(353, 56.8, '2022-02-05 13:59:12', 1454),
(354, 50.4, '2022-02-05 13:59:12', 1455),
(355, 94.9, '2022-02-05 13:59:12', 1456),
(356, 102.5, '2022-02-05 13:59:12', 1457),
(357, 53.1, '2022-02-05 13:59:12', 1458),
(358, 96.9, '2022-02-05 13:59:12', 1459),
(359, 69.5, '2022-02-05 13:59:12', 1460),
(360, 87.5, '2022-02-05 13:59:12', 1461),
(361, 78.8, '2022-02-05 13:59:12', 1462),
(362, 55.7, '2022-02-05 13:59:12', 1463),
(363, 55.1, '2022-02-05 13:59:12', 1464),
(364, 64.8, '2022-02-05 13:59:12', 1465),
(365, 76.2, '2022-02-05 13:59:12', 1466),
(366, 86.3, '2022-02-05 13:59:12', 1467),
(367, 82.9, '2022-02-05 13:59:12', 1468),
(368, 94.8, '2022-02-05 13:59:12', 1469),
(369, 62.3, '2022-02-05 13:59:12', 1470),
(370, 83.5, '2022-02-05 13:59:12', 1471),
(371, 77.6, '2022-02-05 13:59:12', 1472),
(372, 96.8, '2022-02-05 13:59:12', 1473),
(373, 83.9, '2022-02-05 13:59:12', 1474),
(374, 50.6, '2022-02-05 13:59:12', 1475),
(375, 77.2, '2022-02-05 13:59:12', 1476),
(376, 64.9, '2022-02-05 13:59:12', 1477),
(377, 56, '2022-02-05 13:59:12', 1478),
(378, 68.8, '2022-02-05 13:59:12', 1479),
(379, 103.7, '2022-02-05 13:59:12', 1480),
(380, 72.9, '2022-02-05 13:59:12', 1481),
(381, 61.7, '2022-02-05 13:59:12', 1482),
(382, 64, '2022-02-05 13:59:12', 1483),
(383, 66.6, '2022-02-05 13:59:12', 1484),
(384, 73.6, '2022-02-05 13:59:12', 1485),
(385, 96.8, '2022-02-05 13:59:12', 1486),
(386, 83.2, '2022-02-05 13:59:12', 1487),
(387, 63.1, '2022-02-05 13:59:12', 1488),
(388, 52.4, '2022-02-05 13:59:12', 1489),
(389, 77.4, '2022-02-05 13:59:12', 1490),
(390, 91.2, '2022-02-05 13:59:12', 1491),
(391, 72, '2022-02-05 13:59:12', 1492),
(392, 74.4, '2022-02-05 13:59:12', 1493),
(393, 82.3, '2022-02-05 13:59:12', 1494),
(394, 88.7, '2022-02-05 13:59:12', 1495),
(395, 77.5, '2022-02-05 13:59:12', 1496),
(396, 71.8, '2022-02-05 13:59:12', 1497),
(397, 83.6, '2022-02-05 13:59:12', 1498),
(398, 59.7, '2022-02-05 13:59:12', 1499),
(399, 77.8, '2022-02-05 13:59:12', 1500),
(400, 50.2, '2022-02-05 13:59:12', 1501),
(401, 78.8, '2022-02-05 13:59:12', 1502),
(402, 64.2, '2022-02-05 13:59:12', 1503),
(403, 64.5, '2022-02-05 13:59:12', 1504),
(404, 66.6, '2022-02-05 13:59:12', 1505),
(405, 46.1, '2022-02-05 13:59:12', 1506),
(406, 110.7, '2022-02-05 13:59:12', 1507),
(407, 53.1, '2022-02-05 13:59:12', 1508),
(408, 67, '2022-02-05 13:59:12', 1509),
(409, 68.5, '2022-02-05 13:59:12', 1510),
(410, 97.8, '2022-02-05 13:59:12', 1511),
(411, 109.4, '2022-02-05 13:59:12', 1512),
(412, 56.4, '2022-02-05 13:59:12', 1513),
(413, 66.1, '2022-02-05 13:59:12', 1514),
(414, 78.9, '2022-02-05 13:59:12', 1515),
(415, 103.4, '2022-02-05 13:59:12', 1516),
(416, 104.7, '2022-02-05 13:59:12', 1517),
(417, 65, '2022-02-05 13:59:12', 1518),
(418, 59.4, '2022-02-05 13:59:12', 1519),
(419, 85.7, '2022-02-05 13:59:12', 1520),
(420, 85.6, '2022-02-05 13:59:12', 1521),
(421, 93.2, '2022-02-05 13:59:12', 1522),
(422, 74.4, '2022-02-05 13:59:12', 1523),
(423, 73.6, '2022-02-05 13:59:12', 1524),
(424, 67, '2022-02-05 13:59:12', 1525),
(425, 105.4, '2022-02-05 13:59:12', 1526),
(426, 101.4, '2022-02-05 13:59:12', 1527),
(427, 62.2, '2022-02-05 13:59:12', 1528),
(428, 68.6, '2022-02-05 13:59:12', 1529),
(429, 67.4, '2022-02-05 13:59:12', 1530),
(430, 63, '2022-02-05 13:59:12', 1531),
(431, 74.5, '2022-02-05 13:59:12', 1532),
(432, 57.6, '2022-02-05 13:59:12', 1533),
(433, 64.4, '2022-02-05 13:59:12', 1534),
(434, 87.2, '2022-02-05 13:59:12', 1535),
(435, 100.8, '2022-02-05 13:59:12', 1536),
(436, 64.6, '2022-02-05 13:59:12', 1537),
(437, 89.9, '2022-02-05 13:59:12', 1538),
(438, 87.5, '2022-02-05 13:59:12', 1539),
(439, 113.9, '2022-02-05 13:59:12', 1540),
(440, 74.6, '2022-02-05 13:59:12', 1541),
(441, 99.1, '2022-02-05 13:59:12', 1542),
(442, 49.9, '2022-02-05 13:59:12', 1543),
(443, 103.7, '2022-02-05 13:59:12', 1544),
(444, 105.9, '2022-02-05 13:59:12', 1545),
(445, 63.3, '2022-02-05 13:59:12', 1546),
(446, 89.3, '2022-02-05 13:59:12', 1547),
(447, 62.1, '2022-02-05 13:59:12', 1548),
(448, 94.9, '2022-02-05 13:59:12', 1549),
(449, 82.9, '2022-02-05 13:59:12', 1550),
(450, 84.9, '2022-02-05 13:59:12', 1551),
(451, 94.4, '2022-02-05 13:59:12', 1552),
(452, 57.5, '2022-02-05 13:59:12', 1553),
(453, 87.8, '2022-02-05 13:59:12', 1554),
(454, 64.4, '2022-02-05 13:59:12', 1555),
(455, 102.2, '2022-02-05 13:59:12', 1556),
(456, 89.2, '2022-02-05 13:59:12', 1557),
(457, 62.3, '2022-02-05 13:59:12', 1559),
(1, 53.5, '2022-02-05 13:59:12', 1560),
(458, 52.2, '2022-02-05 13:59:12', 1561),
(2, 110.5, '2022-02-05 13:59:12', 1562),
(459, 88.6, '2022-02-05 13:59:12', 1563),
(3, 70, '2022-02-05 13:59:12', 1564),
(460, 70.2, '2022-02-05 13:59:12', 1565),
(4, 101.7, '2022-02-05 13:59:12', 1566),
(461, 62.4, '2022-02-05 13:59:12', 1567),
(5, 88.3, '2022-02-05 13:59:12', 1568),
(462, 72, '2022-02-05 13:59:12', 1569),
(6, 79.2, '2022-02-05 13:59:12', 1570),
(463, 63.3, '2022-02-05 13:59:12', 1571),
(7, 75.1, '2022-02-05 13:59:12', 1572),
(464, 83.4, '2022-02-05 13:59:12', 1573),
(8, 69.2, '2022-02-05 13:59:12', 1574),
(465, 87.5, '2022-02-05 13:59:12', 1575),
(9, 66.2, '2022-02-05 13:59:12', 1576),
(466, 84.2, '2022-02-05 13:59:12', 1577),
(10, 105.6, '2022-02-05 13:59:12', 1578),
(467, 58.5, '2022-02-05 13:59:12', 1579),
(11, 61.6, '2022-02-05 13:59:12', 1580),
(468, 63.3, '2022-02-05 13:59:12', 1581),
(12, 78.9, '2022-02-05 13:59:12', 1582),
(469, 54.6, '2022-02-05 13:59:12', 1583),
(13, 56.5, '2022-02-05 13:59:12', 1584),
(470, 99.3, '2022-02-05 13:59:12', 1585),
(14, 60.4, '2022-02-05 13:59:12', 1586),
(471, 94.7, '2022-02-05 13:59:12', 1587),
(15, 63.2, '2022-02-05 13:59:12', 1588),
(472, 105.9, '2022-02-05 13:59:12', 1589),
(16, 76.7, '2022-02-05 13:59:12', 1590),
(473, 64.1, '2022-02-05 13:59:12', 1591),
(17, 111.9, '2022-02-05 13:59:12', 1592),
(474, 90.9, '2022-02-05 13:59:12', 1593),
(18, 87.7, '2022-02-22 13:59:12', 1594),
(475, 63.4, '2022-02-05 13:59:12', 1595),
(19, 67.5, '2022-02-05 13:59:12', 1596),
(476, 78.4, '2022-02-05 13:59:12', 1597),
(20, 94.2, '2022-02-05 13:59:12', 1598),
(477, 106.7, '2022-02-05 13:59:12', 1599),
(21, 86.9, '2022-02-05 13:59:12', 1600),
(478, 89.6, '2022-02-05 13:59:12', 1601),
(22, 70.2, '2022-02-05 13:59:12', 1602),
(479, 54.7, '2022-02-05 13:59:12', 1603),
(23, 101.3, '2022-02-05 13:59:12', 1604),
(480, 83.7, '2022-02-05 13:59:12', 1605),
(24, 112.5, '2022-02-05 13:59:12', 1606),
(481, 73.4, '2022-02-05 13:59:12', 1607),
(25, 104.6, '2022-02-05 13:59:12', 1608),
(482, 73.4, '2022-02-05 13:59:12', 1609),
(26, 74.6, '2022-02-05 13:59:12', 1610),
(483, 90.5, '2022-02-05 13:59:12', 1611),
(27, 101.8, '2022-02-05 13:59:13', 1612),
(484, 75.6, '2022-02-05 13:59:13', 1613),
(28, 60, '2022-02-05 13:59:13', 1614),
(485, 89.6, '2022-02-05 13:59:13', 1615),
(29, 102.5, '2022-02-05 13:59:13', 1616),
(486, 114.2, '2022-02-05 13:59:13', 1617),
(30, 88.4, '2022-02-05 13:59:13', 1618),
(487, 84.4, '2022-02-05 13:59:13', 1619),
(31, 58.1, '2022-02-05 13:59:13', 1620),
(488, 111.7, '2022-02-05 13:59:13', 1621),
(32, 91, '2022-02-05 13:59:13', 1622),
(489, 63, '2022-02-05 13:59:13', 1623),
(33, 78.3, '2022-02-05 13:59:13', 1624),
(490, 71.2, '2022-02-05 13:59:13', 1625),
(34, 101.1, '2022-02-05 13:59:13', 1626),
(491, 81.6, '2022-02-05 13:59:13', 1627),
(35, 75.9, '2022-02-05 13:59:13', 1628),
(492, 90.5, '2022-02-05 13:59:13', 1629),
(36, 91.4, '2022-02-05 13:59:13', 1630),
(493, 110.3, '2022-02-05 13:59:13', 1631),
(37, 53.2, '2022-02-05 13:59:13', 1632),
(494, 93, '2022-02-05 13:59:13', 1633),
(38, 106.5, '2022-02-05 13:59:13', 1634),
(495, 96.4, '2022-02-05 13:59:13', 1635),
(39, 79.4, '2022-02-05 13:59:13', 1636),
(496, 67.9, '2022-02-05 13:59:13', 1637),
(40, 85.1, '2022-02-05 13:59:13', 1638),
(497, 64, '2022-02-05 13:59:13', 1639),
(41, 83, '2022-02-05 13:59:13', 1640),
(498, 77.9, '2022-02-05 13:59:13', 1641),
(42, 58.8, '2022-02-05 13:59:13', 1642),
(499, 102.5, '2022-02-05 13:59:13', 1643),
(43, 102.4, '2022-02-05 13:59:13', 1644),
(500, 105.3, '2022-02-05 13:59:13', 1645),
(44, 91.2, '2022-02-05 13:59:13', 1646),
(501, 88.5, '2022-02-05 13:59:13', 1647),
(45, 74.6, '2022-02-05 13:59:13', 1648),
(502, 49.6, '2022-02-05 13:59:13', 1649),
(46, 77.3, '2022-02-05 13:59:13', 1650),
(503, 106.8, '2022-02-05 13:59:13', 1651),
(47, 97.2, '2022-02-05 13:59:13', 1652),
(504, 79.7, '2022-02-05 13:59:13', 1653),
(48, 88, '2022-02-05 13:59:13', 1654),
(505, 83.4, '2022-02-05 13:59:13', 1655),
(49, 99, '2022-02-05 13:59:13', 1656),
(506, 105.8, '2022-02-05 13:59:13', 1657),
(50, 111.4, '2022-02-05 13:59:13', 1658),
(507, 69.4, '2022-02-05 13:59:13', 1659),
(51, 51.3, '2022-02-05 13:59:13', 1660),
(508, 61.9, '2022-02-05 13:59:13', 1661),
(52, 103.4, '2022-02-05 13:59:13', 1662),
(509, 89, '2022-02-05 13:59:13', 1663),
(53, 68.7, '2022-02-05 13:59:13', 1664),
(510, 93.9, '2022-02-05 13:59:13', 1665),
(54, 49.4, '2022-02-05 13:59:13', 1666),
(511, 69.1, '2022-02-05 13:59:13', 1667),
(55, 103.8, '2022-02-05 13:59:13', 1668),
(512, 60.8, '2022-02-05 13:59:13', 1669),
(56, 74.7, '2022-02-05 13:59:13', 1670),
(513, 108, '2022-02-05 13:59:13', 1671),
(57, 61.4, '2022-02-05 13:59:13', 1672),
(514, 101, '2022-02-05 13:59:13', 1673),
(58, 60.2, '2022-02-05 13:59:13', 1674),
(515, 50.2, '2022-02-05 13:59:13', 1675),
(59, 51.1, '2022-02-05 13:59:13', 1676),
(516, 67.5, '2022-02-05 13:59:13', 1677),
(60, 53.4, '2022-02-05 13:59:13', 1678),
(517, 113.4, '2022-02-05 13:59:13', 1679),
(61, 102.5, '2022-02-05 13:59:13', 1680),
(518, 56.3, '2022-02-05 13:59:13', 1681),
(62, 68.9, '2022-02-05 13:59:13', 1682),
(519, 51.2, '2022-02-05 13:59:13', 1683),
(63, 113.5, '2022-02-05 13:59:13', 1684),
(520, 64.6, '2022-02-05 13:59:13', 1685),
(64, 73.2, '2022-02-05 13:59:13', 1686),
(521, 92.5, '2022-02-05 13:59:13', 1687),
(65, 61.6, '2022-02-05 13:59:13', 1688),
(522, 98.5, '2022-02-05 13:59:13', 1689),
(66, 62.3, '2022-02-05 13:59:13', 1690),
(523, 96.1, '2022-02-05 13:59:13', 1691),
(67, 83.5, '2022-02-05 13:59:13', 1692),
(524, 100.7, '2022-02-05 13:59:13', 1693),
(68, 90.3, '2022-02-05 13:59:13', 1694),
(525, 55.7, '2022-02-05 13:59:13', 1695),
(69, 84.8, '2022-02-05 13:59:13', 1696),
(526, 93.2, '2022-02-05 13:59:13', 1697),
(70, 90.7, '2022-02-05 13:59:13', 1698),
(527, 49.9, '2022-02-05 13:59:13', 1699),
(71, 99.5, '2022-02-05 13:59:13', 1700),
(528, 71.4, '2022-02-05 13:59:13', 1701),
(72, 65.3, '2022-02-05 13:59:13', 1702),
(529, 63, '2022-02-05 13:59:13', 1703),
(73, 92.7, '2022-02-05 13:59:13', 1704),
(530, 90.9, '2022-02-05 13:59:13', 1705),
(74, 52, '2022-02-05 13:59:13', 1706),
(531, 92.8, '2022-02-05 13:59:13', 1707),
(75, 82.6, '2022-02-05 13:59:13', 1708),
(532, 84.4, '2022-02-05 13:59:13', 1709),
(76, 93.4, '2022-02-05 13:59:13', 1710),
(533, 103.7, '2022-02-05 13:59:13', 1711),
(77, 96.4, '2022-02-05 13:59:13', 1712),
(534, 81.6, '2022-02-05 13:59:13', 1713),
(78, 55, '2022-02-05 13:59:13', 1714),
(535, 68.5, '2022-02-05 13:59:13', 1715),
(79, 53.5, '2022-02-05 13:59:13', 1716),
(536, 102.1, '2022-02-05 13:59:13', 1717),
(80, 69.6, '2022-02-05 13:59:13', 1718),
(537, 92.6, '2022-02-05 13:59:13', 1719),
(81, 86.8, '2022-02-05 13:59:13', 1720),
(538, 75.9, '2022-02-05 13:59:13', 1721),
(82, 83.5, '2022-02-05 13:59:13', 1722),
(539, 80.5, '2022-02-05 13:59:13', 1723),
(83, 72.5, '2022-02-05 13:59:13', 1724),
(540, 85.8, '2022-02-05 13:59:13', 1725),
(84, 95.4, '2022-02-05 13:59:13', 1726),
(541, 64.3, '2022-02-05 13:59:13', 1727),
(85, 73.1, '2022-02-05 13:59:13', 1728),
(542, 89.3, '2022-02-05 13:59:13', 1729),
(86, 90.5, '2022-02-05 13:59:13', 1730),
(543, 102, '2022-02-05 13:59:13', 1731),
(87, 100, '2022-02-05 13:59:13', 1732),
(544, 60.8, '2022-02-05 13:59:13', 1733),
(88, 91.1, '2022-02-05 13:59:13', 1734),
(545, 58.2, '2022-02-05 13:59:13', 1735),
(89, 101.2, '2022-02-05 13:59:13', 1736),
(546, 65.9, '2022-02-05 13:59:13', 1737),
(90, 87.1, '2022-02-05 13:59:13', 1738),
(547, 81.7, '2022-02-05 13:59:13', 1739),
(91, 85.8, '2022-02-05 13:59:13', 1740),
(548, 65.3, '2022-02-05 13:59:13', 1741),
(92, 90.9, '2022-02-05 13:59:13', 1742),
(549, 110.4, '2022-02-05 13:59:13', 1743),
(93, 64, '2022-02-05 13:59:13', 1744),
(94, 76, '2022-02-05 13:59:13', 1745),
(95, 64.5, '2022-02-05 13:59:13', 1746),
(96, 114.7, '2022-02-05 13:59:13', 1747),
(97, 56.1, '2022-02-05 13:59:13', 1748),
(98, 73.1, '2022-02-05 13:59:13', 1749),
(99, 70, '2022-02-05 13:59:13', 1750),
(100, 80.9, '2022-02-05 13:59:13', 1751),
(101, 77.6, '2022-02-05 13:59:13', 1752),
(102, 95.4, '2022-02-05 13:59:13', 1753),
(103, 72.6, '2022-02-05 13:59:13', 1754),
(104, 49.8, '2022-02-05 13:59:13', 1755),
(105, 64.3, '2022-02-05 13:59:13', 1756),
(106, 89.8, '2022-02-05 13:59:13', 1757),
(107, 90.2, '2022-02-05 13:59:13', 1758),
(108, 100.8, '2022-02-05 13:59:13', 1759),
(109, 80.3, '2022-02-05 13:59:13', 1760),
(110, 64.3, '2022-02-05 13:59:13', 1761),
(111, 105.6, '2022-02-05 13:59:13', 1762),
(112, 89.5, '2022-02-05 13:59:13', 1763),
(113, 88.8, '2022-02-05 13:59:13', 1764),
(114, 59.7, '2022-02-05 13:59:13', 1765),
(115, 74.2, '2022-02-05 13:59:13', 1766),
(116, 54.7, '2022-02-05 13:59:13', 1767),
(117, 103.3, '2022-02-05 13:59:13', 1768),
(118, 49.4, '2022-02-05 13:59:13', 1769),
(119, 77.5, '2022-02-05 13:59:13', 1770),
(120, 64.7, '2022-02-05 13:59:13', 1771),
(121, 70.5, '2022-02-05 13:59:13', 1772),
(122, 67.9, '2022-02-05 13:59:13', 1773),
(123, 62.8, '2022-02-05 13:59:13', 1774),
(124, 85.7, '2022-02-05 13:59:13', 1775),
(125, 73.4, '2022-02-05 13:59:13', 1776),
(126, 86.4, '2022-02-05 13:59:13', 1777),
(127, 68.1, '2022-02-05 13:59:13', 1778),
(128, 77.2, '2022-02-05 13:59:13', 1779),
(129, 97.1, '2022-02-05 13:59:13', 1780),
(130, 61.5, '2022-02-05 13:59:13', 1781),
(131, 82.9, '2022-02-05 13:59:13', 1782),
(132, 87, '2022-02-05 13:59:13', 1783),
(133, 89.2, '2022-02-05 13:59:13', 1784),
(134, 63.8, '2022-02-05 13:59:13', 1785),
(135, 67.8, '2022-02-05 13:59:13', 1786),
(136, 44.8, '2022-02-05 13:59:13', 1787),
(137, 90.2, '2022-02-05 13:59:13', 1788),
(138, 93, '2022-02-05 13:59:13', 1789),
(139, 105.8, '2022-02-05 13:59:13', 1790),
(140, 62.1, '2022-02-05 13:59:13', 1791),
(141, 52.5, '2022-02-05 13:59:13', 1792),
(142, 54, '2022-02-05 13:59:13', 1793),
(143, 63.8, '2022-02-05 13:59:13', 1794),
(144, 86.5, '2022-02-05 13:59:13', 1795),
(145, 60.8, '2022-02-05 13:59:13', 1796),
(146, 63.3, '2022-02-05 13:59:13', 1797),
(147, 87.8, '2022-02-05 13:59:13', 1798),
(148, 67.8, '2022-02-05 13:59:13', 1799),
(149, 92.5, '2022-02-05 13:59:13', 1800),
(150, 58.1, '2022-02-05 13:59:13', 1801),
(151, 55.2, '2022-02-05 13:59:13', 1802),
(152, 66.6, '2022-02-05 13:59:13', 1803),
(153, 72.6, '2022-02-05 13:59:13', 1804),
(154, 109.7, '2022-02-05 13:59:13', 1805),
(155, 62.5, '2022-02-05 13:59:13', 1806),
(156, 90.8, '2022-02-05 13:59:13', 1807),
(157, 91.3, '2022-02-05 13:59:13', 1808),
(158, 66.4, '2022-02-05 13:59:13', 1809),
(159, 74.7, '2022-02-05 13:59:13', 1810),
(160, 78.2, '2022-02-05 13:59:13', 1811),
(161, 82.1, '2022-02-05 13:59:13', 1812),
(162, 106.7, '2022-02-05 13:59:13', 1813),
(163, 94.1, '2022-02-05 13:59:13', 1814),
(164, 53.4, '2022-02-05 13:59:13', 1815),
(165, 53.8, '2022-02-05 13:59:13', 1816),
(166, 81.5, '2022-02-05 13:59:13', 1817),
(167, 75.6, '2022-02-05 13:59:13', 1818),
(168, 73.1, '2022-02-05 13:59:13', 1819),
(169, 80.3, '2022-02-05 13:59:13', 1820),
(170, 53.4, '2022-02-05 13:59:13', 1821),
(171, 78.7, '2022-02-05 13:59:13', 1822),
(172, 60.9, '2022-02-05 13:59:13', 1823),
(173, 85.8, '2022-02-05 13:59:13', 1824),
(174, 56.5, '2022-02-05 13:59:13', 1825),
(175, 67.1, '2022-02-05 13:59:13', 1826),
(176, 90.4, '2022-02-05 13:59:13', 1827),
(177, 98.4, '2022-02-05 13:59:13', 1828),
(178, 54.1, '2022-02-05 13:59:13', 1829),
(179, 62.4, '2022-02-05 13:59:13', 1830),
(180, 65.5, '2022-02-05 13:59:13', 1831),
(181, 57.5, '2022-02-05 13:59:13', 1832),
(182, 55.7, '2022-02-05 13:59:13', 1833),
(183, 64.6, '2022-02-05 13:59:13', 1834),
(184, 77.9, '2022-02-05 13:59:13', 1835),
(185, 86.5, '2022-02-05 13:59:13', 1836),
(186, 90.7, '2022-02-05 13:59:13', 1837),
(187, 51.9, '2022-02-05 13:59:13', 1838),
(188, 50.6, '2022-02-05 13:59:13', 1839),
(189, 59.3, '2022-02-05 13:59:13', 1840),
(190, 51.1, '2022-02-05 13:59:13', 1841),
(191, 77.1, '2022-02-05 13:59:13', 1842),
(192, 55.9, '2022-02-05 13:59:13', 1843),
(193, 71.8, '2022-02-05 13:59:13', 1844),
(194, 94.6, '2022-02-05 13:59:13', 1845),
(195, 80.7, '2022-02-05 13:59:13', 1846),
(196, 53.6, '2022-02-05 13:59:13', 1847),
(197, 72.3, '2022-02-05 13:59:13', 1848),
(198, 104.2, '2022-02-05 13:59:13', 1849),
(199, 104.6, '2022-02-05 13:59:13', 1850),
(200, 107.4, '2022-02-05 13:59:13', 1851),
(201, 89.5, '2022-02-05 13:59:13', 1852),
(202, 115.2, '2022-02-05 13:59:13', 1853),
(203, 106.3, '2022-02-05 13:59:13', 1854),
(204, 84.5, '2022-02-05 13:59:13', 1855),
(205, 59.5, '2022-02-05 13:59:13', 1856),
(206, 90.9, '2022-02-05 13:59:13', 1857),
(207, 84.8, '2022-02-05 13:59:13', 1858),
(208, 61.6, '2022-02-05 13:59:13', 1859),
(209, 69.5, '2022-02-05 13:59:13', 1860),
(210, 75.8, '2022-02-05 13:59:13', 1861),
(211, 82.5, '2022-02-05 13:59:13', 1862),
(212, 52.9, '2022-02-05 13:59:13', 1863),
(213, 99.8, '2022-02-05 13:59:13', 1864),
(214, 100.5, '2022-02-05 13:59:13', 1865),
(215, 89.7, '2022-02-05 13:59:13', 1866),
(216, 100.6, '2022-02-05 13:59:13', 1867),
(217, 70.8, '2022-02-05 13:59:13', 1868),
(218, 46.4, '2022-02-05 13:59:13', 1869),
(219, 75.3, '2022-02-05 13:59:13', 1870),
(220, 84.5, '2022-02-05 13:59:13', 1871),
(221, 86.6, '2022-02-05 13:59:13', 1872),
(222, 88.2, '2022-02-05 13:59:13', 1873),
(223, 99.3, '2022-02-05 13:59:13', 1874),
(224, 57, '2022-02-05 13:59:13', 1875),
(225, 87.6, '2022-02-05 13:59:13', 1876),
(226, 104.9, '2022-02-05 13:59:13', 1877),
(227, 79.5, '2022-02-05 13:59:13', 1878),
(228, 66.5, '2022-02-05 13:59:13', 1879),
(229, 108.7, '2022-02-05 13:59:13', 1880),
(230, 59.4, '2022-02-05 13:59:13', 1881),
(231, 90.7, '2022-02-05 13:59:13', 1882),
(232, 81.3, '2022-02-05 13:59:13', 1883),
(233, 112.4, '2022-02-05 13:59:13', 1884),
(234, 79, '2022-02-05 13:59:13', 1885),
(235, 69.3, '2022-02-05 13:59:13', 1886),
(236, 89.5, '2022-02-05 13:59:13', 1887),
(237, 82, '2022-02-05 13:59:13', 1888),
(238, 97.5, '2022-02-05 13:59:13', 1889),
(239, 115.8, '2022-02-05 13:59:13', 1890),
(240, 87.7, '2022-02-05 13:59:13', 1891),
(241, 86.1, '2022-02-05 13:59:13', 1892),
(242, 66.8, '2022-02-05 13:59:13', 1893),
(243, 106, '2022-02-05 13:59:13', 1894),
(244, 67.5, '2022-02-05 13:59:13', 1895),
(245, 78.3, '2022-02-05 13:59:13', 1896),
(246, 102.8, '2022-02-05 13:59:13', 1897),
(247, 69.3, '2022-02-05 13:59:13', 1898),
(248, 105.6, '2022-02-05 13:59:13', 1899),
(249, 76.3, '2022-02-05 13:59:13', 1900),
(250, 60.4, '2022-02-05 13:59:13', 1901),
(251, 112.3, '2022-02-05 13:59:13', 1902),
(252, 59.3, '2022-02-05 13:59:13', 1903),
(253, 103.3, '2022-02-05 13:59:13', 1904),
(254, 88.7, '2022-02-05 13:59:13', 1905),
(255, 106, '2022-02-05 13:59:13', 1906),
(256, 110.1, '2022-02-05 13:59:13', 1907),
(257, 106.2, '2022-02-05 13:59:13', 1908),
(258, 83, '2022-02-05 13:59:13', 1909),
(259, 77.9, '2022-02-05 13:59:13', 1910),
(260, 104.8, '2022-02-05 13:59:13', 1911),
(261, 104.4, '2022-02-05 13:59:13', 1912),
(262, 70.8, '2022-02-05 13:59:13', 1913),
(263, 93, '2022-02-05 13:59:13', 1914),
(264, 77, '2022-02-05 13:59:13', 1915),
(265, 45.1, '2022-02-05 13:59:13', 1916),
(266, 52, '2022-02-05 13:59:13', 1917),
(267, 89.2, '2022-02-05 13:59:13', 1918),
(268, 66.4, '2022-02-05 13:59:13', 1919),
(269, 88.2, '2022-02-05 13:59:13', 1920),
(270, 100.1, '2022-02-05 13:59:13', 1921),
(271, 78.5, '2022-02-05 13:59:13', 1922),
(272, 51.9, '2022-02-05 13:59:13', 1923),
(273, 53.7, '2022-02-05 13:59:13', 1924),
(274, 84.9, '2022-02-05 13:59:13', 1925),
(275, 65.1, '2022-02-05 13:59:13', 1926),
(276, 90.5, '2022-02-05 13:59:13', 1927),
(277, 91.7, '2022-02-05 13:59:13', 1928),
(278, 96.8, '2022-02-05 13:59:13', 1929),
(279, 68.7, '2022-02-05 13:59:13', 1930),
(280, 59.5, '2022-02-05 13:59:13', 1931),
(281, 71.5, '2022-02-05 13:59:13', 1932),
(282, 71.8, '2022-02-05 13:59:13', 1933),
(283, 62.9, '2022-02-05 13:59:13', 1934),
(284, 50.9, '2022-02-05 13:59:13', 1935),
(285, 80.6, '2022-02-05 13:59:13', 1936),
(286, 47.2, '2022-02-05 13:59:13', 1937),
(287, 75.5, '2022-02-05 13:59:13', 1938),
(288, 92.6, '2022-02-05 13:59:13', 1939),
(289, 95.6, '2022-02-05 13:59:13', 1940),
(290, 59.9, '2022-02-05 13:59:13', 1941),
(291, 60.5, '2022-02-05 13:59:13', 1942),
(292, 83.8, '2022-02-05 13:59:13', 1943),
(293, 68.1, '2022-02-05 13:59:13', 1944),
(294, 61.9, '2022-02-05 13:59:13', 1945),
(295, 91.9, '2022-02-05 13:59:13', 1946),
(296, 91, '2022-02-05 13:59:13', 1947),
(297, 107.4, '2022-02-05 13:59:13', 1948),
(298, 63.2, '2022-02-05 13:59:13', 1949),
(299, 70.1, '2022-02-05 13:59:13', 1950),
(300, 75, '2022-02-05 13:59:13', 1951),
(301, 57.1, '2022-02-05 13:59:13', 1952),
(302, 94.8, '2022-02-05 13:59:13', 1953),
(303, 83.5, '2022-02-05 13:59:13', 1954),
(304, 85.5, '2022-02-05 13:59:13', 1955),
(305, 86.8, '2022-02-05 13:59:13', 1956),
(306, 88.4, '2022-02-05 13:59:13', 1957),
(307, 104.9, '2022-02-05 13:59:13', 1958),
(308, 89, '2022-02-05 13:59:13', 1959),
(309, 81.7, '2022-02-05 13:59:13', 1960),
(310, 52.8, '2022-02-05 13:59:13', 1961),
(311, 51.8, '2022-02-05 13:59:13', 1962),
(312, 79.9, '2022-02-05 13:59:13', 1963),
(313, 82.8, '2022-02-05 13:59:13', 1964),
(314, 81.1, '2022-02-05 13:59:13', 1965),
(315, 100.1, '2022-02-05 13:59:13', 1966),
(316, 76, '2022-02-05 13:59:13', 1967),
(317, 55.9, '2022-02-05 13:59:13', 1968),
(318, 65.8, '2022-02-05 13:59:13', 1969),
(319, 78.8, '2022-02-05 13:59:13', 1970),
(320, 58.7, '2022-02-05 13:59:13', 1971),
(321, 61, '2022-02-05 13:59:13', 1972),
(322, 83.7, '2022-02-05 13:59:13', 1973),
(323, 78.8, '2022-02-05 13:59:13', 1974),
(324, 81.4, '2022-02-05 13:59:13', 1975),
(325, 68.9, '2022-02-05 13:59:13', 1976),
(326, 73.7, '2022-02-05 13:59:13', 1977),
(327, 93.5, '2022-02-05 13:59:13', 1978),
(328, 69.4, '2022-02-05 13:59:13', 1979),
(329, 84, '2022-02-05 13:59:13', 1980),
(330, 97, '2022-02-05 13:59:13', 1981),
(331, 72.4, '2022-02-05 13:59:13', 1982),
(332, 80.2, '2022-02-05 13:59:13', 1983),
(333, 57.1, '2022-02-05 13:59:13', 1984),
(334, 107.1, '2022-02-05 13:59:13', 1985),
(335, 69.5, '2022-02-05 13:59:13', 1986),
(336, 88.8, '2022-02-05 13:59:13', 1987),
(337, 101.6, '2022-02-05 13:59:13', 1988),
(338, 106.7, '2022-02-05 13:59:13', 1989),
(339, 73.9, '2022-02-05 13:59:13', 1990),
(340, 81, '2022-02-05 13:59:13', 1991),
(341, 92.2, '2022-02-05 13:59:13', 1992),
(342, 78.7, '2022-02-05 13:59:13', 1993),
(343, 88.8, '2022-02-05 13:59:13', 1994),
(344, 95.8, '2022-02-05 13:59:13', 1995),
(345, 74.5, '2022-02-05 13:59:13', 1996),
(346, 109.9, '2022-02-05 13:59:13', 1997),
(347, 79, '2022-02-05 13:59:13', 1998),
(348, 50.5, '2022-02-05 13:59:13', 1999),
(349, 63.8, '2022-02-05 13:59:13', 2000),
(350, 67.5, '2022-02-05 13:59:13', 2001),
(351, 87.2, '2022-02-05 13:59:13', 2002),
(352, 109.2, '2022-02-05 13:59:13', 2003),
(353, 57.7, '2022-02-05 13:59:13', 2004),
(354, 48.6, '2022-02-05 13:59:13', 2005),
(355, 96.1, '2022-02-05 13:59:13', 2006),
(356, 104.3, '2022-02-05 13:59:13', 2007),
(357, 55.3, '2022-02-05 13:59:13', 2008),
(358, 94.5, '2022-02-05 13:59:13', 2009),
(359, 68.6, '2022-02-05 13:59:13', 2010),
(360, 91.1, '2022-02-05 13:59:13', 2011),
(361, 77.9, '2022-02-05 13:59:13', 2012),
(362, 56.5, '2022-02-05 13:59:13', 2013),
(363, 53.1, '2022-02-05 13:59:13', 2014),
(364, 64.4, '2022-02-05 13:59:13', 2015),
(365, 74.4, '2022-02-05 13:59:13', 2016),
(366, 84.6, '2022-02-05 13:59:13', 2017),
(367, 85, '2022-02-05 13:59:13', 2018),
(368, 96.5, '2022-02-05 13:59:13', 2019),
(369, 65.4, '2022-02-05 13:59:13', 2020),
(370, 84.4, '2022-02-05 13:59:13', 2021),
(371, 78.4, '2022-02-05 13:59:13', 2022),
(372, 94.3, '2022-02-05 13:59:13', 2023),
(373, 84.2, '2022-02-05 13:59:13', 2024),
(374, 48.3, '2022-02-05 13:59:13', 2025),
(375, 78.2, '2022-02-05 13:59:13', 2026),
(376, 64.5, '2022-02-05 13:59:13', 2027),
(377, 58.4, '2022-02-05 13:59:13', 2028),
(378, 70.9, '2022-02-05 13:59:13', 2029),
(379, 103.7, '2022-02-05 13:59:13', 2030),
(380, 74.7, '2022-02-05 13:59:13', 2031),
(381, 63.5, '2022-02-05 13:59:13', 2032),
(382, 61.3, '2022-02-05 13:59:13', 2033),
(383, 67.7, '2022-02-05 13:59:13', 2034),
(384, 74.1, '2022-02-05 13:59:13', 2035),
(385, 98.2, '2022-02-05 13:59:13', 2036),
(386, 81.9, '2022-02-05 13:59:13', 2037),
(387, 64.9, '2022-02-05 13:59:13', 2038),
(388, 51.9, '2022-02-05 13:59:13', 2039),
(389, 76.9, '2022-02-05 13:59:13', 2040),
(390, 88.8, '2022-02-05 13:59:13', 2041),
(391, 73.1, '2022-02-05 13:59:13', 2042),
(392, 76.5, '2022-02-05 13:59:13', 2043),
(393, 82.5, '2022-02-05 13:59:13', 2044),
(394, 90.2, '2022-02-05 13:59:13', 2045),
(395, 78.2, '2022-02-05 13:59:13', 2046),
(396, 71.4, '2022-02-05 13:59:13', 2047),
(397, 83.6, '2022-02-05 13:59:13', 2048),
(398, 57.1, '2022-02-05 13:59:13', 2049),
(399, 78, '2022-02-05 13:59:13', 2050),
(400, 51.1, '2022-02-05 13:59:13', 2051),
(401, 79, '2022-02-05 13:59:13', 2052),
(402, 62.7, '2022-02-05 13:59:13', 2053),
(403, 63.7, '2022-02-05 13:59:13', 2054),
(404, 69.9, '2022-02-05 13:59:13', 2055),
(405, 49.3, '2022-02-05 13:59:13', 2056),
(406, 108.1, '2022-02-05 13:59:13', 2057),
(407, 54, '2022-02-05 13:59:13', 2058),
(408, 70.3, '2022-02-05 13:59:13', 2059),
(409, 68.7, '2022-02-05 13:59:13', 2060),
(410, 96.9, '2022-02-05 13:59:13', 2061),
(411, 112.8, '2022-02-05 13:59:13', 2062),
(412, 56.4, '2022-02-05 13:59:13', 2063),
(413, 68.6, '2022-02-05 13:59:13', 2064),
(414, 76.9, '2022-02-05 13:59:13', 2065),
(415, 105.4, '2022-02-05 13:59:13', 2066),
(416, 103.4, '2022-02-05 13:59:13', 2067),
(417, 63.4, '2022-02-05 13:59:13', 2068),
(418, 56.9, '2022-02-05 13:59:13', 2069),
(419, 88.3, '2022-02-05 13:59:13', 2070),
(420, 85.1, '2022-02-05 13:59:13', 2071),
(421, 95.2, '2022-02-05 13:59:13', 2072),
(422, 72.6, '2022-02-05 13:59:13', 2073),
(423, 72.3, '2022-02-05 13:59:13', 2074),
(424, 66.9, '2022-02-05 13:59:13', 2075),
(425, 106.6, '2022-02-05 13:59:13', 2076),
(426, 99.8, '2022-02-05 13:59:13', 2077),
(427, 64.9, '2022-02-05 13:59:13', 2078),
(428, 68.9, '2022-02-05 13:59:13', 2079),
(429, 70, '2022-02-05 13:59:13', 2080),
(430, 63, '2022-02-05 13:59:13', 2081),
(431, 74.6, '2022-02-05 13:59:13', 2082),
(432, 59.8, '2022-02-05 13:59:13', 2083),
(433, 63.1, '2022-02-05 13:59:13', 2084),
(434, 88.1, '2022-02-05 13:59:13', 2085),
(435, 98.3, '2022-02-05 13:59:13', 2086),
(436, 65.3, '2022-02-05 13:59:13', 2087),
(437, 92.4, '2022-02-05 13:59:13', 2088),
(438, 85.6, '2022-02-05 13:59:13', 2089),
(439, 113.7, '2022-02-05 13:59:13', 2090),
(440, 74.6, '2022-02-05 13:59:13', 2091),
(441, 97.1, '2022-02-05 13:59:13', 2092),
(442, 50.9, '2022-02-05 13:59:13', 2093),
(443, 101.1, '2022-02-05 13:59:13', 2094),
(444, 106.7, '2022-02-05 13:59:13', 2095),
(445, 61.8, '2022-02-05 13:59:13', 2096),
(446, 87.3, '2022-02-05 13:59:13', 2097),
(447, 59.7, '2022-02-05 13:59:13', 2098),
(448, 96.2, '2022-02-05 13:59:13', 2099),
(449, 84.1, '2022-02-05 13:59:13', 2100),
(450, 83, '2022-02-05 13:59:13', 2101),
(451, 95.8, '2022-02-05 13:59:13', 2103),
(1, 52.9, '2022-02-05 13:59:13', 2104),
(452, 55.9, '2022-02-05 13:59:13', 2105),
(2, 110.6, '2022-02-05 13:59:13', 2106),
(453, 90.8, '2022-02-05 13:59:13', 2107),
(3, 70.2, '2022-02-05 13:59:13', 2108),
(454, 63.5, '2022-02-05 13:59:13', 2109),
(4, 104.1, '2022-02-05 13:59:13', 2110),
(455, 100, '2022-02-05 13:59:13', 2111),
(5, 89.7, '2022-02-05 13:59:13', 2112),
(456, 87.6, '2022-02-05 13:59:13', 2113),
(6, 78.8, '2022-02-05 13:59:13', 2114),
(457, 63.7, '2022-02-05 13:59:13', 2115),
(7, 74.7, '2022-02-05 13:59:13', 2116),
(458, 51.7, '2022-02-05 13:59:13', 2117),
(8, 67.1, '2022-02-05 13:59:13', 2118),
(459, 87.2, '2022-02-05 13:59:13', 2119),
(9, 64.7, '2022-02-05 13:59:13', 2120),
(460, 71.9, '2022-02-05 13:59:13', 2121),
(10, 105.9, '2022-02-05 13:59:13', 2122),
(461, 60.9, '2022-02-05 13:59:13', 2123),
(11, 60, '2022-02-05 13:59:13', 2124),
(462, 71.6, '2022-02-05 13:59:13', 2125),
(12, 76.9, '2022-02-05 13:59:13', 2126),
(463, 61.4, '2022-02-05 13:59:13', 2127),
(13, 58.8, '2022-02-05 13:59:13', 2128),
(464, 85.1, '2022-02-05 13:59:13', 2129),
(14, 59.5, '2022-02-05 13:59:13', 2130),
(465, 88.2, '2022-02-05 13:59:13', 2131),
(15, 63.6, '2022-02-05 13:59:13', 2132),
(466, 83.5, '2022-02-05 13:59:13', 2133),
(16, 80.5, '2022-02-05 13:59:13', 2134),
(467, 57, '2022-02-05 13:59:13', 2135),
(17, 111.2, '2022-02-05 13:59:13', 2136),
(468, 63.7, '2022-02-05 13:59:13', 2137),
(18, 89.1, '2022-02-23 13:59:13', 2138),
(469, 52.3, '2022-02-05 13:59:13', 2139),
(19, 70.7, '2022-02-05 13:59:13', 2140),
(470, 98.6, '2022-02-05 13:59:13', 2141),
(20, 94, '2022-02-05 13:59:13', 2142),
(471, 92.5, '2022-02-05 13:59:13', 2143),
(21, 83.8, '2022-02-05 13:59:13', 2144),
(472, 104, '2022-02-05 13:59:13', 2145),
(22, 69.2, '2022-02-05 13:59:13', 2146),
(473, 67.6, '2022-02-05 13:59:13', 2147),
(23, 103.7, '2022-02-05 13:59:13', 2148),
(474, 93.7, '2022-02-05 13:59:13', 2149),
(24, 113.6, '2022-02-05 13:59:13', 2150),
(475, 61.1, '2022-02-05 13:59:13', 2151),
(25, 103.6, '2022-02-05 13:59:13', 2152),
(476, 80.9, '2022-02-05 13:59:13', 2153),
(26, 75.1, '2022-02-05 13:59:13', 2154),
(477, 107.2, '2022-02-05 13:59:13', 2155),
(27, 101.6, '2022-02-05 13:59:13', 2156),
(478, 91.8, '2022-02-05 13:59:13', 2157),
(28, 59.1, '2022-02-05 13:59:13', 2158),
(479, 57.1, '2022-02-05 13:59:13', 2159),
(29, 105.7, '2022-02-05 13:59:13', 2160),
(480, 81, '2022-02-05 13:59:13', 2161),
(30, 86.6, '2022-02-05 13:59:13', 2162),
(481, 76.9, '2022-02-05 13:59:13', 2163),
(31, 60.7, '2022-02-05 13:59:13', 2164),
(482, 74, '2022-02-05 13:59:13', 2165),
(32, 89.6, '2022-02-05 13:59:13', 2166),
(483, 90.7, '2022-02-05 13:59:13', 2167),
(33, 77.5, '2022-02-05 13:59:13', 2168),
(484, 74.6, '2022-02-05 13:59:13', 2169),
(34, 100.8, '2022-02-05 13:59:13', 2170),
(485, 88.7, '2022-02-05 13:59:13', 2171),
(35, 75.7, '2022-02-05 13:59:13', 2172),
(486, 115, '2022-02-05 13:59:13', 2173),
(36, 91, '2022-02-05 13:59:13', 2174),
(487, 83.8, '2022-02-05 13:59:13', 2175),
(37, 55, '2022-02-05 13:59:13', 2176),
(488, 114.7, '2022-02-05 13:59:13', 2177),
(38, 109.1, '2022-02-05 13:59:13', 2178),
(489, 65, '2022-02-05 13:59:13', 2179),
(39, 82.7, '2022-02-05 13:59:13', 2180),
(490, 73, '2022-02-05 13:59:13', 2181),
(40, 86, '2022-02-05 13:59:13', 2182),
(491, 80.3, '2022-02-05 13:59:13', 2183),
(41, 85.8, '2022-02-05 13:59:13', 2184),
(492, 90.3, '2022-02-05 13:59:13', 2185),
(42, 56.3, '2022-02-05 13:59:13', 2186),
(493, 110.3, '2022-02-05 13:59:13', 2187),
(43, 102.2, '2022-02-05 13:59:13', 2188),
(494, 95.6, '2022-02-05 13:59:13', 2189),
(44, 92.8, '2022-02-05 13:59:13', 2190),
(495, 96.7, '2022-02-05 13:59:13', 2191),
(45, 72.8, '2022-02-05 13:59:13', 2192),
(496, 69.4, '2022-02-05 13:59:13', 2193),
(46, 79.4, '2022-02-05 13:59:13', 2194),
(497, 64.2, '2022-02-05 13:59:13', 2195),
(47, 99.4, '2022-02-05 13:59:13', 2196),
(498, 77, '2022-02-05 13:59:13', 2197),
(48, 90.5, '2022-02-05 13:59:13', 2198),
(499, 102.6, '2022-02-05 13:59:13', 2199),
(49, 99.8, '2022-02-05 13:59:13', 2200),
(500, 105.4, '2022-02-05 13:59:13', 2201),
(50, 114.9, '2022-02-05 13:59:13', 2202),
(501, 88.4, '2022-02-05 13:59:13', 2203),
(51, 53.1, '2022-02-05 13:59:13', 2204),
(502, 49.7, '2022-02-05 13:59:13', 2205),
(52, 103.6, '2022-02-05 13:59:13', 2206),
(503, 109.2, '2022-02-05 13:59:13', 2207),
(53, 69.1, '2022-02-05 13:59:13', 2208),
(504, 82.8, '2022-02-05 13:59:13', 2209),
(54, 47.2, '2022-02-05 13:59:13', 2210),
(505, 81.7, '2022-02-05 13:59:13', 2211),
(55, 104.7, '2022-02-05 13:59:13', 2212),
(506, 106.4, '2022-02-05 13:59:13', 2213),
(56, 73.2, '2022-02-05 13:59:13', 2214),
(507, 70.5, '2022-02-05 13:59:13', 2215),
(57, 61.7, '2022-02-05 13:59:13', 2216),
(508, 62, '2022-02-05 13:59:13', 2217),
(58, 61.6, '2022-02-05 13:59:13', 2218),
(509, 89, '2022-02-05 13:59:13', 2219),
(59, 48.6, '2022-02-05 13:59:13', 2220),
(510, 91.2, '2022-02-05 13:59:13', 2221),
(60, 54, '2022-02-05 13:59:13', 2222),
(511, 67.3, '2022-02-05 13:59:13', 2223),
(61, 101.5, '2022-02-05 13:59:13', 2224),
(512, 64, '2022-02-05 13:59:13', 2225),
(62, 68.1, '2022-02-05 13:59:13', 2226),
(513, 110.5, '2022-02-05 13:59:13', 2227),
(63, 113.4, '2022-02-05 13:59:13', 2228),
(514, 99.5, '2022-02-05 13:59:13', 2229),
(64, 72.7, '2022-02-05 13:59:13', 2230),
(515, 53.4, '2022-02-05 13:59:13', 2231),
(65, 62.8, '2022-02-05 13:59:13', 2232),
(516, 70.8, '2022-02-05 13:59:13', 2233),
(66, 62.5, '2022-02-05 13:59:13', 2234),
(517, 112.2, '2022-02-05 13:59:13', 2235),
(67, 86.9, '2022-02-05 13:59:13', 2236),
(518, 53.9, '2022-02-05 13:59:13', 2237),
(68, 90.4, '2022-02-05 13:59:13', 2238),
(519, 51.8, '2022-02-05 13:59:13', 2239),
(69, 83.6, '2022-02-05 13:59:13', 2240),
(520, 65.5, '2022-02-05 13:59:13', 2241),
(70, 89.5, '2022-02-05 13:59:13', 2242),
(521, 94.1, '2022-02-05 13:59:13', 2243),
(71, 99.2, '2022-02-05 13:59:13', 2244),
(522, 101.2, '2022-02-05 13:59:13', 2245),
(72, 66.8, '2022-02-05 13:59:13', 2246),
(523, 96.2, '2022-02-05 13:59:13', 2247),
(73, 95.4, '2022-02-05 13:59:13', 2248),
(524, 99.2, '2022-02-05 13:59:13', 2249),
(74, 52.6, '2022-02-05 13:59:13', 2250),
(525, 56.1, '2022-02-05 13:59:13', 2251),
(75, 82.6, '2022-02-05 13:59:13', 2252),
(526, 90.8, '2022-02-05 13:59:13', 2253),
(76, 93.2, '2022-02-05 13:59:13', 2254),
(527, 49.2, '2022-02-05 13:59:13', 2255),
(77, 94.8, '2022-02-05 13:59:13', 2256),
(528, 72.3, '2022-02-05 13:59:13', 2257),
(78, 58.3, '2022-02-05 13:59:13', 2258),
(529, 61.2, '2022-02-05 13:59:13', 2259),
(79, 57, '2022-02-05 13:59:13', 2260),
(530, 90.5, '2022-02-05 13:59:13', 2261),
(80, 69.1, '2022-02-05 13:59:13', 2262),
(531, 94.9, '2022-02-05 13:59:13', 2263),
(81, 84.8, '2022-02-05 13:59:13', 2264),
(532, 83.5, '2022-02-05 13:59:13', 2265),
(82, 81.7, '2022-02-05 13:59:13', 2266),
(533, 102.5, '2022-02-05 13:59:13', 2267),
(83, 73.2, '2022-02-05 13:59:13', 2268),
(534, 80.4, '2022-02-05 13:59:13', 2269),
(84, 95.3, '2022-02-05 13:59:13', 2270),
(535, 67.7, '2022-02-05 13:59:13', 2271),
(85, 71.2, '2022-02-05 13:59:13', 2272),
(536, 103.6, '2022-02-05 13:59:13', 2273),
(86, 90.7, '2022-02-05 13:59:13', 2274),
(537, 90.6, '2022-02-05 13:59:13', 2275),
(87, 100.2, '2022-02-05 13:59:13', 2276),
(538, 73.4, '2022-02-05 13:59:13', 2277),
(88, 91, '2022-02-05 13:59:13', 2278),
(539, 78.6, '2022-02-05 13:59:13', 2279),
(89, 100.3, '2022-02-05 13:59:13', 2280),
(540, 89, '2022-02-05 13:59:13', 2281),
(90, 87.9, '2022-02-05 13:59:13', 2282),
(541, 64.3, '2022-02-05 13:59:13', 2283),
(91, 88.6, '2022-02-05 13:59:13', 2284),
(542, 90.5, '2022-02-05 13:59:13', 2285),
(92, 90.5, '2022-02-05 13:59:13', 2286),
(543, 101.6, '2022-02-05 13:59:13', 2287),
(93, 67.2, '2022-02-05 13:59:13', 2288),
(544, 59.2, '2022-02-05 13:59:13', 2289),
(94, 75, '2022-02-05 13:59:13', 2290),
(545, 59.1, '2022-02-05 13:59:13', 2291),
(95, 63.4, '2022-02-05 13:59:13', 2292),
(546, 66.6, '2022-02-05 13:59:13', 2293),
(96, 113.5, '2022-02-05 13:59:13', 2294),
(547, 82.2, '2022-02-05 13:59:13', 2295),
(97, 55.1, '2022-02-05 13:59:13', 2296),
(548, 66.4, '2022-02-05 13:59:13', 2297),
(98, 73.1, '2022-02-05 13:59:13', 2298),
(549, 110.5, '2022-02-05 13:59:13', 2299),
(99, 71.4, '2022-02-05 13:59:13', 2300),
(100, 79.5, '2022-02-05 13:59:13', 2301),
(101, 78.1, '2022-02-05 13:59:13', 2302),
(102, 95.8, '2022-02-05 13:59:13', 2303),
(103, 76, '2022-02-05 13:59:13', 2304),
(104, 52.3, '2022-02-05 13:59:13', 2305),
(105, 65.4, '2022-02-05 13:59:13', 2306),
(106, 90.6, '2022-02-05 13:59:13', 2307),
(107, 90.5, '2022-02-05 13:59:13', 2308),
(108, 99, '2022-02-05 13:59:13', 2309),
(109, 82.1, '2022-02-05 13:59:13', 2310),
(110, 65.3, '2022-02-05 13:59:13', 2311),
(111, 106.7, '2022-02-05 13:59:13', 2312),
(112, 89.5, '2022-02-05 13:59:13', 2313),
(113, 91.4, '2022-02-05 13:59:13', 2314),
(114, 60.3, '2022-02-05 13:59:13', 2315),
(115, 75.9, '2022-02-05 13:59:13', 2316),
(116, 54.7, '2022-02-05 13:59:13', 2317),
(117, 106.7, '2022-02-05 13:59:13', 2318),
(118, 51.4, '2022-02-05 13:59:13', 2319),
(119, 75.7, '2022-02-05 13:59:13', 2320),
(120, 66.5, '2022-02-05 13:59:13', 2321),
(121, 72.3, '2022-02-05 13:59:13', 2322),
(122, 67.5, '2022-02-05 13:59:13', 2323),
(123, 62.6, '2022-02-05 13:59:13', 2324),
(124, 86.6, '2022-02-05 13:59:13', 2325),
(125, 72.3, '2022-02-05 13:59:13', 2326),
(126, 83.9, '2022-02-05 13:59:13', 2327),
(127, 69.9, '2022-02-05 13:59:13', 2328),
(128, 78.1, '2022-02-05 13:59:13', 2329),
(129, 97.1, '2022-02-05 13:59:13', 2330),
(130, 62.5, '2022-02-05 13:59:13', 2331),
(131, 80.9, '2022-02-05 13:59:13', 2332),
(132, 85.7, '2022-02-05 13:59:13', 2333),
(133, 86.9, '2022-02-05 13:59:13', 2334),
(134, 62.7, '2022-02-05 13:59:13', 2335),
(135, 68.3, '2022-02-05 13:59:13', 2336),
(136, 47.5, '2022-02-05 13:59:13', 2337),
(137, 90.4, '2022-02-05 13:59:13', 2338),
(138, 92.8, '2022-02-05 13:59:13', 2339),
(139, 108.6, '2022-02-05 13:59:13', 2340),
(140, 63.9, '2022-02-05 13:59:13', 2341),
(141, 52.9, '2022-02-05 13:59:13', 2342),
(142, 54, '2022-02-05 13:59:13', 2343),
(143, 63.2, '2022-02-05 13:59:13', 2344),
(144, 89.2, '2022-02-05 13:59:13', 2345),
(145, 61.2, '2022-02-05 13:59:13', 2346),
(146, 60.7, '2022-02-05 13:59:13', 2347),
(147, 90, '2022-02-05 13:59:13', 2348),
(148, 67.9, '2022-02-05 13:59:13', 2349),
(149, 95.6, '2022-02-05 13:59:13', 2350),
(150, 59.8, '2022-02-05 13:59:13', 2351),
(151, 55.5, '2022-02-05 13:59:13', 2352),
(152, 64.4, '2022-02-05 13:59:13', 2353),
(153, 72.7, '2022-02-05 13:59:13', 2354),
(154, 113.1, '2022-02-05 13:59:13', 2355),
(155, 65.6, '2022-02-05 13:59:13', 2356),
(156, 90.8, '2022-02-05 13:59:13', 2357),
(157, 94, '2022-02-05 13:59:13', 2358),
(158, 64.9, '2022-02-05 13:59:13', 2359),
(159, 76.4, '2022-02-05 13:59:13', 2360),
(160, 77.9, '2022-02-05 13:59:13', 2361),
(161, 80.3, '2022-02-05 13:59:13', 2362),
(162, 104, '2022-02-05 13:59:13', 2363),
(163, 96.1, '2022-02-05 13:59:13', 2364),
(164, 50.9, '2022-02-05 13:59:13', 2365),
(165, 57.1, '2022-02-05 13:59:13', 2366),
(166, 85.1, '2022-02-05 13:59:13', 2367),
(167, 77.7, '2022-02-05 13:59:13', 2368),
(168, 71.4, '2022-02-05 13:59:13', 2369),
(169, 79.7, '2022-02-05 13:59:13', 2370),
(170, 55.4, '2022-02-05 13:59:13', 2371),
(171, 77.5, '2022-02-05 13:59:13', 2372),
(172, 62.8, '2022-02-05 13:59:13', 2373),
(173, 83.5, '2022-02-05 13:59:13', 2374),
(174, 57.5, '2022-02-05 13:59:13', 2375),
(175, 66.6, '2022-02-05 13:59:13', 2376),
(176, 91.4, '2022-02-05 13:59:13', 2377),
(177, 98.6, '2022-02-05 13:59:13', 2378),
(178, 52.3, '2022-02-05 13:59:13', 2379),
(179, 64.3, '2022-02-05 13:59:13', 2380),
(180, 65.2, '2022-02-05 13:59:13', 2381),
(181, 57.5, '2022-02-05 13:59:13', 2382),
(182, 55.8, '2022-02-05 13:59:13', 2383),
(183, 67.7, '2022-02-05 13:59:13', 2384),
(184, 76.3, '2022-02-05 13:59:13', 2385),
(185, 85.2, '2022-02-05 13:59:13', 2386),
(186, 91.2, '2022-02-05 13:59:13', 2387),
(187, 51.7, '2022-02-05 13:59:13', 2388),
(188, 50.6, '2022-02-05 13:59:13', 2389),
(189, 58, '2022-02-05 13:59:13', 2390),
(190, 48.5, '2022-02-05 13:59:13', 2391),
(191, 75.3, '2022-02-05 13:59:13', 2392),
(192, 57.1, '2022-02-05 13:59:13', 2393),
(193, 70.5, '2022-02-05 13:59:13', 2394),
(194, 94, '2022-02-05 13:59:13', 2395),
(195, 83.1, '2022-02-05 13:59:13', 2396),
(196, 52.6, '2022-02-05 13:59:13', 2397),
(197, 73.6, '2022-02-05 13:59:13', 2398),
(198, 106.5, '2022-02-05 13:59:13', 2399),
(199, 108.2, '2022-02-05 13:59:13', 2400),
(200, 105.8, '2022-02-05 13:59:13', 2401),
(201, 91.7, '2022-02-05 13:59:13', 2402),
(202, 116.1, '2022-02-05 13:59:13', 2403),
(203, 103.9, '2022-02-05 13:59:13', 2404),
(204, 81.8, '2022-02-05 13:59:13', 2405),
(205, 60.9, '2022-02-05 13:59:13', 2406),
(206, 88.6, '2022-02-05 13:59:13', 2407),
(207, 85, '2022-02-05 13:59:13', 2408),
(208, 62.4, '2022-02-05 13:59:13', 2409),
(209, 72.2, '2022-02-05 13:59:13', 2410),
(210, 75.6, '2022-02-05 13:59:13', 2411),
(211, 84.4, '2022-02-05 13:59:13', 2412),
(212, 53.3, '2022-02-05 13:59:13', 2413),
(213, 102.2, '2022-02-05 13:59:13', 2414),
(214, 101.4, '2022-02-05 13:59:13', 2415),
(215, 92.3, '2022-02-05 13:59:13', 2416),
(216, 101.2, '2022-02-05 13:59:13', 2417),
(217, 74.1, '2022-02-05 13:59:13', 2418),
(218, 46.4, '2022-02-05 13:59:13', 2419),
(219, 73.4, '2022-02-05 13:59:13', 2420),
(220, 84.5, '2022-02-05 13:59:13', 2421),
(221, 89.5, '2022-02-05 13:59:13', 2422),
(222, 86.8, '2022-02-05 13:59:13', 2423),
(223, 101.5, '2022-02-05 13:59:13', 2424),
(224, 54.7, '2022-02-05 13:59:13', 2425),
(225, 86.9, '2022-02-05 13:59:13', 2426),
(226, 103.1, '2022-02-05 13:59:13', 2427),
(227, 79.5, '2022-02-05 13:59:13', 2428),
(228, 69.5, '2022-02-05 13:59:13', 2429),
(229, 106.8, '2022-02-05 13:59:13', 2430),
(230, 60.3, '2022-02-05 13:59:13', 2431),
(231, 92, '2022-02-05 13:59:13', 2432),
(232, 82.1, '2022-02-05 13:59:13', 2433),
(233, 113.8, '2022-02-05 13:59:13', 2434),
(234, 78.9, '2022-02-05 13:59:13', 2435),
(235, 70.5, '2022-02-05 13:59:13', 2436),
(236, 87.6, '2022-02-05 13:59:13', 2437),
(237, 81.3, '2022-02-05 13:59:13', 2438),
(238, 97.1, '2022-02-05 13:59:13', 2439),
(239, 115.8, '2022-02-05 13:59:13', 2440),
(240, 85.9, '2022-02-05 13:59:13', 2441),
(241, 89.4, '2022-02-05 13:59:13', 2442),
(242, 67.3, '2022-02-05 13:59:13', 2443),
(243, 106.7, '2022-02-05 13:59:13', 2444),
(244, 65.6, '2022-02-05 13:59:13', 2445),
(245, 81.9, '2022-02-05 13:59:13', 2446),
(246, 105.5, '2022-02-05 13:59:13', 2447),
(247, 71.7, '2022-02-05 13:59:13', 2448),
(248, 106.1, '2022-02-05 13:59:13', 2449),
(249, 78.1, '2022-02-05 13:59:13', 2450),
(250, 62.1, '2022-02-05 13:59:13', 2451),
(251, 109.6, '2022-02-05 13:59:13', 2452),
(252, 56.7, '2022-02-05 13:59:13', 2453),
(253, 101.4, '2022-02-05 13:59:13', 2454),
(254, 89, '2022-02-05 13:59:13', 2455),
(255, 107, '2022-02-05 13:59:13', 2456),
(256, 110.7, '2022-02-05 13:59:13', 2457),
(257, 104.7, '2022-02-05 13:59:13', 2458),
(258, 83.7, '2022-02-05 13:59:13', 2459),
(259, 79.9, '2022-02-05 13:59:13', 2460),
(260, 104.8, '2022-02-05 13:59:13', 2461),
(261, 105.7, '2022-02-05 13:59:13', 2462),
(262, 73.6, '2022-02-05 13:59:13', 2463),
(263, 95.1, '2022-02-05 13:59:13', 2464),
(264, 78.2, '2022-02-05 13:59:13', 2465),
(265, 44.9, '2022-02-05 13:59:13', 2466),
(266, 52.9, '2022-02-05 13:59:13', 2467),
(267, 88.7, '2022-02-05 13:59:13', 2468),
(268, 69.7, '2022-02-05 13:59:13', 2469),
(269, 90.6, '2022-02-05 13:59:13', 2470),
(270, 100.4, '2022-02-05 13:59:13', 2471),
(271, 79.3, '2022-02-05 13:59:13', 2472),
(272, 49.7, '2022-02-05 13:59:13', 2473),
(273, 53.5, '2022-02-05 13:59:13', 2474),
(274, 83, '2022-02-05 13:59:13', 2475),
(275, 64, '2022-02-05 13:59:13', 2476),
(276, 90.5, '2022-02-05 13:59:13', 2477),
(277, 91.8, '2022-02-05 13:59:13', 2478),
(278, 96.2, '2022-02-05 13:59:13', 2479),
(279, 67, '2022-02-05 13:59:13', 2480),
(280, 57.1, '2022-02-05 13:59:13', 2481),
(281, 70.3, '2022-02-05 13:59:13', 2482),
(282, 71.4, '2022-02-05 13:59:13', 2483),
(283, 62.3, '2022-02-05 13:59:13', 2484),
(284, 51.7, '2022-02-05 13:59:13', 2485),
(285, 77.9, '2022-02-05 13:59:13', 2486),
(286, 49.3, '2022-02-05 13:59:13', 2487),
(287, 73.5, '2022-02-05 13:59:13', 2488),
(288, 93.2, '2022-02-05 13:59:13', 2489),
(289, 94.9, '2022-02-05 13:59:13', 2490),
(290, 60.5, '2022-02-05 13:59:13', 2491),
(291, 61.7, '2022-02-05 13:59:13', 2492),
(292, 82.9, '2022-02-05 13:59:13', 2493),
(293, 66.2, '2022-02-05 13:59:13', 2494),
(294, 60.9, '2022-02-05 13:59:13', 2495),
(295, 94.7, '2022-02-05 13:59:13', 2496),
(296, 92.5, '2022-02-05 13:59:13', 2497),
(297, 108, '2022-02-05 13:59:13', 2498),
(298, 60.9, '2022-02-05 13:59:13', 2499),
(299, 68.7, '2022-02-05 13:59:13', 2500),
(300, 75.4, '2022-02-05 13:59:13', 2501),
(301, 55.2, '2022-02-05 13:59:13', 2502),
(302, 95.3, '2022-02-05 13:59:13', 2503),
(303, 81, '2022-02-05 13:59:13', 2504),
(304, 88.8, '2022-02-05 13:59:13', 2505),
(305, 87.7, '2022-02-05 13:59:13', 2506),
(306, 86.6, '2022-02-05 13:59:13', 2507),
(307, 103.1, '2022-02-05 13:59:13', 2508),
(308, 87.2, '2022-02-05 13:59:13', 2509),
(309, 84.2, '2022-02-05 13:59:13', 2510),
(310, 55.5, '2022-02-05 13:59:13', 2511),
(311, 53.5, '2022-02-05 13:59:13', 2512),
(312, 78.2, '2022-02-05 13:59:13', 2513),
(313, 83.6, '2022-02-05 13:59:13', 2514),
(314, 82.5, '2022-02-05 13:59:13', 2515),
(315, 97.5, '2022-02-05 13:59:13', 2516),
(316, 77, '2022-02-05 13:59:13', 2517),
(317, 56.4, '2022-02-05 13:59:13', 2518),
(318, 66.2, '2022-02-05 13:59:13', 2519),
(319, 80.9, '2022-02-05 13:59:13', 2520),
(320, 61.9, '2022-02-05 13:59:13', 2521),
(321, 62, '2022-02-05 13:59:13', 2522),
(322, 86.4, '2022-02-05 13:59:13', 2523),
(323, 80.6, '2022-02-05 13:59:13', 2524),
(324, 84.1, '2022-02-05 13:59:13', 2525),
(325, 66.2, '2022-02-05 13:59:13', 2526),
(326, 75.3, '2022-02-05 13:59:13', 2527),
(327, 93.9, '2022-02-05 13:59:13', 2528),
(328, 73, '2022-02-05 13:59:13', 2529),
(329, 85.8, '2022-02-05 13:59:13', 2530),
(330, 99.3, '2022-02-05 13:59:13', 2531),
(331, 72.4, '2022-02-05 13:59:13', 2532),
(332, 78.9, '2022-02-05 13:59:13', 2533),
(333, 58.5, '2022-02-05 13:59:13', 2534),
(334, 106.9, '2022-02-05 13:59:13', 2535),
(335, 69.3, '2022-02-05 13:59:13', 2536),
(336, 87.1, '2022-02-05 13:59:13', 2537),
(337, 101.1, '2022-02-05 13:59:13', 2538),
(338, 107.1, '2022-02-05 13:59:13', 2539),
(339, 74.3, '2022-02-05 13:59:13', 2540),
(340, 84.2, '2022-02-05 13:59:13', 2541),
(341, 94.9, '2022-02-05 13:59:13', 2542),
(342, 80.8, '2022-02-05 13:59:13', 2543),
(343, 90.1, '2022-02-05 13:59:13', 2544),
(344, 96.7, '2022-02-05 13:59:13', 2545),
(345, 71.8, '2022-02-05 13:59:13', 2546),
(346, 113.3, '2022-02-05 13:59:13', 2547),
(347, 77.4, '2022-02-05 13:59:14', 2548),
(348, 51, '2022-02-05 13:59:14', 2549),
(349, 66.1, '2022-02-05 13:59:14', 2550),
(350, 68.2, '2022-02-05 13:59:14', 2551),
(351, 90.6, '2022-02-05 13:59:14', 2552),
(352, 108, '2022-02-05 13:59:14', 2553),
(353, 59.4, '2022-02-05 13:59:14', 2554),
(354, 48.8, '2022-02-05 13:59:14', 2555),
(355, 98.6, '2022-02-05 13:59:14', 2556),
(356, 102.9, '2022-02-05 13:59:14', 2557),
(357, 55.8, '2022-02-05 13:59:14', 2558),
(358, 94.7, '2022-02-05 13:59:14', 2559),
(359, 70, '2022-02-05 13:59:14', 2560),
(360, 88.4, '2022-02-05 13:59:14', 2561),
(361, 80.6, '2022-02-05 13:59:14', 2562),
(362, 54.2, '2022-02-05 13:59:14', 2563),
(363, 51.4, '2022-02-05 13:59:14', 2564),
(364, 64.5, '2022-02-05 13:59:14', 2565),
(365, 75.3, '2022-02-05 13:59:14', 2566),
(366, 82.7, '2022-02-05 13:59:14', 2567),
(367, 85.6, '2022-02-05 13:59:14', 2568),
(368, 99.1, '2022-02-05 13:59:14', 2569),
(369, 68, '2022-02-05 13:59:14', 2570),
(370, 83.8, '2022-02-05 13:59:14', 2571),
(371, 80.2, '2022-02-05 13:59:14', 2572),
(372, 93.8, '2022-02-05 13:59:14', 2573);
INSERT INTO `bmi` (`bmi_id`, `weight`, `date`, `id`) VALUES
(373, 82.5, '2022-02-05 13:59:14', 2574),
(374, 50.2, '2022-02-05 13:59:14', 2575),
(375, 78.2, '2022-02-05 13:59:14', 2576),
(376, 65.3, '2022-02-05 13:59:14', 2577),
(377, 59.5, '2022-02-05 13:59:14', 2578),
(378, 71.5, '2022-02-05 13:59:14', 2579),
(379, 102.3, '2022-02-05 13:59:14', 2580),
(380, 75.6, '2022-02-05 13:59:14', 2581),
(381, 61.6, '2022-02-05 13:59:14', 2582),
(382, 59.4, '2022-02-05 13:59:14', 2583),
(383, 71.1, '2022-02-05 13:59:14', 2584),
(384, 74.3, '2022-02-05 13:59:14', 2585),
(385, 97, '2022-02-05 13:59:14', 2586),
(386, 83.7, '2022-02-05 13:59:14', 2587),
(387, 62.8, '2022-02-05 13:59:14', 2588),
(388, 52.4, '2022-02-05 13:59:14', 2589),
(389, 79.1, '2022-02-05 13:59:14', 2590),
(390, 92.2, '2022-02-05 13:59:14', 2591),
(391, 70.7, '2022-02-05 13:59:14', 2592),
(392, 78.3, '2022-02-05 13:59:14', 2593),
(393, 83.3, '2022-02-05 13:59:14', 2594),
(394, 87.7, '2022-02-05 13:59:14', 2595),
(395, 81.2, '2022-02-05 13:59:14', 2596),
(396, 73.3, '2022-02-05 13:59:14', 2597),
(397, 85.6, '2022-02-05 13:59:14', 2598),
(398, 57.1, '2022-02-05 13:59:14', 2599),
(399, 81.2, '2022-02-05 13:59:14', 2600),
(400, 51.5, '2022-02-05 13:59:14', 2601),
(401, 76.5, '2022-02-05 13:59:14', 2602),
(402, 63.3, '2022-02-05 13:59:14', 2603),
(403, 65.4, '2022-02-05 13:59:14', 2604),
(404, 69.5, '2022-02-05 13:59:14', 2605),
(405, 48.4, '2022-02-05 13:59:14', 2606),
(406, 109.2, '2022-02-05 13:59:14', 2607),
(407, 56.2, '2022-02-05 13:59:14', 2608),
(408, 73.2, '2022-02-05 13:59:14', 2609),
(409, 71.4, '2022-02-05 13:59:14', 2610),
(410, 99.7, '2022-02-05 13:59:14', 2611),
(411, 112, '2022-02-05 13:59:14', 2612),
(412, 59.6, '2022-02-05 13:59:14', 2613),
(413, 66.8, '2022-02-05 13:59:14', 2614),
(414, 75.7, '2022-02-05 13:59:14', 2615),
(415, 108.2, '2022-02-05 13:59:14', 2616),
(416, 104.1, '2022-02-05 13:59:14', 2617),
(417, 63, '2022-02-05 13:59:14', 2618),
(418, 56.4, '2022-02-05 13:59:14', 2619),
(419, 87.3, '2022-02-05 13:59:14', 2620),
(420, 85.2, '2022-02-05 13:59:14', 2621),
(421, 93.8, '2022-02-05 13:59:14', 2622),
(422, 71.2, '2022-02-05 13:59:14', 2623),
(423, 73, '2022-02-05 13:59:14', 2624),
(424, 70.5, '2022-02-05 13:59:14', 2625),
(425, 104.7, '2022-02-05 13:59:14', 2626),
(426, 100.7, '2022-02-05 13:59:14', 2627),
(427, 66.5, '2022-02-05 13:59:14', 2628),
(428, 69, '2022-02-05 13:59:14', 2629),
(429, 70.7, '2022-02-05 13:59:14', 2630),
(430, 61.9, '2022-02-05 13:59:14', 2631),
(431, 75, '2022-02-05 13:59:14', 2632),
(432, 58.9, '2022-02-05 13:59:14', 2633),
(433, 63.4, '2022-02-05 13:59:14', 2634),
(434, 88.3, '2022-02-05 13:59:14', 2635),
(435, 98.9, '2022-02-05 13:59:14', 2636),
(436, 67.8, '2022-02-05 13:59:14', 2637),
(437, 91, '2022-02-05 13:59:14', 2638),
(438, 84.9, '2022-02-05 13:59:14', 2639),
(439, 115.1, '2022-02-05 13:59:14', 2640),
(440, 75.7, '2022-02-05 13:59:14', 2641),
(441, 97.5, '2022-02-05 13:59:14', 2642),
(442, 54.5, '2022-02-05 13:59:14', 2643),
(443, 104.3, '2022-02-05 13:59:14', 2644),
(444, 104.6, '2022-02-05 13:59:14', 2645),
(445, 64.5, '2022-02-05 13:59:14', 2646),
(446, 88, '2022-02-05 13:59:14', 2647),
(447, 62.8, '2022-02-05 13:59:14', 2648),
(448, 99.7, '2022-02-05 13:59:14', 2649),
(449, 86.6, '2022-02-05 13:59:14', 2650),
(450, 81.9, '2022-02-05 13:59:14', 2651),
(451, 95.8, '2022-02-05 13:59:14', 2652),
(452, 56.4, '2022-02-05 13:59:14', 2653),
(453, 92.6, '2022-02-05 13:59:14', 2654),
(454, 62.8, '2022-02-05 13:59:14', 2655),
(455, 101.7, '2022-02-05 13:59:14', 2656),
(456, 88.9, '2022-02-05 13:59:14', 2657),
(457, 65.4, '2022-02-05 13:59:14', 2658),
(458, 53, '2022-02-05 13:59:14', 2659),
(459, 88.7, '2022-02-05 13:59:14', 2660),
(460, 72.4, '2022-02-05 13:59:14', 2661),
(461, 64.2, '2022-02-05 13:59:14', 2662),
(462, 72.5, '2022-02-05 13:59:14', 2663),
(463, 62.5, '2022-02-05 13:59:14', 2664),
(464, 88.6, '2022-02-05 13:59:14', 2665),
(465, 88.2, '2022-02-05 13:59:14', 2666),
(466, 85.8, '2022-02-05 13:59:14', 2667),
(467, 60.3, '2022-02-05 13:59:14', 2668),
(468, 64.4, '2022-02-05 13:59:14', 2669),
(469, 54.7, '2022-02-05 13:59:14', 2670),
(470, 99.2, '2022-02-05 13:59:14', 2671),
(471, 95.8, '2022-02-05 13:59:14', 2672),
(472, 103.4, '2022-02-05 13:59:14', 2673),
(999, 68.3, '2022-02-05 13:59:14', 2674),
(473, 68.5, '2022-02-05 13:59:14', 2675),
(1, 53.8, '2022-02-05 13:59:14', 2676),
(474, 94.1, '2022-02-05 13:59:14', 2677),
(2, 112.6, '2022-02-05 13:59:14', 2678),
(475, 61.4, '2022-02-05 13:59:14', 2679),
(3, 68.4, '2022-02-05 13:59:14', 2680),
(476, 84.4, '2022-02-05 13:59:14', 2681),
(4, 105.6, '2022-02-05 13:59:14', 2682),
(477, 108.9, '2022-02-05 13:59:14', 2683),
(5, 88.4, '2022-02-05 13:59:14', 2684),
(478, 91.9, '2022-02-05 13:59:14', 2685),
(6, 76.5, '2022-02-05 13:59:14', 2686),
(479, 57.1, '2022-02-05 13:59:14', 2687),
(7, 76.5, '2022-02-05 13:59:14', 2688),
(480, 79.1, '2022-02-05 13:59:14', 2689),
(8, 69.7, '2022-02-05 13:59:14', 2690),
(481, 77.1, '2022-02-05 13:59:14', 2691),
(9, 62.6, '2022-02-05 13:59:14', 2692),
(482, 77.1, '2022-02-05 13:59:14', 2693),
(10, 106.9, '2022-02-05 13:59:14', 2694),
(483, 89.4, '2022-02-05 13:59:14', 2695),
(11, 58.2, '2022-02-05 13:59:14', 2696),
(484, 73.5, '2022-02-05 13:59:14', 2697),
(12, 75.3, '2022-02-05 13:59:14', 2698),
(485, 87.3, '2022-02-05 13:59:14', 2699),
(13, 59.1, '2022-02-05 13:59:14', 2700),
(486, 111.5, '2022-02-05 13:59:14', 2701),
(14, 58.2, '2022-02-05 13:59:14', 2702),
(487, 84, '2022-02-05 13:59:14', 2703),
(15, 63.8, '2022-02-05 13:59:14', 2704),
(488, 112.6, '2022-02-05 13:59:14', 2705),
(16, 83, '2022-02-05 13:59:14', 2706),
(489, 63.8, '2022-02-05 13:59:14', 2707),
(17, 109.8, '2022-02-05 13:59:14', 2708),
(490, 71.3, '2022-02-05 13:59:14', 2709),
(18, 90.9, '2022-02-27 13:59:14', 2710),
(491, 81, '2022-02-05 13:59:14', 2711),
(19, 74, '2022-02-05 13:59:14', 2712),
(492, 91.5, '2022-02-05 13:59:14', 2713),
(20, 94.5, '2022-02-05 13:59:14', 2714),
(493, 113.4, '2022-02-05 13:59:14', 2715),
(21, 81.7, '2022-02-05 13:59:14', 2716),
(494, 91.2, '2022-02-05 13:59:14', 2717),
(22, 69.7, '2022-02-05 13:59:14', 2718),
(495, 96.9, '2022-02-05 13:59:14', 2719),
(23, 103.9, '2022-02-05 13:59:14', 2720),
(496, 70.4, '2022-02-05 13:59:14', 2721),
(24, 114.8, '2022-02-05 13:59:14', 2722),
(497, 64, '2022-02-05 13:59:14', 2723),
(25, 101.8, '2022-02-05 13:59:14', 2724),
(498, 79.7, '2022-02-05 13:59:14', 2725),
(26, 75.3, '2022-02-05 13:59:14', 2726),
(499, 103.1, '2022-02-05 13:59:14', 2727),
(27, 102.1, '2022-02-05 13:59:14', 2728),
(500, 108.9, '2022-02-05 13:59:14', 2729),
(28, 59.4, '2022-02-05 13:59:14', 2730),
(501, 88.1, '2022-02-05 13:59:14', 2731),
(29, 107.1, '2022-02-05 13:59:14', 2732),
(502, 50.5, '2022-02-05 13:59:14', 2733),
(30, 86.9, '2022-02-05 13:59:14', 2734),
(503, 109.9, '2022-02-05 13:59:14', 2735),
(31, 63.2, '2022-02-05 13:59:14', 2736),
(504, 80.9, '2022-02-05 13:59:14', 2737),
(32, 87.2, '2022-02-05 13:59:14', 2738),
(505, 85.4, '2022-02-05 13:59:14', 2739),
(33, 75, '2022-02-05 13:59:14', 2740),
(506, 104.6, '2022-02-05 13:59:14', 2741),
(34, 101.7, '2022-02-05 13:59:14', 2742),
(507, 69.8, '2022-02-05 13:59:14', 2743),
(35, 74.6, '2022-02-05 13:59:14', 2744),
(508, 64.6, '2022-02-05 13:59:14', 2745),
(36, 91.9, '2022-02-05 13:59:14', 2746),
(509, 89.8, '2022-02-05 13:59:14', 2747),
(37, 57.9, '2022-02-05 13:59:14', 2748),
(510, 91.4, '2022-02-05 13:59:14', 2749),
(38, 108.2, '2022-02-05 13:59:14', 2750),
(511, 69.2, '2022-02-05 13:59:14', 2751),
(39, 83.1, '2022-02-05 13:59:14', 2752),
(512, 59.9, '2022-02-05 13:59:14', 2753),
(40, 86, '2022-02-05 13:59:14', 2754),
(513, 108.3, '2022-02-05 13:59:14', 2755),
(41, 85.7, '2022-02-05 13:59:14', 2756),
(514, 100.6, '2022-02-05 13:59:14', 2757),
(42, 57, '2022-02-05 13:59:14', 2758),
(515, 49.1, '2022-02-05 13:59:14', 2759),
(43, 99.8, '2022-02-05 13:59:14', 2760),
(516, 68.4, '2022-02-05 13:59:14', 2761),
(44, 91.7, '2022-02-05 13:59:14', 2762),
(517, 113.9, '2022-02-05 13:59:14', 2763),
(45, 76, '2022-02-05 13:59:14', 2764),
(518, 57, '2022-02-05 13:59:14', 2765),
(46, 77, '2022-02-05 13:59:14', 2766),
(519, 53.3, '2022-02-05 13:59:14', 2767),
(47, 97.9, '2022-02-05 13:59:14', 2768),
(520, 63, '2022-02-05 13:59:14', 2769),
(48, 87.8, '2022-02-05 13:59:14', 2770),
(521, 93.4, '2022-02-05 13:59:14', 2771),
(49, 100.4, '2022-02-05 13:59:14', 2772),
(522, 96.7, '2022-02-05 13:59:14', 2773),
(50, 113.7, '2022-02-05 13:59:14', 2774),
(523, 93.9, '2022-02-05 13:59:14', 2775),
(51, 50.4, '2022-02-05 13:59:14', 2776),
(524, 102.2, '2022-02-05 13:59:14', 2777),
(52, 101.5, '2022-02-05 13:59:14', 2778),
(525, 56.3, '2022-02-05 13:59:14', 2779),
(53, 72.7, '2022-02-05 13:59:14', 2780),
(526, 95.2, '2022-02-05 13:59:14', 2781),
(54, 46.6, '2022-02-05 13:59:14', 2782),
(527, 49, '2022-02-05 13:59:14', 2783),
(55, 102, '2022-02-05 13:59:14', 2784),
(528, 74.6, '2022-02-05 13:59:14', 2785),
(56, 71.8, '2022-02-05 13:59:14', 2786),
(529, 63.5, '2022-02-05 13:59:14', 2787),
(57, 61.9, '2022-02-05 13:59:14', 2788),
(530, 94.5, '2022-02-05 13:59:14', 2789),
(58, 63, '2022-02-05 13:59:14', 2790),
(531, 95.3, '2022-02-05 13:59:14', 2791),
(59, 48.7, '2022-02-05 13:59:14', 2792),
(532, 84.8, '2022-02-05 13:59:14', 2793),
(60, 54.2, '2022-02-05 13:59:14', 2794),
(533, 105.7, '2022-02-05 13:59:14', 2795),
(61, 101, '2022-02-05 13:59:14', 2796),
(534, 83.5, '2022-02-05 13:59:14', 2797),
(62, 65.7, '2022-02-05 13:59:14', 2798),
(535, 71.9, '2022-02-05 13:59:14', 2799),
(63, 111.6, '2022-02-05 13:59:14', 2800),
(536, 99.7, '2022-02-05 13:59:14', 2801),
(64, 73.9, '2022-02-05 13:59:14', 2802),
(537, 91.7, '2022-02-05 13:59:14', 2803),
(65, 60.4, '2022-02-05 13:59:14', 2804),
(538, 74.9, '2022-02-05 13:59:14', 2805),
(66, 63.9, '2022-02-05 13:59:14', 2806),
(539, 80, '2022-02-05 13:59:14', 2807),
(67, 88.1, '2022-02-05 13:59:14', 2808),
(540, 86.7, '2022-02-05 13:59:14', 2809),
(68, 90.7, '2022-02-05 13:59:14', 2810),
(541, 64.6, '2022-02-05 13:59:14', 2811),
(69, 87.2, '2022-02-05 13:59:14', 2812),
(542, 87, '2022-02-05 13:59:14', 2813),
(70, 91.8, '2022-02-05 13:59:14', 2814),
(543, 102.3, '2022-02-05 13:59:14', 2815),
(71, 98.1, '2022-02-05 13:59:14', 2816),
(544, 62.4, '2022-02-05 13:59:14', 2817),
(72, 65.9, '2022-02-05 13:59:14', 2818),
(545, 57.5, '2022-02-05 13:59:14', 2819),
(73, 98, '2022-02-05 13:59:14', 2820),
(546, 67.1, '2022-02-05 13:59:14', 2821),
(74, 50.4, '2022-02-05 13:59:14', 2822),
(547, 83.4, '2022-02-05 13:59:14', 2823),
(75, 82, '2022-02-05 13:59:14', 2824),
(548, 68.9, '2022-02-05 13:59:14', 2825),
(76, 93.6, '2022-02-05 13:59:14', 2826),
(549, 111.8, '2022-02-05 13:59:14', 2827),
(77, 96.4, '2022-02-05 13:59:14', 2828),
(78, 57.8, '2022-02-05 13:59:14', 2829),
(79, 58.4, '2022-02-05 13:59:14', 2830),
(80, 70.9, '2022-02-05 13:59:14', 2831),
(81, 82.9, '2022-02-05 13:59:14', 2832),
(82, 79.1, '2022-02-05 13:59:14', 2833),
(83, 75.2, '2022-02-05 13:59:14', 2834),
(84, 97.2, '2022-02-05 13:59:14', 2835),
(85, 69.2, '2022-02-05 13:59:14', 2836),
(86, 91.4, '2022-02-05 13:59:14', 2837),
(87, 102.2, '2022-02-05 13:59:14', 2838),
(88, 88.8, '2022-02-05 13:59:14', 2839),
(89, 100.7, '2022-02-05 13:59:14', 2840),
(90, 90.6, '2022-02-05 13:59:14', 2841),
(91, 89.5, '2022-02-05 13:59:14', 2842),
(92, 89.9, '2022-02-05 13:59:14', 2843),
(93, 67.4, '2022-02-05 13:59:14', 2844),
(94, 77.9, '2022-02-05 13:59:14', 2845),
(95, 65.2, '2022-02-05 13:59:14', 2846),
(96, 116.7, '2022-02-05 13:59:14', 2847),
(97, 56.9, '2022-02-05 13:59:14', 2848),
(98, 72.6, '2022-02-05 13:59:14', 2849),
(99, 70.7, '2022-02-05 13:59:14', 2850),
(100, 81.8, '2022-02-05 13:59:14', 2851),
(101, 75.7, '2022-02-05 13:59:14', 2852),
(102, 94.9, '2022-02-05 13:59:14', 2853),
(103, 74.9, '2022-02-05 13:59:14', 2854),
(104, 52, '2022-02-05 13:59:14', 2855),
(105, 65.8, '2022-02-05 13:59:14', 2856),
(106, 93.1, '2022-02-05 13:59:14', 2857),
(107, 92.8, '2022-02-05 13:59:14', 2858),
(108, 97.9, '2022-02-05 13:59:14', 2859),
(109, 79.7, '2022-02-05 13:59:14', 2860),
(110, 65, '2022-02-05 13:59:14', 2861),
(111, 107.2, '2022-02-05 13:59:14', 2862),
(112, 91.3, '2022-02-05 13:59:14', 2863),
(113, 89.4, '2022-02-05 13:59:14', 2864),
(114, 60.7, '2022-02-05 13:59:14', 2865),
(115, 74.2, '2022-02-05 13:59:14', 2866),
(116, 56.4, '2022-02-05 13:59:14', 2867),
(117, 107.1, '2022-02-05 13:59:14', 2868),
(118, 54.5, '2022-02-05 13:59:14', 2869),
(119, 79.3, '2022-02-05 13:59:14', 2870),
(120, 66.7, '2022-02-05 13:59:14', 2871),
(121, 72.3, '2022-02-05 13:59:14', 2872),
(122, 68.5, '2022-02-05 13:59:14', 2873),
(123, 63.7, '2022-02-05 13:59:14', 2874),
(124, 88.4, '2022-02-05 13:59:14', 2875),
(125, 69.6, '2022-02-05 13:59:14', 2876),
(126, 87.1, '2022-02-05 13:59:14', 2877),
(127, 72.6, '2022-02-05 13:59:14', 2878),
(128, 79.9, '2022-02-05 13:59:14', 2879),
(129, 99.3, '2022-02-05 13:59:14', 2880),
(130, 60.1, '2022-02-05 13:59:14', 2881),
(131, 81, '2022-02-05 13:59:14', 2882),
(132, 84.9, '2022-02-05 13:59:14', 2883),
(133, 84.9, '2022-02-05 13:59:14', 2884),
(134, 66, '2022-02-05 13:59:14', 2885),
(135, 66.9, '2022-02-05 13:59:14', 2886),
(136, 47.6, '2022-02-05 13:59:14', 2887),
(137, 92.5, '2022-02-05 13:59:14', 2888),
(138, 95.5, '2022-02-05 13:59:14', 2889),
(139, 108.3, '2022-02-05 13:59:14', 2890),
(140, 64.5, '2022-02-05 13:59:14', 2891),
(141, 50.8, '2022-02-05 13:59:14', 2892),
(142, 51.7, '2022-02-05 13:59:14', 2893),
(143, 61.6, '2022-02-05 13:59:14', 2894),
(144, 90.7, '2022-02-05 13:59:14', 2895),
(145, 59.2, '2022-02-05 13:59:14', 2896),
(146, 60.3, '2022-02-05 13:59:14', 2897),
(147, 90.8, '2022-02-05 13:59:14', 2898),
(148, 69.3, '2022-02-05 13:59:14', 2899),
(149, 95.2, '2022-02-05 13:59:14', 2900),
(150, 58, '2022-02-05 13:59:14', 2901),
(151, 53.2, '2022-02-05 13:59:14', 2902),
(152, 62.4, '2022-02-05 13:59:14', 2903),
(153, 70, '2022-02-05 13:59:14', 2904),
(154, 114.1, '2022-02-05 13:59:14', 2905),
(155, 65.5, '2022-02-05 13:59:14', 2906),
(156, 92.5, '2022-02-05 13:59:14', 2907),
(157, 93.2, '2022-02-05 13:59:14', 2908),
(158, 66.9, '2022-02-05 13:59:14', 2909),
(159, 73.7, '2022-02-05 13:59:14', 2910),
(160, 79, '2022-02-05 13:59:14', 2911),
(161, 81.8, '2022-02-05 13:59:14', 2912),
(162, 105.8, '2022-02-05 13:59:14', 2913),
(163, 98.8, '2022-02-05 13:59:14', 2914),
(164, 52.7, '2022-02-05 13:59:14', 2915),
(165, 54.5, '2022-02-05 13:59:14', 2916),
(166, 88.6, '2022-02-05 13:59:14', 2917),
(167, 76.1, '2022-02-05 13:59:14', 2918),
(168, 70.5, '2022-02-05 13:59:14', 2919),
(169, 82.4, '2022-02-05 13:59:14', 2920),
(170, 59, '2022-02-05 13:59:14', 2921),
(171, 79.4, '2022-02-05 13:59:14', 2922),
(172, 60.2, '2022-02-05 13:59:14', 2923),
(173, 82.7, '2022-02-05 13:59:14', 2924),
(174, 55, '2022-02-05 13:59:14', 2925),
(175, 65.7, '2022-02-05 13:59:14', 2926),
(176, 89, '2022-02-05 13:59:14', 2927),
(177, 99.5, '2022-02-05 13:59:14', 2928),
(178, 50.2, '2022-02-05 13:59:14', 2929),
(179, 62.3, '2022-02-05 13:59:14', 2930),
(180, 68.3, '2022-02-05 13:59:14', 2931),
(181, 59.4, '2022-02-05 13:59:14', 2932),
(182, 56.2, '2022-02-05 13:59:14', 2933),
(183, 68.2, '2022-02-05 13:59:14', 2934),
(184, 75.4, '2022-02-05 13:59:14', 2935),
(185, 83.8, '2022-02-05 13:59:14', 2936),
(186, 93.4, '2022-02-05 13:59:14', 2937),
(187, 50.3, '2022-02-05 13:59:14', 2938),
(188, 49.6, '2022-02-05 13:59:14', 2939),
(189, 55.6, '2022-02-05 13:59:14', 2940),
(190, 46.7, '2022-02-05 13:59:14', 2941),
(191, 74.7, '2022-02-05 13:59:14', 2942),
(192, 55.3, '2022-02-05 13:59:14', 2943),
(193, 70.5, '2022-02-05 13:59:14', 2944),
(194, 97.3, '2022-02-05 13:59:14', 2945),
(195, 82, '2022-02-05 13:59:14', 2946),
(196, 51.8, '2022-02-05 13:59:14', 2947),
(197, 71.2, '2022-02-05 13:59:14', 2948),
(198, 107.3, '2022-02-05 13:59:14', 2949),
(199, 110, '2022-02-05 13:59:14', 2950),
(200, 106.2, '2022-02-05 13:59:14', 2951),
(201, 94.4, '2022-02-05 13:59:14', 2952),
(202, 114.7, '2022-02-05 13:59:14', 2953),
(203, 101.5, '2022-02-05 13:59:14', 2954),
(204, 83.3, '2022-02-05 13:59:14', 2955),
(205, 58.7, '2022-02-05 13:59:14', 2956),
(206, 88.6, '2022-02-05 13:59:14', 2957),
(207, 87.6, '2022-02-05 13:59:14', 2958),
(208, 63.2, '2022-02-05 13:59:14', 2959),
(209, 75.5, '2022-02-05 13:59:14', 2960),
(210, 76.3, '2022-02-05 13:59:14', 2961),
(211, 82.6, '2022-02-05 13:59:14', 2962),
(212, 56.8, '2022-02-05 13:59:14', 2963),
(213, 105.6, '2022-02-05 13:59:14', 2964),
(214, 102.7, '2022-02-05 13:59:14', 2965),
(215, 94.5, '2022-02-05 13:59:14', 2966),
(216, 99.6, '2022-02-05 13:59:14', 2967),
(217, 71.8, '2022-02-05 13:59:14', 2968),
(218, 44.2, '2022-02-05 13:59:14', 2969),
(219, 76.7, '2022-02-05 13:59:14', 2970),
(220, 85.1, '2022-02-05 13:59:14', 2971),
(221, 89.7, '2022-02-05 13:59:14', 2972),
(222, 84.3, '2022-02-05 13:59:14', 2973),
(223, 103.6, '2022-02-05 13:59:14', 2974),
(224, 53.2, '2022-02-05 13:59:14', 2975),
(225, 85.1, '2022-02-05 13:59:14', 2976),
(226, 104.2, '2022-02-05 13:59:14', 2977),
(227, 81.8, '2022-02-05 13:59:14', 2978),
(228, 70, '2022-02-05 13:59:14', 2979),
(229, 104.2, '2022-02-05 13:59:14', 2980),
(230, 59.5, '2022-02-05 13:59:14', 2981),
(231, 93.5, '2022-02-05 13:59:14', 2982),
(232, 83, '2022-02-05 13:59:14', 2983),
(233, 111.7, '2022-02-05 13:59:14', 2984),
(234, 76.8, '2022-02-05 13:59:14', 2985),
(235, 68.4, '2022-02-05 13:59:14', 2986),
(236, 88.8, '2022-02-05 13:59:14', 2987),
(237, 81.7, '2022-02-05 13:59:14', 2988),
(238, 95.2, '2022-02-05 13:59:14', 2989),
(239, 115.8, '2022-02-05 13:59:14', 2990),
(240, 85.6, '2022-02-05 13:59:14', 2991),
(241, 87.4, '2022-02-05 13:59:14', 2992),
(242, 66.2, '2022-02-05 13:59:14', 2993),
(243, 105.3, '2022-02-05 13:59:14', 2994),
(244, 64.3, '2022-02-05 13:59:14', 2995),
(245, 84.2, '2022-02-05 13:59:14', 2996),
(246, 105.9, '2022-02-05 13:59:14', 2997),
(247, 74.5, '2022-02-05 13:59:14', 2998),
(248, 104.5, '2022-02-05 13:59:14', 2999),
(249, 80.4, '2022-02-05 13:59:14', 3000),
(250, 62.2, '2022-02-05 13:59:14', 3001),
(251, 111.8, '2022-02-05 13:59:14', 3002),
(252, 55.2, '2022-02-05 13:59:14', 3003),
(253, 104.4, '2022-02-05 13:59:14', 3004),
(254, 87, '2022-02-05 13:59:14', 3005),
(255, 104.6, '2022-02-05 13:59:14', 3006),
(256, 110.4, '2022-02-05 13:59:14', 3007),
(257, 105.3, '2022-02-05 13:59:14', 3008),
(258, 81.2, '2022-02-05 13:59:14', 3009),
(259, 79.9, '2022-02-05 13:59:14', 3010),
(260, 103.9, '2022-02-05 13:59:14', 3011),
(261, 107.9, '2022-02-05 13:59:14', 3012),
(262, 75.6, '2022-02-05 13:59:14', 3013),
(263, 97.2, '2022-02-05 13:59:14', 3014),
(264, 77.8, '2022-02-05 13:59:14', 3015),
(265, 43.5, '2022-02-05 13:59:14', 3016),
(266, 53, '2022-02-05 13:59:14', 3017),
(267, 89, '2022-02-05 13:59:14', 3018),
(268, 70.1, '2022-02-05 13:59:14', 3019),
(269, 91.6, '2022-02-05 13:59:14', 3020),
(270, 98.5, '2022-02-05 13:59:14', 3021),
(271, 82.5, '2022-02-05 13:59:14', 3022),
(272, 50.1, '2022-02-05 13:59:14', 3023),
(273, 52, '2022-02-05 13:59:14', 3024),
(274, 83, '2022-02-05 13:59:14', 3025),
(275, 64.9, '2022-02-05 13:59:14', 3026),
(276, 91.3, '2022-02-05 13:59:14', 3027),
(277, 93.1, '2022-02-05 13:59:14', 3028),
(278, 94.4, '2022-02-05 13:59:14', 3029),
(279, 64.4, '2022-02-05 13:59:14', 3030),
(280, 56.2, '2022-02-05 13:59:14', 3031),
(281, 68.2, '2022-02-05 13:59:14', 3032),
(282, 71.4, '2022-02-05 13:59:14', 3033),
(283, 62.2, '2022-02-05 13:59:14', 3034),
(284, 52.2, '2022-02-05 13:59:14', 3035),
(285, 78.1, '2022-02-05 13:59:14', 3036),
(286, 51.1, '2022-02-05 13:59:14', 3037),
(287, 72.3, '2022-02-05 13:59:14', 3038),
(288, 95, '2022-02-05 13:59:14', 3039),
(289, 92.5, '2022-02-05 13:59:14', 3040),
(290, 61.6, '2022-02-05 13:59:14', 3041),
(291, 63.2, '2022-02-05 13:59:14', 3042),
(292, 84.2, '2022-02-05 13:59:14', 3043),
(293, 63.9, '2022-02-05 13:59:14', 3044),
(294, 60.1, '2022-02-05 13:59:14', 3045),
(295, 93.3, '2022-02-05 13:59:14', 3046),
(296, 95.6, '2022-02-05 13:59:14', 3047),
(297, 108.1, '2022-02-05 13:59:14', 3048),
(298, 59.1, '2022-02-05 13:59:14', 3049),
(299, 71.5, '2022-02-05 13:59:14', 3050),
(300, 74.6, '2022-02-05 13:59:14', 3051),
(301, 57.5, '2022-02-05 13:59:14', 3052),
(302, 96.5, '2022-02-05 13:59:14', 3053),
(303, 84.2, '2022-02-05 13:59:14', 3054),
(304, 88.3, '2022-02-05 13:59:14', 3055),
(305, 86.7, '2022-02-05 13:59:14', 3056),
(306, 84.5, '2022-02-05 13:59:14', 3057),
(307, 100.4, '2022-02-05 13:59:14', 3058),
(308, 87.5, '2022-02-05 13:59:14', 3059),
(309, 86, '2022-02-05 13:59:14', 3060),
(310, 55.9, '2022-02-05 13:59:14', 3061),
(311, 54.7, '2022-02-05 13:59:14', 3062),
(312, 76.3, '2022-02-05 13:59:14', 3063),
(313, 83.4, '2022-02-05 13:59:14', 3064),
(314, 79.8, '2022-02-05 13:59:14', 3065),
(315, 98, '2022-02-05 13:59:14', 3066),
(316, 79, '2022-02-05 13:59:14', 3067),
(317, 59.5, '2022-02-05 13:59:14', 3068),
(318, 69.5, '2022-02-05 13:59:14', 3069),
(319, 82.7, '2022-02-05 13:59:14', 3070),
(320, 60.4, '2022-02-05 13:59:14', 3071),
(321, 61.1, '2022-02-05 13:59:14', 3072),
(322, 89.3, '2022-02-05 13:59:14', 3073),
(323, 81.3, '2022-02-05 13:59:14', 3074),
(324, 87.5, '2022-02-05 13:59:14', 3075),
(325, 69.2, '2022-02-05 13:59:14', 3076),
(326, 75.7, '2022-02-05 13:59:14', 3077),
(327, 94.4, '2022-02-05 13:59:14', 3078),
(328, 75.6, '2022-02-05 13:59:14', 3079),
(329, 85.2, '2022-02-05 13:59:14', 3080),
(330, 101.3, '2022-02-05 13:59:14', 3081),
(331, 73.1, '2022-02-05 13:59:14', 3082),
(332, 78.9, '2022-02-05 13:59:14', 3083),
(333, 61.2, '2022-02-05 13:59:14', 3084),
(334, 106.9, '2022-02-05 13:59:14', 3085),
(335, 69.3, '2022-02-05 13:59:14', 3086),
(336, 85.3, '2022-02-05 13:59:14', 3087),
(337, 102, '2022-02-05 13:59:14', 3088),
(338, 109.1, '2022-02-05 13:59:14', 3089),
(339, 73, '2022-02-05 13:59:14', 3090),
(340, 83.3, '2022-02-05 13:59:14', 3091),
(341, 93.1, '2022-02-05 13:59:14', 3092),
(342, 81.3, '2022-02-05 13:59:14', 3093),
(343, 91.6, '2022-02-05 13:59:14', 3094),
(344, 97.1, '2022-02-05 13:59:14', 3095),
(345, 73.3, '2022-02-05 13:59:14', 3096),
(346, 114.7, '2022-02-05 13:59:14', 3097),
(347, 80.1, '2022-02-05 13:59:14', 3098),
(348, 51.8, '2022-02-05 13:59:14', 3099),
(349, 66.1, '2022-02-05 13:59:14', 3100),
(350, 68.7, '2022-02-05 13:59:14', 3101),
(351, 91.5, '2022-02-05 13:59:14', 3102),
(352, 107.7, '2022-02-05 13:59:14', 3103),
(353, 56.9, '2022-02-05 13:59:14', 3104),
(354, 49.5, '2022-02-05 13:59:14', 3105),
(355, 101.1, '2022-02-05 13:59:14', 3106),
(356, 102.5, '2022-02-05 13:59:14', 3107),
(357, 53.9, '2022-02-05 13:59:14', 3108),
(358, 96.3, '2022-02-05 13:59:14', 3109),
(359, 73.6, '2022-02-05 13:59:14', 3110),
(360, 91.1, '2022-02-05 13:59:14', 3111),
(361, 81.1, '2022-02-05 13:59:14', 3112),
(362, 54.7, '2022-02-05 13:59:14', 3113),
(363, 50.9, '2022-02-05 13:59:14', 3114),
(364, 64.5, '2022-02-05 13:59:14', 3115),
(365, 77, '2022-02-05 13:59:14', 3116),
(366, 85.5, '2022-02-05 13:59:14', 3117),
(367, 84.5, '2022-02-05 13:59:14', 3118),
(368, 98.9, '2022-02-05 13:59:14', 3119),
(369, 67.3, '2022-02-05 13:59:14', 3120),
(370, 84.7, '2022-02-05 13:59:14', 3121),
(371, 81.1, '2022-02-05 13:59:14', 3122),
(372, 92.7, '2022-02-05 13:59:14', 3123),
(373, 81.6, '2022-02-05 13:59:14', 3124),
(374, 49.3, '2022-02-05 13:59:14', 3125),
(375, 77.9, '2022-02-05 13:59:14', 3126),
(376, 64.2, '2022-02-05 13:59:14', 3127),
(377, 59.6, '2022-02-05 13:59:14', 3128),
(378, 73.3, '2022-02-05 13:59:14', 3129),
(379, 104.2, '2022-02-05 13:59:14', 3130),
(380, 79.2, '2022-02-05 13:59:14', 3131),
(381, 62.3, '2022-02-05 13:59:14', 3132),
(382, 61.2, '2022-02-05 13:59:14', 3133),
(383, 71.5, '2022-02-05 13:59:14', 3134),
(384, 76.9, '2022-02-05 13:59:14', 3135),
(385, 95.2, '2022-02-05 13:59:14', 3136),
(386, 85.4, '2022-02-05 13:59:14', 3137),
(387, 63.4, '2022-02-05 13:59:14', 3138),
(388, 49.7, '2022-02-05 13:59:14', 3139),
(389, 79.7, '2022-02-05 13:59:14', 3140),
(390, 94.2, '2022-02-05 13:59:14', 3141),
(391, 70.6, '2022-02-05 13:59:14', 3142),
(392, 79.8, '2022-02-05 13:59:14', 3143),
(393, 82.9, '2022-02-05 13:59:14', 3144),
(394, 88.3, '2022-02-05 13:59:14', 3145),
(395, 81.9, '2022-02-05 13:59:14', 3146),
(396, 75.1, '2022-02-05 13:59:14', 3147),
(397, 86.3, '2022-02-05 13:59:14', 3148),
(398, 55.9, '2022-02-05 13:59:14', 3149),
(399, 80.8, '2022-02-05 13:59:14', 3150),
(400, 50.5, '2022-02-05 13:59:14', 3151),
(401, 74.7, '2022-02-05 13:59:14', 3152),
(402, 64.1, '2022-02-05 13:59:14', 3153),
(403, 66.3, '2022-02-05 13:59:14', 3154),
(404, 70.6, '2022-02-05 13:59:14', 3155),
(405, 50.9, '2022-02-05 13:59:14', 3156),
(406, 111.4, '2022-02-05 13:59:14', 3157),
(407, 57.2, '2022-02-05 13:59:14', 3158),
(408, 74, '2022-02-05 13:59:14', 3159),
(409, 74, '2022-02-05 13:59:14', 3160),
(410, 97.9, '2022-02-05 13:59:14', 3161),
(411, 111.1, '2022-02-05 13:59:14', 3162),
(412, 58.1, '2022-02-05 13:59:14', 3163),
(413, 68.6, '2022-02-05 13:59:14', 3164),
(414, 77.2, '2022-02-05 13:59:14', 3165),
(415, 108.2, '2022-02-05 13:59:14', 3166),
(416, 102.1, '2022-02-05 13:59:14', 3167),
(417, 63.3, '2022-02-05 13:59:14', 3168),
(418, 57.1, '2022-02-05 13:59:14', 3169),
(419, 86.7, '2022-02-05 13:59:14', 3170),
(420, 83.2, '2022-02-05 13:59:14', 3171),
(421, 96.5, '2022-02-05 13:59:14', 3172),
(422, 71.2, '2022-02-05 13:59:14', 3173),
(423, 74.3, '2022-02-05 13:59:14', 3174),
(424, 68.7, '2022-02-05 13:59:14', 3175),
(425, 107.2, '2022-02-05 13:59:14', 3176),
(426, 98.6, '2022-02-05 13:59:14', 3177),
(427, 68.1, '2022-02-05 13:59:14', 3178),
(428, 71.9, '2022-02-05 13:59:14', 3179),
(429, 73.6, '2022-02-05 13:59:14', 3180),
(430, 60.1, '2022-02-05 13:59:14', 3181),
(431, 72.4, '2022-02-05 13:59:14', 3182),
(432, 58, '2022-02-05 13:59:14', 3183),
(433, 60.7, '2022-02-05 13:59:14', 3184),
(434, 91.8, '2022-02-05 13:59:14', 3185),
(435, 100.3, '2022-02-05 13:59:14', 3186),
(436, 67.9, '2022-02-05 13:59:14', 3187),
(437, 90.6, '2022-02-05 13:59:14', 3188),
(438, 83.4, '2022-02-05 13:59:14', 3189),
(439, 117, '2022-02-05 13:59:14', 3190),
(440, 77.6, '2022-02-05 13:59:14', 3191),
(441, 95.2, '2022-02-05 13:59:14', 3192),
(442, 54.9, '2022-02-05 13:59:14', 3193),
(443, 102.5, '2022-02-05 13:59:14', 3194),
(444, 104.8, '2022-02-05 13:59:14', 3195),
(445, 64.8, '2022-02-05 13:59:14', 3196),
(446, 91.3, '2022-02-05 13:59:14', 3197),
(447, 63.2, '2022-02-05 13:59:14', 3198),
(448, 97.9, '2022-02-05 13:59:14', 3199),
(449, 83.9, '2022-02-05 13:59:14', 3200),
(450, 79.9, '2022-02-05 13:59:14', 3201),
(451, 95.6, '2022-02-05 13:59:14', 3202),
(452, 56.8, '2022-02-05 13:59:14', 3203),
(453, 95.6, '2022-02-05 13:59:14', 3204),
(454, 63.2, '2022-02-05 13:59:14', 3205),
(455, 104, '2022-02-05 13:59:14', 3206),
(456, 88.1, '2022-02-05 13:59:14', 3207),
(457, 62.9, '2022-02-05 13:59:14', 3208),
(458, 55.7, '2022-02-05 13:59:14', 3209),
(459, 91.2, '2022-02-05 13:59:14', 3210),
(460, 73.7, '2022-02-05 13:59:14', 3211),
(461, 67.4, '2022-02-05 13:59:14', 3212),
(462, 73.4, '2022-02-05 13:59:14', 3213),
(463, 65.4, '2022-02-05 13:59:14', 3214),
(464, 90.4, '2022-02-05 13:59:14', 3215),
(465, 91.7, '2022-02-05 13:59:14', 3216),
(466, 85.8, '2022-02-05 13:59:14', 3217),
(467, 63.2, '2022-02-05 13:59:14', 3218),
(468, 65.2, '2022-02-05 13:59:14', 3219),
(469, 57.7, '2022-02-05 13:59:14', 3220),
(470, 97.3, '2022-02-05 13:59:14', 3221),
(471, 96.3, '2022-02-05 13:59:14', 3222),
(472, 101.5, '2022-02-05 13:59:14', 3223),
(473, 68.9, '2022-02-05 13:59:14', 3224),
(474, 95, '2022-02-05 13:59:14', 3225),
(475, 62, '2022-02-05 13:59:14', 3226),
(476, 83.8, '2022-02-05 13:59:14', 3227),
(477, 108.6, '2022-02-05 13:59:14', 3228),
(478, 89.8, '2022-02-05 13:59:14', 3229),
(479, 56.1, '2022-02-05 13:59:14', 3230),
(480, 81, '2022-02-05 13:59:14', 3231),
(481, 76.5, '2022-02-05 13:59:14', 3232),
(482, 77.4, '2022-02-05 13:59:14', 3233),
(483, 89.9, '2022-02-05 13:59:14', 3234),
(484, 74.4, '2022-02-05 13:59:14', 3235),
(485, 88.7, '2022-02-05 13:59:14', 3236),
(486, 109.8, '2022-02-05 13:59:14', 3237),
(487, 81.4, '2022-02-05 13:59:14', 3238),
(488, 115.5, '2022-02-05 13:59:14', 3239),
(489, 62.3, '2022-02-05 13:59:14', 3240),
(490, 71.9, '2022-02-05 13:59:14', 3241),
(491, 83.7, '2022-02-05 13:59:14', 3242),
(492, 91.7, '2022-02-05 13:59:14', 3243),
(493, 113.8, '2022-02-05 13:59:14', 3244),
(494, 88.8, '2022-02-05 13:59:14', 3245),
(495, 99.7, '2022-02-05 13:59:14', 3246),
(496, 70.6, '2022-02-05 13:59:14', 3247),
(497, 64.1, '2022-02-05 13:59:14', 3248),
(498, 81.4, '2022-02-05 13:59:14', 3249),
(499, 103.4, '2022-02-05 13:59:14', 3250),
(500, 110, '2022-02-05 13:59:14', 3251),
(501, 88.8, '2022-02-05 13:59:14', 3252),
(502, 49, '2022-02-05 13:59:14', 3253),
(503, 110, '2022-02-05 13:59:14', 3254),
(504, 81.6, '2022-02-05 13:59:14', 3255),
(505, 85.1, '2022-02-05 13:59:14', 3256),
(506, 102.8, '2022-02-05 13:59:14', 3257),
(507, 73.2, '2022-02-05 13:59:14', 3258),
(508, 65.1, '2022-02-05 13:59:14', 3259),
(509, 88.1, '2022-02-05 13:59:14', 3260),
(510, 91.6, '2022-02-05 13:59:14', 3261),
(511, 72.7, '2022-02-05 13:59:14', 3262),
(512, 60.8, '2022-02-05 13:59:14', 3263),
(513, 108.5, '2022-02-05 13:59:14', 3264),
(514, 101.4, '2022-02-05 13:59:14', 3265),
(515, 52.6, '2022-02-05 13:59:14', 3266),
(516, 69.6, '2022-02-05 13:59:14', 3267),
(517, 111.7, '2022-02-05 13:59:14', 3268),
(518, 57.6, '2022-02-05 13:59:14', 3269),
(519, 55.8, '2022-02-05 13:59:14', 3270),
(520, 63, '2022-02-05 13:59:14', 3271),
(521, 91.7, '2022-02-05 13:59:14', 3272),
(522, 99.8, '2022-02-05 13:59:14', 3273),
(523, 91.9, '2022-02-05 13:59:14', 3274),
(524, 105.6, '2022-02-05 13:59:14', 3275),
(525, 56.7, '2022-02-05 13:59:14', 3276),
(526, 98.4, '2022-02-05 13:59:14', 3277),
(527, 49.9, '2022-02-05 13:59:14', 3278),
(528, 72.7, '2022-02-05 13:59:14', 3279),
(529, 65.6, '2022-02-05 13:59:14', 3280),
(530, 95.4, '2022-02-05 13:59:14', 3281),
(531, 93.5, '2022-02-05 13:59:14', 3282),
(532, 85.6, '2022-02-05 13:59:14', 3283),
(533, 105, '2022-02-05 13:59:14', 3284),
(534, 85.1, '2022-02-05 13:59:14', 3285),
(535, 71.9, '2022-02-05 13:59:14', 3286),
(536, 100.4, '2022-02-05 13:59:14', 3287),
(537, 94, '2022-02-05 13:59:14', 3288),
(538, 76.4, '2022-02-05 13:59:14', 3289),
(539, 79.8, '2022-02-05 13:59:14', 3290),
(540, 85.8, '2022-02-05 13:59:14', 3291),
(541, 68, '2022-02-05 13:59:14', 3292),
(542, 89.5, '2022-02-05 13:59:14', 3293),
(543, 103.1, '2022-02-05 13:59:14', 3294),
(544, 62.2, '2022-02-05 13:59:14', 3295),
(545, 58, '2022-02-05 13:59:14', 3296),
(546, 67.9, '2022-02-05 13:59:14', 3297),
(547, 81.3, '2022-02-05 13:59:14', 3298),
(548, 68.2, '2022-02-05 13:59:14', 3299),
(549, 114.6, '2022-02-05 13:59:14', 3300),
(18, 85, '2022-02-28 02:17:02', 3301),
(999, 66.6, '2022-02-21 15:00:52', 3303),
(999, 66, '2022-02-21 15:01:07', 3304),
(999, 71, '2022-02-21 15:01:39', 3306),
(999, 70, '2022-02-21 15:03:08', 3310),
(999, 62.9, '2022-02-21 15:05:24', 3311),
(999, 62, '2022-02-21 15:06:50', 3312),
(999, 66.4, '2022-02-21 15:09:12', 3314),
(999, 60, '2022-03-09 09:20:30', 3315),
(999, 70, '2022-03-15 11:39:35', 3316),
(2, 110, '2022-03-17 13:16:44', 3317);

-- --------------------------------------------------------

--
-- Struktura tabeli dla tabeli `gyms`
--

DROP TABLE IF EXISTS `gyms`;
CREATE TABLE IF NOT EXISTS `gyms` (
  `gym_id` int NOT NULL,
  `gym_name` varchar(255) CHARACTER SET utf8 COLLATE utf8_polish_ci DEFAULT NULL,
  `city` varchar(50) CHARACTER SET utf8 COLLATE utf8_polish_ci NOT NULL,
  PRIMARY KEY (`gym_id`)
) ENGINE=InnoDB DEFAULT CHARSET=utf8mb3 COLLATE=utf8_polish_ci;

--
-- Zrzut danych tabeli `gyms`
--

INSERT INTO `gyms` (`gym_id`, `gym_name`, `city`) VALUES
(0, 'McFit', 'Warszawa'),
(1, 'McFit', 'Krakw'),
(2, 'McFit', 'Pozna'),
(3, 'McFit', 'Gdask'),
(4, 'McFit', 'Lublin'),
(5, 'McFit', 'd'),
(6, 'McFit', 'Wrocaw'),
(7, 'McFit', 'Toru'),
(8, 'McFit', 'Szczecin'),
(9, 'McFit', 'Olsztyn'),
(10, 'McFit', 'Katowice'),
(11, 'McFit', 'Bydgoszcz'),
(12, 'CityFit', 'Warszawa'),
(13, 'CityFit', 'Krakw'),
(14, 'CityFit', 'Pozna'),
(15, 'CityFit', 'Gdask'),
(16, 'CityFit', 'Lublin'),
(17, 'CityFit', 'd'),
(18, 'CityFit', 'Wrocaw'),
(19, 'CityFit', 'Toru'),
(20, 'CityFit', 'Szczecin'),
(21, 'CityFit', 'Olsztyn'),
(22, 'CityFit', 'Katowice'),
(23, 'CityFit', 'Bydgoszcz'),
(24, 'Calypso Fitness Club', 'Warszawa'),
(25, 'Calypso Fitness Club', 'Krakw'),
(26, 'Calypso Fitness Club', 'Pozna'),
(27, 'Calypso Fitness Club', 'Gdask'),
(28, 'Calypso Fitness Club', 'Lublin'),
(29, 'Calypso Fitness Club', 'd'),
(30, 'Calypso Fitness Club', 'Wrocaw'),
(31, 'Calypso Fitness Club', 'Toru'),
(32, 'Calypso Fitness Club', 'Szczecin'),
(33, 'Calypso Fitness Club', 'Olsztyn'),
(34, 'Calypso Fitness Club', 'Katowice'),
(35, 'Calypso Fitness Club', 'Bydgoszcz'),
(36, 'S4 Fitness Club', 'Warszawa'),
(37, 'S4 Fitness Club', 'Krakw'),
(38, 'S4 Fitness Club', 'Pozna'),
(39, 'S4 Fitness Club', 'Gdask'),
(40, 'S4 Fitness Club', 'Lublin'),
(41, 'S4 Fitness Club', 'd'),
(42, 'S4 Fitness Club', 'Wrocaw'),
(43, 'S4 Fitness Club', 'Toru'),
(44, 'S4 Fitness Club', 'Szczecin'),
(45, 'S4 Fitness Club', 'Olsztyn'),
(46, 'S4 Fitness Club', 'Katowice'),
(47, 'S4 Fitness Club', 'Bydgoszcz'),
(48, 'Fitness Platinium', 'Warszawa'),
(49, 'Fitness Platinium', 'Krakw'),
(50, 'Fitness Platinium', 'Pozna'),
(51, 'Fitness Platinium', 'Gdask'),
(52, 'Fitness Platinium', 'Lublin'),
(53, 'Fitness Platinium', 'd'),
(54, 'Fitness Platinium', 'Wrocaw'),
(55, 'Fitness Platinium', 'Toru'),
(56, 'Fitness Platinium', 'Szczecin'),
(57, 'Fitness Platinium', 'Olsztyn'),
(58, 'Fitness Platinium', 'Katowice'),
(59, 'Fitness Platinium', 'Bydgoszcz'),
(60, 'Pure Jatomi', 'Warszawa'),
(61, 'Pure Jatomi', 'Krakw'),
(62, 'Pure Jatomi', 'Pozna'),
(63, 'Pure Jatomi', 'Gdask'),
(64, 'Pure Jatomi', 'Lublin'),
(65, 'Pure Jatomi', 'd'),
(66, 'Pure Jatomi', 'Wrocaw'),
(67, 'Pure Jatomi', 'Toru'),
(68, 'Pure Jatomi', 'Szczecin'),
(69, 'Pure Jatomi', 'Olsztyn'),
(70, 'Pure Jatomi', 'Katowice'),
(71, 'Pure Jatomi', 'Bydgoszcz'),
(72, 'Fitness24Seven', 'Warszawa'),
(73, 'Fitness24Seven', 'Krakw'),
(74, 'Fitness24Seven', 'Pozna'),
(75, 'Fitness24Seven', 'Gdask'),
(76, 'Fitness24Seven', 'Lublin'),
(77, 'Fitness24Seven', 'd'),
(78, 'Fitness24Seven', 'Wrocaw'),
(79, 'Fitness24Seven', 'Toru'),
(80, 'Fitness24Seven', 'Szczecin'),
(81, 'Fitness24Seven', 'Olsztyn'),
(82, 'Fitness24Seven', 'Katowice'),
(83, 'Fitness24Seven', 'Bydgoszcz'),
(84, 'Fit for Free', 'Warszawa'),
(85, 'Fit for Free', 'Krakw'),
(86, 'Fit for Free', 'Pozna'),
(87, 'Fit for Free', 'Gdask'),
(88, 'Fit for Free', 'Lublin'),
(89, 'Fit for Free', 'd'),
(90, 'Fit for Free', 'Wrocaw'),
(91, 'Fit for Free', 'Toru'),
(92, 'Fit for Free', 'Szczecin'),
(93, 'Fit for Free', 'Olsztyn'),
(94, 'Fit for Free', 'Katowice'),
(95, 'Fit for Free', 'Bydgoszcz');

-- --------------------------------------------------------

--
-- Struktura tabeli dla tabeli `gym_reviews`
--

DROP TABLE IF EXISTS `gym_reviews`;
CREATE TABLE IF NOT EXISTS `gym_reviews` (
  `gym_review_id` int NOT NULL,
  `gym_mark` int DEFAULT NULL,
  `gym_review_descript` varchar(250) CHARACTER SET utf8 COLLATE utf8_polish_ci DEFAULT NULL,
  `user_id` int NOT NULL,
  `gym_id` int NOT NULL,
  PRIMARY KEY (`gym_review_id`),
  KEY `user_id` (`user_id`),
  KEY `gym_id` (`gym_id`)
) ENGINE=InnoDB DEFAULT CHARSET=utf8mb3 COLLATE=utf8_polish_ci;

--
-- Zrzut danych tabeli `gym_reviews`
--

INSERT INTO `gym_reviews` (`gym_review_id`, `gym_mark`, `gym_review_descript`, `user_id`, `gym_id`) VALUES
(1, 5, 'adna, zadbana siownia, duo sprztu, przemia obsuga ?.', 1, 50),
(2, 2, 'Mega lans jeli nie masz obcisych ciuchw i nie napijesz sobie skarpety w kroku to bdziesz poczegany za leszcza???', 2, 43),
(3, 3, 'Szkoda ze tylko abonamenty....?', 3, 16),
(4, 4, 'Fajna siownia masa sprztu i maszyn mona konkretnie powiczy cho w niektrych godzinach jest naprawd toczno i trzeba czeka a kto skoczy lub wiczy na zmian.', 4, 67),
(5, 3, 'Fajna siownia, mia obsuga. Troch mao urzdze. Fajne zajcia. Bd musia tu wrci.?', 5, 37),
(6, 5, 'Super! Mao osb, czysto, duo dobrego sprztu - polecam gorco ??', 6, 37),
(7, 5, 'Moim zdaniem najlepsza siownia', 7, 15),
(8, 5, 'Najlepsza i najnowoczeniejsza siownia w okolicy ??.', 8, 67),
(9, 2, 'Nie fjniw i syf', 9, 65),
(10, 5, 'Duo sprztu.?? Mia obsuga zawsze gotowa do pomocy. Godziny otwarcia to bajka i to za cen karnetu w Polsce. Gorco polecam', 10, 38),
(11, 5, 'Bardzo czysto, przyjemnie, sprzt zadbany, mia obsuga', 11, 57),
(12, 5, 'Dobry duzy klub z parkingiem. Duza powierzchnia ze sprzetem do treningu silowego jak i kardio.??', 12, 56),
(13, 3, 'Brudno i na salach niezbyt dobrze pachnie...???', 13, 14),
(14, 3, 'Miejsce ok.', 14, 94),
(15, 2, 'azienki w fatalnym stanie ??. Rowalajace si szafki.', 15, 91),
(16, 2, 'Stare, ale sprawne sprzty. Brak klimy i szatnia w toalecie', 16, 48),
(17, 2, 'Nie fjniw i syf', 17, 75),
(18, 2, 'Mega lans jeli nie masz obcisych ciuchw i nie napijesz sobie skarpety w kroku to bdziesz poczegany za leszcza???', 18, 33),
(19, 2, 'Pod prysznicem brudno, w saunie smrd, a jeli chodzi o sprzt to cz jest zepsuta ??', 19, 73),
(20, 1, 'porwane siedziska na maszynach', 20, 54),
(21, 4, 'Super miejscwka na \"wyycie\"si i spalenie mnstwo kalorii ?????', 21, 16),
(22, 2, 'Mega lans jeli nie masz obcisych ciuchw i nie napijesz sobie skarpety w kroku to bdziesz poczegany za leszcza???', 22, 41),
(23, 4, 'Nowoczesny wystrj i bardzo dobry sprzt, ciekawe cyber treningi. Niestety czsto jest tam zbyt duszno i brakuje rodkw do dezynfekcji', 23, 17),
(24, 4, 'Bez zastrzee. Duo sprztu, Duo maszyn, siownia bardzo przestrzenna gdzie personel dba o czysto i porzdek ??. Jedyne czego brakuje to chociaby bufetu.', 24, 41),
(25, 4, 'Pomieszczenia podzielone na sekcje siownia cardio stretching itd. Przestronne szatnie prysznice niestety brak sauny. No i minus za sprzt uszkodzony ktry dugo bywa naprawiany. I za to 4 a nie 5 gwiazdek', 25, 77),
(26, 3, 'Fajna siownia, mia obsuga. Troch mao urzdze. Fajne zajcia. Bd musia tu wrci.?', 26, 83),
(27, 3, 'Lokal i dobr sprztu super', 27, 84),
(28, 5, 'Dobry duzy klub z parkingiem. Duza powierzchnia ze sprzetem do treningu silowego jak i kardio.??', 28, 13),
(29, 2, 'Silownia cakiem przyjemna', 29, 69),
(30, 5, 'Fantastyczne miejsce do pracy nad sob,  wicze i fitness.', 30, 33),
(31, 4, 'Pomieszczenia podzielone na sekcje siownia cardio stretching itd. Przestronne szatnie prysznice niestety brak sauny. No i minus za sprzt uszkodzony ktry dugo bywa naprawiany. I za to 4 a nie 5 gwiazdek', 31, 89),
(32, 3, 'Oglnie klub wyglada fajnie, w szatniach czysto, sauna super :)', 32, 46),
(33, 4, 'Fajna siownia masa sprztu i maszyn mona konkretnie powiczy cho w niektrych godzinach jest naprawd toczno i trzeba czeka a kto skoczy lub wiczy na zmian.', 33, 67),
(34, 4, 'Pomieszczenia podzielone na sekcje siownia cardio stretching itd. Przestronne szatnie prysznice niestety brak sauny. No i minus za sprzt uszkodzony ktry dugo bywa naprawiany. I za to 4 a nie 5 gwiazdek', 34, 41),
(35, 4, 'Nowoczesny wystrj i bardzo dobry sprzt, ciekawe cyber treningi. Niestety czsto jest tam zbyt duszno i brakuje rodkw do dezynfekcji', 35, 4),
(36, 5, 'Moim zdaniem najlepsza siownia', 36, 46),
(37, 5, 'Fantastyczne miejsce do pracy nad sob,  wicze i fitness.', 37, 59),
(38, 4, 'Nowoczesny wystrj i bardzo dobry sprzt, ciekawe cyber treningi. Niestety czsto jest tam zbyt duszno i brakuje rodkw do dezynfekcji', 38, 16),
(39, 4, 'wszystko fajnie tylko szafki by sie przydao naprawic ;)', 39, 93),
(40, 3, 'Szkoda ze tylko abonamenty....?', 40, 94),
(41, 5, 'Bardzo dobrze wyposaona, ogromna siownia. Mia obsuga, duy plus za caodobowe otwarcie, nawet w dni wolne. Jednym sowem bardzo polecam, spenia wszystkie moje oczekiwania.', 41, 69),
(42, 3, 'Spory wybr sprztu do wicze i zaj grupowych, ale na sali wiczcy zostawiony sam sobie', 42, 75),
(43, 2, 'mierdzi zdechym szczurem', 43, 22),
(44, 2, 'Nie fjniw i syf', 44, 39),
(45, 4, 'Jest tu duo sprztu wic nawet w godzinach szczytu co si znajdzie.', 45, 24),
(46, 5, 'Popsuo si przez pandemie, lecz ciary nadal wa tyle samo a to najwaniejsze ??.', 46, 38),
(47, 2, 'Bardzo adny klub sprzt i pywalnia super.Ale bardzo nie mie sprzataczki brudno i syf a nie chce mi si tam chodzi ????. Prysznicem zagrzybione prosz o zmian na Polski zesp sprzatajacy', 47, 61),
(48, 2, 'Pod prysznicem brudno, w saunie smrd, a jeli chodzi o sprzt to cz jest zepsuta ??', 48, 50),
(49, 1, 'Grzyb na sufitach i pod prysznicami', 49, 83),
(50, 2, 'Pod prysznicem brudno, w saunie smrd, a jeli chodzi o sprzt to cz jest zepsuta ??', 50, 16),
(51, 5, 'adna, zadbana siownia, duo sprztu, przemia obsuga ?.', 51, 38),
(52, 2, 'Brudno, czciowo sprzt niesprawny, niedziaajce szafki, cz sprztw popsuta', 52, 37),
(53, 1, 'Grzyb na sufitach i pod prysznicami', 53, 25),
(54, 2, 'Brudno, czciowo sprzt niesprawny, niedziaajce szafki, cz sprztw popsuta', 54, 8),
(55, 4, 'Nowoczesny wystrj i bardzo dobry sprzt, ciekawe cyber treningi. Niestety czsto jest tam zbyt duszno i brakuje rodkw do dezynfekcji', 55, 48),
(56, 3, 'Spory wybr sprztu do wicze i zaj grupowych, ale na sali wiczcy zostawiony sam sobie', 56, 22),
(57, 5, 'Bardzo czysto, przyjemnie, sprzt zadbany, mia obsuga', 57, 59),
(58, 1, 'Bardzo duo dziur w pododze, poowa maszyn oporowych jak i do Cardio nie dziaa, dua ilo szafek nie dziaa', 58, 42),
(59, 2, 'Silownia cakiem przyjemna', 59, 90),
(60, 1, 'Przyszedlem, postalem na recepcji poklikalem przycisk wezwij trenera i nikt nawet nie przyszedl.', 60, 68),
(61, 3, 'Brudno i na salach niezbyt dobrze pachnie...???', 61, 43),
(62, 3, 'Dabym wicej gwiazdek gdyby zainwestowali w nowy sprzt', 62, 44),
(63, 1, 'od jaki 2-3 miesicy nie ma suszarki', 63, 48),
(64, 3, 'Silownia fajnie wyposazona ale personel do bani brak kontaktu pomocy czy czegokolwiek ??', 64, 38),
(65, 3, 'Dobrze wyposaony klub, adne widoki, fajni prowadzcy, ale obsuga bywa czsto niemia.', 65, 84),
(66, 3, 'Fajna siownia, mia obsuga. Troch mao urzdze. Fajne zajcia. Bd musia tu wrci.?', 66, 18),
(67, 4, 'wszystko fajnie tylko szafki by sie przydao naprawic ;)', 67, 36),
(68, 3, 'Fajna siownia, mia obsuga. Troch mao urzdze. Fajne zajcia. Bd musia tu wrci.?', 68, 20),
(69, 4, 'Bez zastrzee. Duo sprztu, Duo maszyn, siownia bardzo przestrzenna gdzie personel dba o czysto i porzdek ??. Jedyne czego brakuje to chociaby bufetu.', 69, 39),
(70, 4, 'Pomieszczenia podzielone na sekcje siownia cardio stretching itd. Przestronne szatnie prysznice niestety brak sauny. No i minus za sprzt uszkodzony ktry dugo bywa naprawiany. I za to 4 a nie 5 gwiazdek', 70, 14),
(71, 3, 'Fajna siownia, mia obsuga. Troch mao urzdze. Fajne zajcia. Bd musia tu wrci.?', 71, 4),
(72, 2, 'Mega lans jeli nie masz obcisych ciuchw i nie napijesz sobie skarpety w kroku to bdziesz poczegany za leszcza???', 72, 16),
(73, 2, 'Pod prysznicem brudno, w saunie smrd, a jeli chodzi o sprzt to cz jest zepsuta ??', 73, 94),
(74, 4, 'wszystko fajnie tylko szafki by sie przydao naprawic ;)', 74, 61),
(75, 5, 'Najlepsza i najnowoczeniejsza siownia w okolicy ??.', 75, 12),
(76, 4, 'Dobrze zorganizowana siownia ze wietn lokalizacj??.', 76, 89),
(77, 3, 'Oglnie klub wyglada fajnie, w szatniach czysto, sauna super :)', 77, 28),
(78, 5, 'Fantastyczne miejsce do pracy nad sob,  wicze i fitness.', 78, 2),
(79, 5, 'Naprawd bardzo duy wybr sprztu zarwno do kardio jak i ciarw. Cae miejsce sprytnie i ciekawie podzielone na rne strefy wicze', 79, 42),
(80, 3, 'Dobrze wyposaony klub, adne widoki, fajni prowadzcy, ale obsuga bywa czsto niemia.', 80, 90),
(81, 3, 'Spory wybr sprztu do wicze i zaj grupowych, ale na sali wiczcy zostawiony sam sobie', 81, 54),
(82, 3, 'Silownia fajnie wyposazona ale personel do bani brak kontaktu pomocy czy czegokolwiek ??', 82, 91),
(83, 4, 'wietna siownia. Czysto, duy wybr sprztu i super atmosfera. Trenerzy zawsze pod rk chtni do pomocy. Polecam.', 83, 47),
(84, 4, 'Fajna siownia :))', 84, 68),
(85, 4, 'Pomieszczenia podzielone na sekcje siownia cardio stretching itd. Przestronne szatnie prysznice niestety brak sauny. No i minus za sprzt uszkodzony ktry dugo bywa naprawiany. I za to 4 a nie 5 gwiazdek', 85, 59),
(86, 1, 'Wrciem po przerwie i brak kart parkingowych, szafki rozpieprzone, steppery wszystkie zepsute. enada', 86, 45),
(87, 1, 'Grzyb na sufitach i pod prysznicami', 87, 83),
(88, 3, 'Lokal i dobr sprztu super', 88, 43),
(89, 3, 'Dobrze wyposaony klub, adne widoki, fajni prowadzcy, ale obsuga bywa czsto niemia.', 89, 77),
(90, 5, 'obsuga bardzo mia i trenerzy ktrzy zawsze pomog.', 90, 6),
(91, 5, 'Dobry duzy klub z parkingiem. Duza powierzchnia ze sprzetem do treningu silowego jak i kardio.??', 91, 64),
(92, 3, 'Spory wybr sprztu do wicze i zaj grupowych, ale na sali wiczcy zostawiony sam sobie', 92, 41),
(93, 1, 'Przyszedlem, postalem na recepcji poklikalem przycisk wezwij trenera i nikt nawet nie przyszedl.', 93, 75),
(94, 4, 'wszystko fajnie tylko szafki by sie przydao naprawic ;)', 94, 59),
(95, 4, 'Super miejscwka na \"wyycie\"si i spalenie mnstwo kalorii ?????', 95, 50),
(96, 3, 'Dobrze wyposaony klub, adne widoki, fajni prowadzcy, ale obsuga bywa czsto niemia.', 96, 43),
(97, 1, 'Przyszedlem, postalem na recepcji poklikalem przycisk wezwij trenera i nikt nawet nie przyszedl.', 97, 94),
(98, 3, 'Brudno i na salach niezbyt dobrze pachnie...???', 98, 56),
(99, 3, 'Lokal i dobr sprztu super', 99, 68),
(100, 4, 'Bez zastrzee. Duo sprztu, Duo maszyn, siownia bardzo przestrzenna gdzie personel dba o czysto i porzdek ??. Jedyne czego brakuje to chociaby bufetu.', 100, 43),
(101, 1, 'Szczerze mwic myl e to jeden z gorszych klubw.', 101, 84),
(102, 4, 'Dobrze zorganizowana siownia ze wietn lokalizacj??.', 102, 25),
(103, 3, 'Spory wybr sprztu do wicze i zaj grupowych, ale na sali wiczcy zostawiony sam sobie', 103, 2),
(104, 1, 'Grzyb na sufitach i pod prysznicami', 104, 8),
(105, 2, 'Najlepsza siownia w rejonje', 105, 48),
(106, 4, 'Czysto, sympatyczna obsuga, nowoczesny sprzt, gustowny wystrj. Troch brakuje miejsca.', 106, 30),
(107, 2, 'Najlepsza siownia w rejonje', 107, 91),
(108, 2, 'Najlepsza siownia w rejonje', 108, 73),
(109, 1, 'Automat na napoje nie dziaa. Wrzuciem monet napoju nie dostaem, pienidzy te nie. Tragedia', 109, 59),
(110, 3, 'Szkoda ze tylko abonamenty....?', 110, 16),
(111, 2, 'Stare, ale sprawne sprzty. Brak klimy i szatnia w toalecie', 111, 25),
(112, 3, 'Spory wybr sprztu do wicze i zaj grupowych, ale na sali wiczcy zostawiony sam sobie', 112, 46),
(113, 1, 'Przyszedlem, postalem na recepcji poklikalem przycisk wezwij trenera i nikt nawet nie przyszedl.', 113, 16),
(114, 5, 'Popsuo si przez pandemie, lecz ciary nadal wa tyle samo a to najwaniejsze ??.', 114, 31),
(115, 3, 'Fajna siownia, mia obsuga. Troch mao urzdze. Fajne zajcia. Bd musia tu wrci.?', 115, 31),
(116, 5, 'Naprawd bardzo duy wybr sprztu zarwno do kardio jak i ciarw. Cae miejsce sprytnie i ciekawie podzielone na rne strefy wicze', 116, 8),
(117, 4, 'Nowoczesny wystrj i bardzo dobry sprzt, ciekawe cyber treningi. Niestety czsto jest tam zbyt duszno i brakuje rodkw do dezynfekcji', 117, 89),
(118, 2, 'Oglnie nie polecam', 118, 67),
(119, 1, 'Szczerze mwic myl e to jeden z gorszych klubw.', 119, 18),
(120, 1, 'Bardzo due braki w sprztaniu', 120, 8),
(121, 5, 'Duo sprztu.?? Mia obsuga zawsze gotowa do pomocy. Godziny otwarcia to bajka i to za cen karnetu w Polsce. Gorco polecam', 121, 85),
(122, 4, 'wszystko fajnie tylko szafki by sie przydao naprawic ;)', 122, 35),
(123, 5, 'Dobry duzy klub z parkingiem. Duza powierzchnia ze sprzetem do treningu silowego jak i kardio.??', 123, 37),
(124, 2, 'Nie polecam. Jeeli nie jeste znajomym kogo z obsugi, to miejsce nie jest dla Ciebie.', 124, 68),
(125, 1, 'Bardzo duo dziur w pododze, poowa maszyn oporowych jak i do Cardio nie dziaa, dua ilo szafek nie dziaa', 125, 37),
(126, 3, 'I fabryce formy wszyscy wiedz. Ta w Suchym Lesie taka se. Duo urzdze popsutych.', 126, 73),
(127, 1, 'porwane siedziska na maszynach', 127, 54),
(128, 1, 'Szczerze mwic myl e to jeden z gorszych klubw.', 128, 2),
(129, 3, 'Lokal i dobr sprztu super', 129, 91),
(130, 2, 'Bardzo adny klub sprzt i pywalnia super.Ale bardzo nie mie sprzataczki brudno i syf a nie chce mi si tam chodzi ????. Prysznicem zagrzybione prosz o zmian na Polski zesp sprzatajacy', 130, 59),
(131, 2, 'Brudno, czciowo sprzt niesprawny, niedziaajce szafki, cz sprztw popsuta', 131, 66),
(132, 5, 'Super! Mao osb, czysto, duo dobrego sprztu - polecam gorco ??', 132, 36),
(133, 1, 'Bardzo due braki w sprztaniu', 133, 25),
(134, 3, 'Dobrze wyposaony klub, adne widoki, fajni prowadzcy, ale obsuga bywa czsto niemia.', 134, 47),
(135, 5, 'Naprawd bardzo duy wybr sprztu zarwno do kardio jak i ciarw. Cae miejsce sprytnie i ciekawie podzielone na rne strefy wicze', 135, 41),
(136, 5, 'Duo sprztu.?? Mia obsuga zawsze gotowa do pomocy. Godziny otwarcia to bajka i to za cen karnetu w Polsce. Gorco polecam', 136, 61),
(137, 3, 'Lokal i dobr sprztu super', 137, 41),
(138, 2, 'azienki w fatalnym stanie ??. Rowalajace si szafki.', 138, 35),
(139, 4, 'wietna siownia. Czysto, duy wybr sprztu i super atmosfera. Trenerzy zawsze pod rk chtni do pomocy. Polecam.', 139, 37),
(140, 2, 'Nie polecam. Jeeli nie jeste znajomym kogo z obsugi, to miejsce nie jest dla Ciebie.', 140, 94),
(141, 4, 'wszystko fajnie tylko szafki by sie przydao naprawic ;)', 141, 22),
(142, 1, 'Automat na napoje nie dziaa. Wrzuciem monet napoju nie dostaem, pienidzy te nie. Tragedia', 142, 91),
(143, 3, 'Spory wybr sprztu do wicze i zaj grupowych, ale na sali wiczcy zostawiony sam sobie', 143, 58),
(144, 5, 'Bardzo czysto, przyjemnie, sprzt zadbany, mia obsuga', 144, 37),
(145, 4, 'Super miejscwka na \"wyycie\"si i spalenie mnstwo kalorii ?????', 145, 25),
(146, 5, 'adna, zadbana siownia, duo sprztu, przemia obsuga ?.', 146, 94),
(147, 5, 'Super! Mao osb, czysto, duo dobrego sprztu - polecam gorco ??', 147, 42),
(148, 4, 'Czysto, sympatyczna obsuga, nowoczesny sprzt, gustowny wystrj. Troch brakuje miejsca.', 148, 82),
(149, 4, 'Duy wybr urzdze do wiczenia', 149, 94),
(150, 5, 'obsuga bardzo mia i trenerzy ktrzy zawsze pomog.', 150, 59),
(151, 2, 'azienki w fatalnym stanie ??. Rowalajace si szafki.', 151, 24),
(152, 1, 'Bardzo duo dziur w pododze, poowa maszyn oporowych jak i do Cardio nie dziaa, dua ilo szafek nie dziaa', 152, 6),
(153, 4, 'Dobrze zorganizowana siownia ze wietn lokalizacj??.', 153, 15),
(154, 2, 'mierdzi zdechym szczurem', 154, 31),
(155, 3, 'Dobrze wyposaony klub, adne widoki, fajni prowadzcy, ale obsuga bywa czsto niemia.', 155, 95),
(156, 3, 'I fabryce formy wszyscy wiedz. Ta w Suchym Lesie taka se. Duo urzdze popsutych.', 156, 66),
(157, 5, 'Najlepsza i najnowoczeniejsza siownia w okolicy ??.', 157, 64),
(158, 5, 'obsuga bardzo mia i trenerzy ktrzy zawsze pomog.', 158, 2),
(159, 1, 'Szczerze mwic myl e to jeden z gorszych klubw.', 159, 43),
(160, 3, 'Oglnie klub wyglada fajnie, w szatniach czysto, sauna super :)', 160, 53),
(161, 1, 'Grzyb na sufitach i pod prysznicami', 161, 46),
(162, 1, 'Parodia siowni.', 162, 66),
(163, 5, 'Naprawd bardzo duy wybr sprztu zarwno do kardio jak i ciarw. Cae miejsce sprytnie i ciekawie podzielone na rne strefy wicze', 163, 41),
(164, 3, 'Szkoda ze tylko abonamenty....?', 164, 37),
(165, 5, 'Super! Mao osb, czysto, duo dobrego sprztu - polecam gorco ??', 165, 46),
(166, 4, 'Super miejscwka na \"wyycie\"si i spalenie mnstwo kalorii ?????', 166, 77),
(167, 4, 'Pomieszczenia podzielone na sekcje siownia cardio stretching itd. Przestronne szatnie prysznice niestety brak sauny. No i minus za sprzt uszkodzony ktry dugo bywa naprawiany. I za to 4 a nie 5 gwiazdek', 167, 44),
(168, 3, 'I fabryce formy wszyscy wiedz. Ta w Suchym Lesie taka se. Duo urzdze popsutych.', 168, 85),
(169, 1, 'Wrciem po przerwie i brak kart parkingowych, szafki rozpieprzone, steppery wszystkie zepsute. enada', 169, 41),
(170, 1, 'Automat na napoje nie dziaa. Wrzuciem monet napoju nie dostaem, pienidzy te nie. Tragedia', 170, 43),
(171, 4, 'Fajna siownia :))', 171, 43),
(172, 5, 'Naprawd bardzo duy wybr sprztu zarwno do kardio jak i ciarw. Cae miejsce sprytnie i ciekawie podzielone na rne strefy wicze', 172, 85),
(173, 1, 'Automat na napoje nie dziaa. Wrzuciem monet napoju nie dostaem, pienidzy te nie. Tragedia', 173, 38),
(174, 3, 'Oglnie klub wyglada fajnie, w szatniach czysto, sauna super :)', 174, 30),
(175, 5, 'Naprawd bardzo duy wybr sprztu zarwno do kardio jak i ciarw. Cae miejsce sprytnie i ciekawie podzielone na rne strefy wicze', 175, 14),
(176, 5, 'Fantastyczne miejsce do pracy nad sob,  wicze i fitness.', 176, 95),
(177, 3, 'Dobrze wyposaony klub, adne widoki, fajni prowadzcy, ale obsuga bywa czsto niemia.', 177, 91),
(178, 4, 'Fajna siownia masa sprztu i maszyn mona konkretnie powiczy cho w niektrych godzinach jest naprawd toczno i trzeba czeka a kto skoczy lub wiczy na zmian.', 178, 94),
(179, 5, 'Naprawd bardzo duy wybr sprztu zarwno do kardio jak i ciarw. Cae miejsce sprytnie i ciekawie podzielone na rne strefy wicze', 179, 86),
(180, 4, 'Pomieszczenia podzielone na sekcje siownia cardio stretching itd. Przestronne szatnie prysznice niestety brak sauny. No i minus za sprzt uszkodzony ktry dugo bywa naprawiany. I za to 4 a nie 5 gwiazdek', 180, 38),
(181, 4, 'Jest tu duo sprztu wic nawet w godzinach szczytu co si znajdzie.', 181, 83),
(182, 1, 'porwane siedziska na maszynach', 182, 14),
(183, 5, 'Fantastyczne miejsce do pracy nad sob,  wicze i fitness.', 183, 37),
(184, 2, 'Nie polecam. Jeeli nie jeste znajomym kogo z obsugi, to miejsce nie jest dla Ciebie.', 184, 62),
(185, 3, 'I fabryce formy wszyscy wiedz. Ta w Suchym Lesie taka se. Duo urzdze popsutych.', 185, 59),
(186, 4, 'Super miejscwka na \"wyycie\"si i spalenie mnstwo kalorii ?????', 186, 58),
(187, 5, 'obsuga bardzo mia i trenerzy ktrzy zawsze pomog.', 187, 59),
(188, 4, 'Jest tu duo sprztu wic nawet w godzinach szczytu co si znajdzie.', 188, 82),
(189, 2, 'Nie polecam. Jeeli nie jeste znajomym kogo z obsugi, to miejsce nie jest dla Ciebie.', 189, 16),
(190, 3, 'Brudno i na salach niezbyt dobrze pachnie...???', 190, 2),
(191, 3, 'Szkoda ze tylko abonamenty....?', 191, 62),
(192, 3, 'Silownia fajnie wyposazona ale personel do bani brak kontaktu pomocy czy czegokolwiek ??', 192, 36),
(193, 2, 'Stare, ale sprawne sprzty. Brak klimy i szatnia w toalecie', 193, 16),
(194, 4, 'Duy wybr urzdze do wiczenia', 194, 48),
(195, 2, 'Pod prysznicem brudno, w saunie smrd, a jeli chodzi o sprzt to cz jest zepsuta ??', 195, 65),
(196, 1, 'Szczerze mwic myl e to jeden z gorszych klubw.', 196, 53),
(197, 5, 'Popsuo si przez pandemie, lecz ciary nadal wa tyle samo a to najwaniejsze ??.', 197, 31),
(198, 1, 'Bardzo due braki w sprztaniu', 198, 15),
(199, 4, 'wszystko fajnie tylko szafki by sie przydao naprawic ;)', 199, 54),
(200, 2, 'mierdzi zdechym szczurem', 200, 24),
(201, 5, 'Popsuo si przez pandemie, lecz ciary nadal wa tyle samo a to najwaniejsze ??.', 201, 94),
(202, 4, 'Czysto, sympatyczna obsuga, nowoczesny sprzt, gustowny wystrj. Troch brakuje miejsca.', 202, 64),
(203, 4, 'Jest tu duo sprztu wic nawet w godzinach szczytu co si znajdzie.', 203, 41),
(204, 5, 'obsuga bardzo mia i trenerzy ktrzy zawsze pomog.', 204, 40),
(205, 5, 'Moim zdaniem najlepsza siownia', 205, 66),
(206, 3, 'Jedna z lepszych siowni, dobry sprzt oraz dobrzy fachowcy :)', 206, 50),
(207, 2, 'Najlepsza siownia w rejonje', 207, 58),
(208, 2, 'Bardzo adny klub sprzt i pywalnia super.Ale bardzo nie mie sprzataczki brudno i syf a nie chce mi si tam chodzi ????. Prysznicem zagrzybione prosz o zmian na Polski zesp sprzatajacy', 208, 61),
(209, 2, 'Nie polecam. Jeeli nie jeste znajomym kogo z obsugi, to miejsce nie jest dla Ciebie.', 209, 54),
(210, 3, 'Dobrze wyposaony klub, adne widoki, fajni prowadzcy, ale obsuga bywa czsto niemia.', 210, 62),
(211, 4, 'Czysto, sympatyczna obsuga, nowoczesny sprzt, gustowny wystrj. Troch brakuje miejsca.', 211, 24),
(212, 3, 'Fajna siownia, mia obsuga. Troch mao urzdze. Fajne zajcia. Bd musia tu wrci.?', 212, 8),
(213, 3, 'Fajna siownia, mia obsuga. Troch mao urzdze. Fajne zajcia. Bd musia tu wrci.?', 213, 85),
(214, 5, 'Moim zdaniem najlepsza siownia', 214, 87),
(215, 5, 'adna, zadbana siownia, duo sprztu, przemia obsuga ?.', 215, 2),
(216, 3, 'I fabryce formy wszyscy wiedz. Ta w Suchym Lesie taka se. Duo urzdze popsutych.', 216, 62),
(217, 2, 'Brudno, czciowo sprzt niesprawny, niedziaajce szafki, cz sprztw popsuta', 217, 41),
(218, 2, 'Nie fjniw i syf', 218, 31),
(219, 1, 'Chyba jedyna silownia ktra nie akceptuje karty Multisport ??. Jak to moliwe? Fatalnie!', 219, 69),
(220, 5, 'Bardzo czysto, przyjemnie, sprzt zadbany, mia obsuga', 220, 91),
(221, 4, 'wietna siownia. Czysto, duy wybr sprztu i super atmosfera. Trenerzy zawsze pod rk chtni do pomocy. Polecam.', 221, 54),
(222, 5, 'Bardzo czysto, przyjemnie, sprzt zadbany, mia obsuga', 222, 33),
(223, 4, 'Fajna siownia :))', 223, 59),
(224, 3, 'Lokal i dobr sprztu super', 224, 38),
(225, 1, 'Parodia siowni.', 225, 58),
(226, 2, 'Pod prysznicem brudno, w saunie smrd, a jeli chodzi o sprzt to cz jest zepsuta ??', 226, 73),
(227, 2, 'Stare, ale sprawne sprzty. Brak klimy i szatnia w toalecie', 227, 37),
(228, 1, 'Przyszedlem, postalem na recepcji poklikalem przycisk wezwij trenera i nikt nawet nie przyszedl.', 228, 22),
(229, 4, 'Fajna siownia masa sprztu i maszyn mona konkretnie powiczy cho w niektrych godzinach jest naprawd toczno i trzeba czeka a kto skoczy lub wiczy na zmian.', 229, 85),
(230, 3, 'Szkoda ze tylko abonamenty....?', 230, 68),
(231, 3, 'Spory wybr sprztu do wicze i zaj grupowych, ale na sali wiczcy zostawiony sam sobie', 231, 24),
(232, 1, 'Bardzo duo dziur w pododze, poowa maszyn oporowych jak i do Cardio nie dziaa, dua ilo szafek nie dziaa', 232, 39),
(233, 4, 'Duy wybr urzdze do wiczenia', 233, 28),
(234, 4, 'Jest tu duo sprztu wic nawet w godzinach szczytu co si znajdzie.', 234, 28),
(235, 2, 'Silownia cakiem przyjemna', 235, 55),
(236, 3, 'Dobrze wyposaony klub, adne widoki, fajni prowadzcy, ale obsuga bywa czsto niemia.', 236, 47),
(237, 1, 'Chyba jedyna silownia ktra nie akceptuje karty Multisport ??. Jak to moliwe? Fatalnie!', 237, 85),
(238, 2, 'Bardzo adny klub sprzt i pywalnia super.Ale bardzo nie mie sprzataczki brudno i syf a nie chce mi si tam chodzi ????. Prysznicem zagrzybione prosz o zmian na Polski zesp sprzatajacy', 238, 30),
(239, 1, 'Automat na napoje nie dziaa. Wrzuciem monet napoju nie dostaem, pienidzy te nie. Tragedia', 239, 38),
(240, 5, 'adna, zadbana siownia, duo sprztu, przemia obsuga ?.', 240, 44),
(241, 2, 'Najlepsza siownia w rejonje', 241, 22),
(242, 3, 'Szkoda ze tylko abonamenty....?', 242, 4),
(243, 4, 'Fajna siownia :))', 243, 95),
(244, 5, 'Naprawd bardzo duy wybr sprztu zarwno do kardio jak i ciarw. Cae miejsce sprytnie i ciekawie podzielone na rne strefy wicze', 244, 69),
(245, 1, 'Bardzo duo dziur w pododze, poowa maszyn oporowych jak i do Cardio nie dziaa, dua ilo szafek nie dziaa', 245, 86),
(246, 4, 'Super miejscwka na \"wyycie\"si i spalenie mnstwo kalorii ?????', 246, 18),
(247, 3, 'Miejsce ok.', 247, 22),
(248, 2, 'Silownia cakiem przyjemna', 248, 38),
(249, 3, 'Brudno i na salach niezbyt dobrze pachnie...???', 249, 62),
(250, 5, 'Super! Mao osb, czysto, duo dobrego sprztu - polecam gorco ??', 250, 62),
(251, 4, 'Dobrze zorganizowana siownia ze wietn lokalizacj??.', 251, 36),
(252, 5, 'Bardzo dobrze wyposaona, ogromna siownia. Mia obsuga, duy plus za caodobowe otwarcie, nawet w dni wolne. Jednym sowem bardzo polecam, spenia wszystkie moje oczekiwania.', 252, 5),
(253, 2, 'Oglnie nie polecam', 253, 46),
(254, 3, 'Silownia fajnie wyposazona ale personel do bani brak kontaktu pomocy czy czegokolwiek ??', 254, 57),
(255, 3, 'I fabryce formy wszyscy wiedz. Ta w Suchym Lesie taka se. Duo urzdze popsutych.', 255, 77),
(256, 3, 'Silownia fajnie wyposazona ale personel do bani brak kontaktu pomocy czy czegokolwiek ??', 256, 79),
(257, 5, 'obsuga bardzo mia i trenerzy ktrzy zawsze pomog.', 257, 93),
(258, 2, 'Stare, ale sprawne sprzty. Brak klimy i szatnia w toalecie', 258, 16),
(259, 4, 'wietna siownia. Czysto, duy wybr sprztu i super atmosfera. Trenerzy zawsze pod rk chtni do pomocy. Polecam.', 259, 85),
(260, 2, 'Mega lans jeli nie masz obcisych ciuchw i nie napijesz sobie skarpety w kroku to bdziesz poczegany za leszcza???', 260, 68),
(261, 5, 'Dobry duzy klub z parkingiem. Duza powierzchnia ze sprzetem do treningu silowego jak i kardio.??', 261, 47),
(262, 2, 'Nie fjniw i syf', 262, 73),
(263, 5, 'obsuga bardzo mia i trenerzy ktrzy zawsze pomog.', 263, 5),
(264, 5, 'Popsuo si przez pandemie, lecz ciary nadal wa tyle samo a to najwaniejsze ??.', 264, 62),
(265, 2, 'mierdzi zdechym szczurem', 265, 38),
(266, 2, 'mierdzi zdechym szczurem', 266, 54),
(267, 3, 'Dabym wicej gwiazdek gdyby zainwestowali w nowy sprzt', 267, 31),
(268, 1, 'Bardzo due braki w sprztaniu', 268, 54),
(269, 3, 'Fajna siownia, mia obsuga. Troch mao urzdze. Fajne zajcia. Bd musia tu wrci.?', 269, 55),
(270, 3, 'I fabryce formy wszyscy wiedz. Ta w Suchym Lesie taka se. Duo urzdze popsutych.', 270, 56),
(271, 5, 'Super! Mao osb, czysto, duo dobrego sprztu - polecam gorco ??', 271, 86),
(272, 5, 'Bardzo czysto, przyjemnie, sprzt zadbany, mia obsuga', 272, 41),
(273, 3, 'I fabryce formy wszyscy wiedz. Ta w Suchym Lesie taka se. Duo urzdze popsutych.', 273, 42),
(274, 5, 'Popsuo si przez pandemie, lecz ciary nadal wa tyle samo a to najwaniejsze ??.', 274, 24),
(275, 4, 'Jest tu duo sprztu wic nawet w godzinach szczytu co si znajdzie.', 275, 45),
(276, 5, 'Bardzo dobrze wyposaona, ogromna siownia. Mia obsuga, duy plus za caodobowe otwarcie, nawet w dni wolne. Jednym sowem bardzo polecam, spenia wszystkie moje oczekiwania.', 276, 67),
(277, 2, 'Najlepsza siownia w rejonje', 277, 18),
(278, 3, 'Szkoda ze tylko abonamenty....?', 278, 73),
(279, 4, 'Czysto, sympatyczna obsuga, nowoczesny sprzt, gustowny wystrj. Troch brakuje miejsca.', 279, 25),
(280, 3, 'Szkoda ze tylko abonamenty....?', 280, 58),
(281, 3, 'Dabym wicej gwiazdek gdyby zainwestowali w nowy sprzt', 281, 16),
(282, 4, 'wietna siownia. Czysto, duy wybr sprztu i super atmosfera. Trenerzy zawsze pod rk chtni do pomocy. Polecam.', 282, 59),
(283, 5, 'Duo sprztu.?? Mia obsuga zawsze gotowa do pomocy. Godziny otwarcia to bajka i to za cen karnetu w Polsce. Gorco polecam', 283, 28),
(284, 1, 'Chyba jedyna silownia ktra nie akceptuje karty Multisport ??. Jak to moliwe? Fatalnie!', 284, 16),
(285, 3, 'Oglnie klub wyglada fajnie, w szatniach czysto, sauna super :)', 285, 16),
(286, 4, 'Bez zastrzee. Duo sprztu, Duo maszyn, siownia bardzo przestrzenna gdzie personel dba o czysto i porzdek ??. Jedyne czego brakuje to chociaby bufetu.', 286, 15),
(287, 4, 'Fajna siownia masa sprztu i maszyn mona konkretnie powiczy cho w niektrych godzinach jest naprawd toczno i trzeba czeka a kto skoczy lub wiczy na zmian.', 287, 79),
(288, 3, 'Dobrze wyposaony klub, adne widoki, fajni prowadzcy, ale obsuga bywa czsto niemia.', 288, 17),
(289, 3, 'Lokal i dobr sprztu super', 289, 86),
(290, 1, 'Grzyb na sufitach i pod prysznicami', 290, 83),
(291, 3, 'Lokal i dobr sprztu super', 291, 25),
(292, 4, 'Jest tu duo sprztu wic nawet w godzinach szczytu co si znajdzie.', 292, 5),
(293, 4, 'Duy wybr urzdze do wiczenia', 293, 86),
(294, 5, 'Dobry duzy klub z parkingiem. Duza powierzchnia ze sprzetem do treningu silowego jak i kardio.??', 294, 31),
(295, 1, 'Chyba jedyna silownia ktra nie akceptuje karty Multisport ??. Jak to moliwe? Fatalnie!', 295, 67),
(296, 3, 'Miejsce ok.', 296, 83),
(297, 5, 'Super! Mao osb, czysto, duo dobrego sprztu - polecam gorco ??', 297, 24),
(298, 1, 'Poowa szafek jest niesprawna. S pozacinane, maj urwane drzwiczki,', 298, 20),
(299, 1, 'Grzyb na sufitach i pod prysznicami', 299, 15),
(300, 5, 'Dobry duzy klub z parkingiem. Duza powierzchnia ze sprzetem do treningu silowego jak i kardio.??', 300, 22),
(301, 4, 'wszystko fajnie tylko szafki by sie przydao naprawic ;)', 301, 67),
(302, 2, 'Brudno, czciowo sprzt niesprawny, niedziaajce szafki, cz sprztw popsuta', 302, 2),
(303, 3, 'Oglnie klub wyglada fajnie, w szatniach czysto, sauna super :)', 303, 5),
(304, 2, 'azienki w fatalnym stanie ??. Rowalajace si szafki.', 304, 88),
(305, 2, 'Stare, ale sprawne sprzty. Brak klimy i szatnia w toalecie', 305, 38),
(306, 4, 'Czysto, sympatyczna obsuga, nowoczesny sprzt, gustowny wystrj. Troch brakuje miejsca.', 306, 59),
(307, 2, 'Oglnie nie polecam', 307, 57),
(308, 1, 'od jaki 2-3 miesicy nie ma suszarki', 308, 42),
(309, 4, 'Czysto, sympatyczna obsuga, nowoczesny sprzt, gustowny wystrj. Troch brakuje miejsca.', 309, 73),
(310, 1, 'Bardzo due braki w sprztaniu', 310, 37),
(311, 5, 'Popsuo si przez pandemie, lecz ciary nadal wa tyle samo a to najwaniejsze ??.', 311, 62),
(312, 4, 'Czysto, sympatyczna obsuga, nowoczesny sprzt, gustowny wystrj. Troch brakuje miejsca.', 312, 5),
(313, 4, 'Nowoczesny wystrj i bardzo dobry sprzt, ciekawe cyber treningi. Niestety czsto jest tam zbyt duszno i brakuje rodkw do dezynfekcji', 313, 25),
(314, 2, 'Bardzo adny klub sprzt i pywalnia super.Ale bardzo nie mie sprzataczki brudno i syf a nie chce mi si tam chodzi ????. Prysznicem zagrzybione prosz o zmian na Polski zesp sprzatajacy', 314, 57),
(315, 3, 'Dobrze wyposaony klub, adne widoki, fajni prowadzcy, ale obsuga bywa czsto niemia.', 315, 31),
(316, 1, 'od jaki 2-3 miesicy nie ma suszarki', 316, 83),
(317, 3, 'Miejsce ok.', 317, 5),
(318, 5, 'Duo sprztu.?? Mia obsuga zawsze gotowa do pomocy. Godziny otwarcia to bajka i to za cen karnetu w Polsce. Gorco polecam', 318, 83),
(319, 4, 'Fajna siownia masa sprztu i maszyn mona konkretnie powiczy cho w niektrych godzinach jest naprawd toczno i trzeba czeka a kto skoczy lub wiczy na zmian.', 319, 24),
(320, 3, 'Oglnie klub wyglada fajnie, w szatniach czysto, sauna super :)', 320, 17),
(321, 3, 'Brudno i na salach niezbyt dobrze pachnie...???', 321, 20),
(322, 3, 'Oglnie klub wyglada fajnie, w szatniach czysto, sauna super :)', 322, 89),
(323, 4, 'Pomieszczenia podzielone na sekcje siownia cardio stretching itd. Przestronne szatnie prysznice niestety brak sauny. No i minus za sprzt uszkodzony ktry dugo bywa naprawiany. I za to 4 a nie 5 gwiazdek', 323, 12),
(324, 2, 'mierdzi zdechym szczurem', 324, 86),
(325, 1, 'Poowa szafek jest niesprawna. S pozacinane, maj urwane drzwiczki,', 325, 83),
(326, 3, 'Szkoda ze tylko abonamenty....?', 326, 67),
(327, 4, 'Czysto, sympatyczna obsuga, nowoczesny sprzt, gustowny wystrj. Troch brakuje miejsca.', 327, 41),
(328, 4, 'wietna siownia. Czysto, duy wybr sprztu i super atmosfera. Trenerzy zawsze pod rk chtni do pomocy. Polecam.', 328, 56),
(329, 4, 'Jest tu duo sprztu wic nawet w godzinach szczytu co si znajdzie.', 329, 35),
(330, 5, 'obsuga bardzo mia i trenerzy ktrzy zawsze pomog.', 330, 20),
(331, 5, 'Bardzo dobrze wyposaona, ogromna siownia. Mia obsuga, duy plus za caodobowe otwarcie, nawet w dni wolne. Jednym sowem bardzo polecam, spenia wszystkie moje oczekiwania.', 331, 65),
(332, 3, 'I fabryce formy wszyscy wiedz. Ta w Suchym Lesie taka se. Duo urzdze popsutych.', 332, 38),
(333, 2, 'Silownia cakiem przyjemna', 333, 58),
(334, 4, 'Nowoczesny wystrj i bardzo dobry sprzt, ciekawe cyber treningi. Niestety czsto jest tam zbyt duszno i brakuje rodkw do dezynfekcji', 334, 9),
(335, 3, 'Szkoda ze tylko abonamenty....?', 335, 85),
(336, 1, 'Parodia siowni.', 336, 65),
(337, 5, 'Bardzo czysto, przyjemnie, sprzt zadbany, mia obsuga', 337, 31),
(338, 4, 'Pomieszczenia podzielone na sekcje siownia cardio stretching itd. Przestronne szatnie prysznice niestety brak sauny. No i minus za sprzt uszkodzony ktry dugo bywa naprawiany. I za to 4 a nie 5 gwiazdek', 338, 85),
(339, 3, 'Fajna siownia, mia obsuga. Troch mao urzdze. Fajne zajcia. Bd musia tu wrci.?', 339, 64),
(340, 3, 'Silownia fajnie wyposazona ale personel do bani brak kontaktu pomocy czy czegokolwiek ??', 340, 69),
(341, 5, 'Najlepsza i najnowoczeniejsza siownia w okolicy ??.', 341, 19),
(342, 2, 'Silownia cakiem przyjemna', 342, 69),
(343, 3, 'Oglnie klub wyglada fajnie, w szatniach czysto, sauna super :)', 343, 67),
(344, 3, 'Fajna siownia, mia obsuga. Troch mao urzdze. Fajne zajcia. Bd musia tu wrci.?', 344, 68),
(345, 4, 'Pomieszczenia podzielone na sekcje siownia cardio stretching itd. Przestronne szatnie prysznice niestety brak sauny. No i minus za sprzt uszkodzony ktry dugo bywa naprawiany. I za to 4 a nie 5 gwiazdek', 345, 48),
(346, 3, 'Fajna siownia, mia obsuga. Troch mao urzdze. Fajne zajcia. Bd musia tu wrci.?', 346, 38),
(347, 1, 'Poowa szafek jest niesprawna. S pozacinane, maj urwane drzwiczki,', 347, 41),
(348, 2, 'Najlepsza siownia w rejonje', 348, 55),
(349, 5, 'Bardzo czysto, przyjemnie, sprzt zadbany, mia obsuga', 349, 75),
(350, 4, 'Duy wybr urzdze do wiczenia', 350, 67),
(351, 2, 'Nie polecam. Jeeli nie jeste znajomym kogo z obsugi, to miejsce nie jest dla Ciebie.', 351, 15),
(352, 2, 'Mega lans jeli nie masz obcisych ciuchw i nie napijesz sobie skarpety w kroku to bdziesz poczegany za leszcza???', 352, 17),
(353, 5, 'Dobry duzy klub z parkingiem. Duza powierzchnia ze sprzetem do treningu silowego jak i kardio.??', 353, 83),
(354, 3, 'Szkoda ze tylko abonamenty....?', 354, 48),
(355, 5, 'obsuga bardzo mia i trenerzy ktrzy zawsze pomog.', 355, 18),
(356, 4, 'Duy wybr urzdze do wiczenia', 356, 9),
(357, 4, 'Jest tu duo sprztu wic nawet w godzinach szczytu co si znajdzie.', 357, 17),
(358, 3, 'Lokal i dobr sprztu super', 358, 67),
(359, 2, 'Silownia cakiem przyjemna', 359, 86),
(360, 2, 'Silownia cakiem przyjemna', 360, 83),
(361, 3, 'Spory wybr sprztu do wicze i zaj grupowych, ale na sali wiczcy zostawiony sam sobie', 361, 62),
(362, 1, 'Bardzo duo dziur w pododze, poowa maszyn oporowych jak i do Cardio nie dziaa, dua ilo szafek nie dziaa', 362, 82),
(363, 1, 'od jaki 2-3 miesicy nie ma suszarki', 363, 95),
(364, 3, 'Miejsce ok.', 364, 25),
(365, 5, 'Naprawd bardzo duy wybr sprztu zarwno do kardio jak i ciarw. Cae miejsce sprytnie i ciekawie podzielone na rne strefy wicze', 365, 75),
(366, 3, 'Fajna siownia, mia obsuga. Troch mao urzdze. Fajne zajcia. Bd musia tu wrci.?', 366, 54),
(367, 3, 'Dabym wicej gwiazdek gdyby zainwestowali w nowy sprzt', 367, 41),
(368, 2, 'Bardzo adny klub sprzt i pywalnia super.Ale bardzo nie mie sprzataczki brudno i syf a nie chce mi si tam chodzi ????. Prysznicem zagrzybione prosz o zmian na Polski zesp sprzatajacy', 368, 66),
(369, 2, 'Brudno, czciowo sprzt niesprawny, niedziaajce szafki, cz sprztw popsuta', 369, 18),
(370, 2, 'Silownia cakiem przyjemna', 370, 37),
(371, 2, 'Mega lans jeli nie masz obcisych ciuchw i nie napijesz sobie skarpety w kroku to bdziesz poczegany za leszcza???', 371, 14),
(372, 4, 'Czysto, sympatyczna obsuga, nowoczesny sprzt, gustowny wystrj. Troch brakuje miejsca.', 372, 90),
(373, 1, 'Chyba jedyna silownia ktra nie akceptuje karty Multisport ??. Jak to moliwe? Fatalnie!', 373, 28),
(374, 3, 'Spory wybr sprztu do wicze i zaj grupowych, ale na sali wiczcy zostawiony sam sobie', 374, 79),
(375, 4, 'wszystko fajnie tylko szafki by sie przydao naprawic ;)', 375, 68),
(376, 2, 'azienki w fatalnym stanie ??. Rowalajace si szafki.', 376, 62),
(377, 5, 'Fantastyczne miejsce do pracy nad sob,  wicze i fitness.', 377, 48),
(378, 3, 'Fajna siownia, mia obsuga. Troch mao urzdze. Fajne zajcia. Bd musia tu wrci.?', 378, 94),
(379, 1, 'Poowa szafek jest niesprawna. S pozacinane, maj urwane drzwiczki,', 379, 14),
(380, 4, 'Dobrze zorganizowana siownia ze wietn lokalizacj??.', 380, 57),
(381, 3, 'Dabym wicej gwiazdek gdyby zainwestowali w nowy sprzt', 381, 48),
(382, 4, 'Duy wybr urzdze do wiczenia', 382, 38),
(383, 3, 'Lokal i dobr sprztu super', 383, 16),
(384, 1, 'od jaki 2-3 miesicy nie ma suszarki', 384, 14),
(385, 3, 'Dobrze wyposaony klub, adne widoki, fajni prowadzcy, ale obsuga bywa czsto niemia.', 385, 39),
(386, 1, 'Bardzo duo dziur w pododze, poowa maszyn oporowych jak i do Cardio nie dziaa, dua ilo szafek nie dziaa', 386, 83),
(387, 2, 'Bardzo adny klub sprzt i pywalnia super.Ale bardzo nie mie sprzataczki brudno i syf a nie chce mi si tam chodzi ????. Prysznicem zagrzybione prosz o zmian na Polski zesp sprzatajacy', 387, 13),
(388, 2, 'mierdzi zdechym szczurem', 388, 48),
(389, 2, 'Pod prysznicem brudno, w saunie smrd, a jeli chodzi o sprzt to cz jest zepsuta ??', 389, 27),
(390, 4, 'wietna siownia. Czysto, duy wybr sprztu i super atmosfera. Trenerzy zawsze pod rk chtni do pomocy. Polecam.', 390, 57),
(391, 4, 'Dobrze zorganizowana siownia ze wietn lokalizacj??.', 391, 36),
(392, 5, 'adna, zadbana siownia, duo sprztu, przemia obsuga ?.', 392, 94),
(393, 5, 'Bardzo czysto, przyjemnie, sprzt zadbany, mia obsuga', 393, 62),
(394, 4, 'wszystko fajnie tylko szafki by sie przydao naprawic ;)', 394, 69),
(395, 4, 'Duy wybr urzdze do wiczenia', 395, 22),
(396, 4, 'Duy wybr urzdze do wiczenia', 396, 19),
(397, 5, 'Popsuo si przez pandemie, lecz ciary nadal wa tyle samo a to najwaniejsze ??.', 397, 57),
(398, 2, 'Bardzo adny klub sprzt i pywalnia super.Ale bardzo nie mie sprzataczki brudno i syf a nie chce mi si tam chodzi ????. Prysznicem zagrzybione prosz o zmian na Polski zesp sprzatajacy', 398, 73),
(399, 4, 'Pomieszczenia podzielone na sekcje siownia cardio stretching itd. Przestronne szatnie prysznice niestety brak sauny. No i minus za sprzt uszkodzony ktry dugo bywa naprawiany. I za to 4 a nie 5 gwiazdek', 399, 46),
(400, 5, 'Najlepsza i najnowoczeniejsza siownia w okolicy ??.', 400, 22),
(401, 1, 'Bardzo due braki w sprztaniu', 401, 95),
(402, 2, 'mierdzi zdechym szczurem', 402, 45),
(403, 1, 'Wrciem po przerwie i brak kart parkingowych, szafki rozpieprzone, steppery wszystkie zepsute. enada', 403, 67),
(404, 5, 'Naprawd bardzo duy wybr sprztu zarwno do kardio jak i ciarw. Cae miejsce sprytnie i ciekawie podzielone na rne strefy wicze', 404, 95),
(405, 5, 'Duo sprztu.?? Mia obsuga zawsze gotowa do pomocy. Godziny otwarcia to bajka i to za cen karnetu w Polsce. Gorco polecam', 405, 58),
(406, 2, 'Mega lans jeli nie masz obcisych ciuchw i nie napijesz sobie skarpety w kroku to bdziesz poczegany za leszcza???', 406, 16),
(407, 5, 'Popsuo si przez pandemie, lecz ciary nadal wa tyle samo a to najwaniejsze ??.', 407, 67),
(408, 5, 'Najlepsza i najnowoczeniejsza siownia w okolicy ??.', 408, 84),
(409, 3, 'Fajna siownia, mia obsuga. Troch mao urzdze. Fajne zajcia. Bd musia tu wrci.?', 409, 43),
(410, 5, 'Super! Mao osb, czysto, duo dobrego sprztu - polecam gorco ??', 410, 83),
(411, 4, 'wietna siownia. Czysto, duy wybr sprztu i super atmosfera. Trenerzy zawsze pod rk chtni do pomocy. Polecam.', 411, 17),
(412, 1, 'Chyba jedyna silownia ktra nie akceptuje karty Multisport ??. Jak to moliwe? Fatalnie!', 412, 77),
(413, 4, 'Super miejscwka na \"wyycie\"si i spalenie mnstwo kalorii ?????', 413, 4),
(414, 5, 'Najlepsza i najnowoczeniejsza siownia w okolicy ??.', 414, 79),
(415, 5, 'Dobry duzy klub z parkingiem. Duza powierzchnia ze sprzetem do treningu silowego jak i kardio.??', 415, 41),
(416, 5, 'Dobry duzy klub z parkingiem. Duza powierzchnia ze sprzetem do treningu silowego jak i kardio.??', 416, 83),
(417, 4, 'Super miejscwka na \"wyycie\"si i spalenie mnstwo kalorii ?????', 417, 41),
(418, 4, 'Pomieszczenia podzielone na sekcje siownia cardio stretching itd. Przestronne szatnie prysznice niestety brak sauny. No i minus za sprzt uszkodzony ktry dugo bywa naprawiany. I za to 4 a nie 5 gwiazdek', 418, 94),
(419, 1, 'Chyba jedyna silownia ktra nie akceptuje karty Multisport ??. Jak to moliwe? Fatalnie!', 419, 41),
(420, 4, 'wszystko fajnie tylko szafki by sie przydao naprawic ;)', 420, 15),
(421, 5, 'Fantastyczne miejsce do pracy nad sob,  wicze i fitness.', 421, 85),
(422, 2, 'Najlepsza siownia w rejonje', 422, 17),
(423, 1, 'Bardzo duo dziur w pododze, poowa maszyn oporowych jak i do Cardio nie dziaa, dua ilo szafek nie dziaa', 423, 16),
(424, 3, 'Dobrze wyposaony klub, adne widoki, fajni prowadzcy, ale obsuga bywa czsto niemia.', 424, 5),
(425, 1, 'Bardzo due braki w sprztaniu', 425, 16),
(426, 5, 'obsuga bardzo mia i trenerzy ktrzy zawsze pomog.', 426, 47),
(427, 1, 'Grzyb na sufitach i pod prysznicami', 427, 62),
(428, 2, 'azienki w fatalnym stanie ??. Rowalajace si szafki.', 428, 94),
(429, 4, 'Nowoczesny wystrj i bardzo dobry sprzt, ciekawe cyber treningi. Niestety czsto jest tam zbyt duszno i brakuje rodkw do dezynfekcji', 429, 89),
(430, 1, 'Automat na napoje nie dziaa. Wrzuciem monet napoju nie dostaem, pienidzy te nie. Tragedia', 430, 83),
(431, 4, 'wszystko fajnie tylko szafki by sie przydao naprawic ;)', 431, 91),
(432, 3, 'Miejsce ok.', 432, 38),
(433, 2, 'Mega lans jeli nie masz obcisych ciuchw i nie napijesz sobie skarpety w kroku to bdziesz poczegany za leszcza???', 433, 14),
(434, 4, 'Duy wybr urzdze do wiczenia', 434, 86),
(435, 2, 'Nie fjniw i syf', 435, 69),
(436, 1, 'Bardzo due braki w sprztaniu', 436, 95),
(437, 5, 'Duo sprztu.?? Mia obsuga zawsze gotowa do pomocy. Godziny otwarcia to bajka i to za cen karnetu w Polsce. Gorco polecam', 437, 17),
(438, 3, 'Silownia fajnie wyposazona ale personel do bani brak kontaktu pomocy czy czegokolwiek ??', 438, 87),
(439, 4, 'wietna siownia. Czysto, duy wybr sprztu i super atmosfera. Trenerzy zawsze pod rk chtni do pomocy. Polecam.', 439, 28),
(440, 4, 'wietna siownia. Czysto, duy wybr sprztu i super atmosfera. Trenerzy zawsze pod rk chtni do pomocy. Polecam.', 440, 23),
(441, 5, 'Moim zdaniem najlepsza siownia', 441, 5),
(442, 5, 'Popsuo si przez pandemie, lecz ciary nadal wa tyle samo a to najwaniejsze ??.', 442, 24),
(443, 2, 'Silownia cakiem przyjemna', 443, 39),
(444, 5, 'Naprawd bardzo duy wybr sprztu zarwno do kardio jak i ciarw. Cae miejsce sprytnie i ciekawie podzielone na rne strefy wicze', 444, 33),
(445, 3, 'Lokal i dobr sprztu super', 445, 6),
(446, 5, 'Najlepsza i najnowoczeniejsza siownia w okolicy ??.', 446, 55),
(447, 1, 'od jaki 2-3 miesicy nie ma suszarki', 447, 83),
(448, 4, 'wietna siownia. Czysto, duy wybr sprztu i super atmosfera. Trenerzy zawsze pod rk chtni do pomocy. Polecam.', 448, 65),
(449, 4, 'Bez zastrzee. Duo sprztu, Duo maszyn, siownia bardzo przestrzenna gdzie personel dba o czysto i porzdek ??. Jedyne czego brakuje to chociaby bufetu.', 449, 77),
(450, 1, 'Chyba jedyna silownia ktra nie akceptuje karty Multisport ??. Jak to moliwe? Fatalnie!', 450, 13),
(451, 4, 'wszystko fajnie tylko szafki by sie przydao naprawic ;)', 451, 87),
(452, 3, 'Szkoda ze tylko abonamenty....?', 452, 57),
(453, 4, 'wszystko fajnie tylko szafki by sie przydao naprawic ;)', 453, 19),
(454, 2, 'Najlepsza siownia w rejonje', 454, 25),
(455, 1, 'Szczerze mwic myl e to jeden z gorszych klubw.', 455, 56),
(456, 2, 'Nie polecam. Jeeli nie jeste znajomym kogo z obsugi, to miejsce nie jest dla Ciebie.', 456, 28),
(457, 1, 'Parodia siowni.', 457, 61),
(458, 3, 'Dobrze wyposaony klub, adne widoki, fajni prowadzcy, ale obsuga bywa czsto niemia.', 458, 16),
(459, 4, 'Nowoczesny wystrj i bardzo dobry sprzt, ciekawe cyber treningi. Niestety czsto jest tam zbyt duszno i brakuje rodkw do dezynfekcji', 459, 61),
(460, 1, 'porwane siedziska na maszynach', 460, 35),
(461, 5, 'Dobry duzy klub z parkingiem. Duza powierzchnia ze sprzetem do treningu silowego jak i kardio.??', 461, 57),
(462, 3, 'Silownia fajnie wyposazona ale personel do bani brak kontaktu pomocy czy czegokolwiek ??', 462, 89),
(463, 1, 'Bardzo due braki w sprztaniu', 463, 64),
(464, 2, 'Najlepsza siownia w rejonje', 464, 67),
(465, 3, 'Brudno i na salach niezbyt dobrze pachnie...???', 465, 43),
(466, 2, 'Bardzo adny klub sprzt i pywalnia super.Ale bardzo nie mie sprzataczki brudno i syf a nie chce mi si tam chodzi ????. Prysznicem zagrzybione prosz o zmian na Polski zesp sprzatajacy', 466, 67),
(467, 4, 'Dobrze zorganizowana siownia ze wietn lokalizacj??.', 467, 22),
(468, 4, 'wietna siownia. Czysto, duy wybr sprztu i super atmosfera. Trenerzy zawsze pod rk chtni do pomocy. Polecam.', 468, 55),
(469, 5, 'obsuga bardzo mia i trenerzy ktrzy zawsze pomog.', 469, 90),
(470, 4, 'Pomieszczenia podzielone na sekcje siownia cardio stretching itd. Przestronne szatnie prysznice niestety brak sauny. No i minus za sprzt uszkodzony ktry dugo bywa naprawiany. I za to 4 a nie 5 gwiazdek', 470, 66),
(471, 5, 'Fantastyczne miejsce do pracy nad sob,  wicze i fitness.', 471, 55),
(472, 2, 'Oglnie nie polecam', 472, 36),
(473, 2, 'mierdzi zdechym szczurem', 473, 95),
(474, 2, 'Bardzo adny klub sprzt i pywalnia super.Ale bardzo nie mie sprzataczki brudno i syf a nie chce mi si tam chodzi ????. Prysznicem zagrzybione prosz o zmian na Polski zesp sprzatajacy', 474, 29),
(475, 1, 'Chyba jedyna silownia ktra nie akceptuje karty Multisport ??. Jak to moliwe? Fatalnie!', 475, 42),
(476, 2, 'Najlepsza siownia w rejonje', 476, 16),
(477, 4, 'Super miejscwka na \"wyycie\"si i spalenie mnstwo kalorii ?????', 477, 16),
(478, 1, 'od jaki 2-3 miesicy nie ma suszarki', 478, 65),
(479, 3, 'I fabryce formy wszyscy wiedz. Ta w Suchym Lesie taka se. Duo urzdze popsutych.', 479, 43),
(480, 4, 'Duy wybr urzdze do wiczenia', 480, 64),
(481, 1, 'Poowa szafek jest niesprawna. S pozacinane, maj urwane drzwiczki,', 481, 86),
(482, 1, 'Bardzo due braki w sprztaniu', 482, 75),
(483, 1, 'porwane siedziska na maszynach', 483, 5),
(484, 2, 'Nie fjniw i syf', 484, 67),
(485, 4, 'Duy wybr urzdze do wiczenia', 485, 29),
(486, 2, 'Pod prysznicem brudno, w saunie smrd, a jeli chodzi o sprzt to cz jest zepsuta ??', 486, 48),
(487, 2, 'Bardzo adny klub sprzt i pywalnia super.Ale bardzo nie mie sprzataczki brudno i syf a nie chce mi si tam chodzi ????. Prysznicem zagrzybione prosz o zmian na Polski zesp sprzatajacy', 487, 85),
(488, 1, 'od jaki 2-3 miesicy nie ma suszarki', 488, 85),
(489, 1, 'Automat na napoje nie dziaa. Wrzuciem monet napoju nie dostaem, pienidzy te nie. Tragedia', 489, 61),
(490, 1, 'Przyszedlem, postalem na recepcji poklikalem przycisk wezwij trenera i nikt nawet nie przyszedl.', 490, 85),
(491, 2, 'Bardzo adny klub sprzt i pywalnia super.Ale bardzo nie mie sprzataczki brudno i syf a nie chce mi si tam chodzi ????. Prysznicem zagrzybione prosz o zmian na Polski zesp sprzatajacy', 491, 91),
(492, 5, 'Bardzo czysto, przyjemnie, sprzt zadbany, mia obsuga', 492, 47),
(493, 1, 'od jaki 2-3 miesicy nie ma suszarki', 493, 16),
(494, 5, 'Duo sprztu.?? Mia obsuga zawsze gotowa do pomocy. Godziny otwarcia to bajka i to za cen karnetu w Polsce. Gorco polecam', 494, 95),
(495, 4, 'Super miejscwka na \"wyycie\"si i spalenie mnstwo kalorii ?????', 495, 61),
(496, 5, 'Duo sprztu.?? Mia obsuga zawsze gotowa do pomocy. Godziny otwarcia to bajka i to za cen karnetu w Polsce. Gorco polecam', 496, 75),
(497, 1, 'od jaki 2-3 miesicy nie ma suszarki', 497, 48),
(498, 3, 'Szkoda ze tylko abonamenty....?', 498, 33),
(499, 4, 'Pomieszczenia podzielone na sekcje siownia cardio stretching itd. Przestronne szatnie prysznice niestety brak sauny. No i minus za sprzt uszkodzony ktry dugo bywa naprawiany. I za to 4 a nie 5 gwiazdek', 499, 15),
(500, 1, 'Bardzo due braki w sprztaniu', 500, 48),
(501, 3, 'Oglnie klub wyglada fajnie, w szatniach czysto, sauna super :)', 501, 58),
(502, 4, 'Jest tu duo sprztu wic nawet w godzinach szczytu co si znajdzie.', 502, 37),
(503, 4, 'Jest tu duo sprztu wic nawet w godzinach szczytu co si znajdzie.', 503, 15),
(504, 5, 'Dobry duzy klub z parkingiem. Duza powierzchnia ze sprzetem do treningu silowego jak i kardio.??', 504, 75),
(505, 5, 'Fantastyczne miejsce do pracy nad sob,  wicze i fitness.', 505, 85),
(506, 2, 'Pod prysznicem brudno, w saunie smrd, a jeli chodzi o sprzt to cz jest zepsuta ??', 506, 41),
(507, 5, 'Dobry duzy klub z parkingiem. Duza powierzchnia ze sprzetem do treningu silowego jak i kardio.??', 507, 89),
(508, 2, 'azienki w fatalnym stanie ??. Rowalajace si szafki.', 508, 75),
(509, 1, 'Poowa szafek jest niesprawna. S pozacinane, maj urwane drzwiczki,', 509, 28),
(510, 4, 'Pomieszczenia podzielone na sekcje siownia cardio stretching itd. Przestronne szatnie prysznice niestety brak sauny. No i minus za sprzt uszkodzony ktry dugo bywa naprawiany. I za to 4 a nie 5 gwiazdek', 510, 73),
(511, 3, 'Oglnie klub wyglada fajnie, w szatniach czysto, sauna super :)', 511, 59),
(512, 3, 'Oglnie klub wyglada fajnie, w szatniach czysto, sauna super :)', 512, 95),
(513, 5, 'Fantastyczne miejsce do pracy nad sob,  wicze i fitness.', 513, 90);
INSERT INTO `gym_reviews` (`gym_review_id`, `gym_mark`, `gym_review_descript`, `user_id`, `gym_id`) VALUES
(514, 2, 'azienki w fatalnym stanie ??. Rowalajace si szafki.', 514, 12),
(515, 3, 'Brudno i na salach niezbyt dobrze pachnie...???', 515, 41),
(516, 5, 'Super! Mao osb, czysto, duo dobrego sprztu - polecam gorco ??', 516, 38),
(517, 5, 'Dobry duzy klub z parkingiem. Duza powierzchnia ze sprzetem do treningu silowego jak i kardio.??', 517, 44),
(518, 2, 'Brudno, czciowo sprzt niesprawny, niedziaajce szafki, cz sprztw popsuta', 518, 14),
(519, 3, 'Dabym wicej gwiazdek gdyby zainwestowali w nowy sprzt', 519, 15),
(520, 2, 'Silownia cakiem przyjemna', 520, 15),
(521, 2, 'azienki w fatalnym stanie ??. Rowalajace si szafki.', 521, 16),
(522, 2, 'Mega lans jeli nie masz obcisych ciuchw i nie napijesz sobie skarpety w kroku to bdziesz poczegany za leszcza???', 522, 75),
(523, 1, 'Bardzo duo dziur w pododze, poowa maszyn oporowych jak i do Cardio nie dziaa, dua ilo szafek nie dziaa', 523, 95),
(524, 2, 'mierdzi zdechym szczurem', 524, 46),
(525, 2, 'Pod prysznicem brudno, w saunie smrd, a jeli chodzi o sprzt to cz jest zepsuta ??', 525, 53),
(526, 4, 'Super miejscwka na \"wyycie\"si i spalenie mnstwo kalorii ?????', 526, 48),
(527, 4, 'Fajna siownia masa sprztu i maszyn mona konkretnie powiczy cho w niektrych godzinach jest naprawd toczno i trzeba czeka a kto skoczy lub wiczy na zmian.', 527, 27),
(528, 2, 'Bardzo adny klub sprzt i pywalnia super.Ale bardzo nie mie sprzataczki brudno i syf a nie chce mi si tam chodzi ????. Prysznicem zagrzybione prosz o zmian na Polski zesp sprzatajacy', 528, 90),
(529, 5, 'Bardzo czysto, przyjemnie, sprzt zadbany, mia obsuga', 529, 17),
(530, 3, 'Oglnie klub wyglada fajnie, w szatniach czysto, sauna super :)', 530, 88),
(531, 3, 'Jedna z lepszych siowni, dobry sprzt oraz dobrzy fachowcy :)', 531, 57),
(532, 3, 'I fabryce formy wszyscy wiedz. Ta w Suchym Lesie taka se. Duo urzdze popsutych.', 532, 58),
(533, 1, 'Chyba jedyna silownia ktra nie akceptuje karty Multisport ??. Jak to moliwe? Fatalnie!', 533, 95),
(534, 3, 'Lokal i dobr sprztu super', 534, 38),
(535, 4, 'Nowoczesny wystrj i bardzo dobry sprzt, ciekawe cyber treningi. Niestety czsto jest tam zbyt duszno i brakuje rodkw do dezynfekcji', 535, 61),
(536, 2, 'Pod prysznicem brudno, w saunie smrd, a jeli chodzi o sprzt to cz jest zepsuta ??', 536, 56),
(537, 2, 'Mega lans jeli nie masz obcisych ciuchw i nie napijesz sobie skarpety w kroku to bdziesz poczegany za leszcza???', 537, 37),
(538, 1, 'Wrciem po przerwie i brak kart parkingowych, szafki rozpieprzone, steppery wszystkie zepsute. enada', 538, 83),
(539, 3, 'Fajna siownia, mia obsuga. Troch mao urzdze. Fajne zajcia. Bd musia tu wrci.?', 539, 58),
(540, 3, 'Silownia fajnie wyposazona ale personel do bani brak kontaktu pomocy czy czegokolwiek ??', 540, 48),
(541, 3, 'Brudno i na salach niezbyt dobrze pachnie...???', 541, 15),
(542, 5, 'Super! Mao osb, czysto, duo dobrego sprztu - polecam gorco ??', 542, 62),
(543, 2, 'Nie polecam. Jeeli nie jeste znajomym kogo z obsugi, to miejsce nie jest dla Ciebie.', 543, 43),
(544, 3, 'Lokal i dobr sprztu super', 544, 16),
(545, 2, 'Pod prysznicem brudno, w saunie smrd, a jeli chodzi o sprzt to cz jest zepsuta ??', 545, 48),
(546, 4, 'Pomieszczenia podzielone na sekcje siownia cardio stretching itd. Przestronne szatnie prysznice niestety brak sauny. No i minus za sprzt uszkodzony ktry dugo bywa naprawiany. I za to 4 a nie 5 gwiazdek', 546, 38),
(547, 5, 'Bardzo czysto, przyjemnie, sprzt zadbany, mia obsuga', 547, 89),
(548, 2, 'mierdzi zdechym szczurem', 548, 16);

-- --------------------------------------------------------

--
-- Struktura tabeli dla tabeli `trainers`
--

DROP TABLE IF EXISTS `trainers`;
CREATE TABLE IF NOT EXISTS `trainers` (
  `trainer_id` int NOT NULL,
  `specialization` varchar(50) CHARACTER SET utf8 COLLATE utf8_polish_ci NOT NULL,
  `email` varchar(50) CHARACTER SET utf8 COLLATE utf8_polish_ci DEFAULT NULL,
  `password` varchar(50) CHARACTER SET utf8 COLLATE utf8_polish_ci DEFAULT NULL,
  `gym_id` int NOT NULL,
  `name` varchar(50) CHARACTER SET utf8 COLLATE utf8_polish_ci DEFAULT NULL,
  `surname` varchar(50) CHARACTER SET utf8 COLLATE utf8_polish_ci DEFAULT NULL,
  `prize_per_hour` double NOT NULL,
  `profile_picture` varchar(100) CHARACTER SET utf8 COLLATE utf8_polish_ci NOT NULL,
  `trainer_descript` text COLLATE utf8_polish_ci NOT NULL,
  PRIMARY KEY (`trainer_id`),
  KEY `gym_id` (`gym_id`)
) ENGINE=InnoDB DEFAULT CHARSET=utf8mb3 COLLATE=utf8_polish_ci;

--
-- Zrzut danych tabeli `trainers`
--

INSERT INTO `trainers` (`trainer_id`, `specialization`, `email`, `password`, `gym_id`, `name`, `surname`, `prize_per_hour`, `profile_picture`, `trainer_descript`) VALUES
(0, 'Fitness', 'Olaf.Czarnec8@gmail.com', 'c984aed014aec7623a54f0591da07a85fd4b762d', 82, 'Olaf', 'Czarnec', 110, 'image (22).jpg', ''),
(1, 'Fitness', 'Kira.Wieczorek7@zoho.com', 'c984aed014aec7623a54f0591da07a85fd4b762d', 67, 'Kira', 'Wieczorek', 150, 'image (0).jpg', ''),
(2, 'Bouldering', 'Grzegorz.Wrbel8@gmail.com', 'c984aed014aec7623a54f0591da07a85fd4b762d', 22, 'Grzegorz', 'Wrbel', 150, 'image (23).jpg', ''),
(3, 'Pilates', 'Anita.Czarnec2@onet.pl', 'c984aed014aec7623a54f0591da07a85fd4b762d', 79, 'Anita', 'Czarnec', 80, 'image (1).jpg', ''),
(4, 'Aerobik', 'Anastazja.Jurek9@protonmail.com', 'c984aed014aec7623a54f0591da07a85fd4b762d', 64, 'Anastazja', 'Jurek', 150, 'image (2).jpg', ''),
(5, 'Kalistenika', 'Hjacynt.Szczepaniak6@hover.com', 'c984aed014aec7623a54f0591da07a85fd4b762d', 65, 'Hjacynt', 'Szczepaniak', 90, 'image (24).jpg', ''),
(6, 'Aerobik', 'Denis.Rybak4@int.pl', 'c984aed014aec7623a54f0591da07a85fd4b762d', 14, 'Denis', 'Rybak', 90, 'image (25).jpg', ''),
(7, 'Gimnastyka sportowa', 'Wiktoria.Jurek4@int.pl', 'c984aed014aec7623a54f0591da07a85fd4b762d', 38, 'Wiktoria', 'Jurek', 150, 'image (3).jpg', ''),
(8, 'Aerobik', 'Ra.Nowak5@outlook.pl', 'c984aed014aec7623a54f0591da07a85fd4b762d', 83, 'Ra', 'Nowak', 130, 'image (4).jpg', ''),
(9, 'Aerobik', 'Pawe.Kaczmarczyk2@onet.pl', 'c984aed014aec7623a54f0591da07a85fd4b762d', 95, 'Pawe', 'Kaczmarczyk', 130, 'image (26).jpg', ''),
(10, 'Pilates', 'Dordian.Rybak9@protonmail.com', 'c984aed014aec7623a54f0591da07a85fd4b762d', 93, 'Dordian', 'Rybak', 90, 'image (27).jpg', ''),
(11, 'Kalistenika', 'Ra.Urbaniak6@hover.com', 'c984aed014aec7623a54f0591da07a85fd4b762d', 84, 'Ra', 'Urbaniak', 110, 'image (5).jpg', ''),
(12, 'Lekkoatletyka', 'Boena.Kot5@outlook.pl', 'c984aed014aec7623a54f0591da07a85fd4b762d', 48, 'Boena', 'Kot', 90, 'image (6).jpg', ''),
(13, 'Bouldering', 'Gracjan.Zajc3@interia.pl', 'c984aed014aec7623a54f0591da07a85fd4b762d', 62, 'Gracjan', 'Zajc', 80, 'image (28).jpg', ''),
(14, 'Gimnastyka sportowa', 'Anastazja.Jurek0@o2.pl', 'c984aed014aec7623a54f0591da07a85fd4b762d', 69, 'Anastazja', 'Jurek', 120, 'image (7).jpg', ''),
(15, 'Fitness', 'Dominik.Szulc8@gmail.com', 'c984aed014aec7623a54f0591da07a85fd4b762d', 77, 'Dominik', 'Szulc', 110, 'image (29).jpg', ''),
(16, 'Bouldering', 'Patrycja.Przybysz2@onet.pl', 'c984aed014aec7623a54f0591da07a85fd4b762d', 77, 'Patrycja', 'Przybysz', 130, 'image (8).jpg', ''),
(17, 'Fitness', 'Krzysztof.Kruk0@o2.pl', 'c984aed014aec7623a54f0591da07a85fd4b762d', 91, 'Krzysztof', 'Kruk', 90, 'image (30).jpg', ''),
(18, 'Bouldering', 'Jan.Mazur7@zoho.com', 'c984aed014aec7623a54f0591da07a85fd4b762d', 39, 'Jan', 'Mazur', 150, 'image (31).jpg', ''),
(19, 'Kulturystyka', 'Micha.Sowa4@int.pl', 'c984aed014aec7623a54f0591da07a85fd4b762d', 22, 'Micha', 'Sowa', 110, 'image (32).jpg', ''),
(20, 'Aerobik', 'Ra.Janik5@outlook.pl', 'c984aed014aec7623a54f0591da07a85fd4b762d', 24, 'Ra', 'Janik', 130, 'image (9).jpg', ''),
(21, 'Crossfit', 'Edward.Mazur7@zoho.com', 'c984aed014aec7623a54f0591da07a85fd4b762d', 43, 'Edward', 'Mazur', 150, 'image (33).jpg', ''),
(22, 'Lekkoatletyka', 'Jakub.Woniak2@onet.pl', 'c984aed014aec7623a54f0591da07a85fd4b762d', 50, 'Jakub', 'Woniak', 100, 'image (34).jpg', ''),
(23, 'Pliometryka', 'Gracjan.Filipiak9@protonmail.com', 'c984aed014aec7623a54f0591da07a85fd4b762d', 86, 'Gracjan', 'Filipiak', 130, 'image (35).jpg', ''),
(24, 'Fitness', 'Ferdynand.Rybak9@protonmail.com', 'c984aed014aec7623a54f0591da07a85fd4b762d', 31, 'Ferdynand', 'Rybak', 150, 'image (36).jpg', ''),
(25, 'Crossfit', 'Gawe.Jurek5@outlook.pl', 'c984aed014aec7623a54f0591da07a85fd4b762d', 65, 'Gawe', 'Jurek', 150, 'image (37).jpg', ''),
(26, 'Pliometryka', 'Jan.Nowak6@hover.com', 'c984aed014aec7623a54f0591da07a85fd4b762d', 41, 'Jan', 'Nowak', 110, 'image (38).jpg', ''),
(27, 'Kulturystyka', 'Iga.Szczepaniak4@int.pl', 'c984aed014aec7623a54f0591da07a85fd4b762d', 94, 'Iga', 'Szczepaniak', 100, 'image (10).jpg', ''),
(28, 'MMA', 'Boena.Mamro3@interia.pl', 'c984aed014aec7623a54f0591da07a85fd4b762d', 18, 'Boena', 'Mamro', 80, 'image (11).jpg', ''),
(29, 'Aerobik', 'Jan.Kowalczyk0@o2.pl', 'c984aed014aec7623a54f0591da07a85fd4b762d', 33, 'Jan', 'Kowalczyk', 100, 'image (39).jpg', ''),
(30, 'Fitness', 'Felicja.Czarnec8@gmail.com', 'c984aed014aec7623a54f0591da07a85fd4b762d', 88, 'Felicja', 'Czarnec', 150, 'image (12).jpg', ''),
(31, 'Pliometryka', 'Ferdynand.Walczak6@hover.com', 'c984aed014aec7623a54f0591da07a85fd4b762d', 46, 'Ferdynand', 'Walczak', 120, 'image (40).jpg', ''),
(32, 'Bouldering', 'Gawe.Pawlak5@outlook.pl', 'c984aed014aec7623a54f0591da07a85fd4b762d', 36, 'Gawe', 'Pawlak', 150, 'image (64).jpg', ''),
(33, 'Lekkoatletyka', 'Kira.Urbaniak2@onet.pl', 'c984aed014aec7623a54f0591da07a85fd4b762d', 37, 'Kira', 'Urbaniak', 80, 'image (13).jpg', ''),
(34, 'Pilates', 'Gracjan.Kruk2@onet.pl', 'c984aed014aec7623a54f0591da07a85fd4b762d', 83, 'Gracjan', 'Kruk', 100, 'image (65).jpg', ''),
(35, 'Bouldering', 'Iga.Pawlak1@wp.pl', 'c984aed014aec7623a54f0591da07a85fd4b762d', 13, 'Iga', 'Pawlak', 80, 'image (14).jpg', ''),
(36, 'Lekkoatletyka', 'Jakub.Mazur5@outlook.pl', 'c984aed014aec7623a54f0591da07a85fd4b762d', 56, 'Jakub', 'Mazur', 90, 'image (66).jpg', ''),
(37, 'Pliometryka', 'Kira.Walczak6@hover.com', 'c984aed014aec7623a54f0591da07a85fd4b762d', 14, 'Kira', 'Walczak', 130, 'image (15).jpg', ''),
(38, 'Kalistenika', 'Jacek.Walczak3@interia.pl', 'c984aed014aec7623a54f0591da07a85fd4b762d', 89, 'Jacek', 'Walczak', 150, 'image (67).jpg', ''),
(39, 'MMA', 'aneta.Wieczorek9@protonmail.com', 'c984aed014aec7623a54f0591da07a85fd4b762d', 36, 'aneta', 'Wieczorek', 120, 'image (16).jpg', ''),
(40, 'Bouldering', 'Jan.Woniak5@outlook.pl', 'c984aed014aec7623a54f0591da07a85fd4b762d', 25, 'Jan', 'Woniak', 120, 'image (68).jpg', ''),
(41, 'MMA', 'Jakub.Wjcik1@wp.pl', 'c984aed014aec7623a54f0591da07a85fd4b762d', 87, 'Jakub', 'Wjcik', 120, 'image (69).jpg', ''),
(42, 'Gimnastyka sportowa', 'Anita.Kruk2@onet.pl', 'c984aed014aec7623a54f0591da07a85fd4b762d', 25, 'Anita', 'Kruk', 120, 'image (17).jpg', ''),
(43, 'Gimnastyka sportowa', 'Micha.Szulc6@hover.com', 'c984aed014aec7623a54f0591da07a85fd4b762d', 38, 'Micha', 'Szulc', 130, 'image (70).jpg', ''),
(44, 'Bouldering', 'Jan.Kowalczyk5@outlook.pl', 'c984aed014aec7623a54f0591da07a85fd4b762d', 17, 'Jan', 'Kowalczyk', 150, 'image (71).jpg', ''),
(45, 'Pilates', 'Ferdynand.Skwara1@wp.pl', 'c984aed014aec7623a54f0591da07a85fd4b762d', 86, 'Ferdynand', 'Skwara', 150, 'image (72).jpg', ''),
(46, 'Gimnastyka sportowa', 'Krzysztof.Kot8@gmail.com', 'c984aed014aec7623a54f0591da07a85fd4b762d', 40, 'Krzysztof', 'Kot', 100, 'image (73).jpg', ''),
(47, 'Pliometryka', 'Patrycja.Skwara1@wp.pl', 'c984aed014aec7623a54f0591da07a85fd4b762d', 50, 'Patrycja', 'Skwara', 110, 'image (18).jpg', ''),
(48, 'Gimnastyka sportowa', 'Patrycja.Rybak7@zoho.com', 'c984aed014aec7623a54f0591da07a85fd4b762d', 75, 'Patrycja', 'Rybak', 120, 'image (19).jpg', ''),
(49, 'Pliometryka', 'Gracjan.Klimek2@onet.pl', 'c984aed014aec7623a54f0591da07a85fd4b762d', 16, 'Gracjan', 'Klimek', 90, 'image (74).jpg', ''),
(50, 'Gimnastyka sportowa', 'Ra.Szulc7@zoho.com', 'c984aed014aec7623a54f0591da07a85fd4b762d', 19, 'Ra', 'Szulc', 120, 'image (20).jpg', ''),
(51, 'Lekkoatletyka', 'Jacek.Krl5@outlook.pl', 'c984aed014aec7623a54f0591da07a85fd4b762d', 48, 'Jacek', 'Krl', 130, 'image (75).jpg', ''),
(52, 'Pliometryka', 'Weronika.Olejniczak0@o2.pl', 'c984aed014aec7623a54f0591da07a85fd4b762d', 16, 'Weronika', 'Olejniczak', 90, 'image (41).jpg', ''),
(53, 'Kulturystyka', 'Gracjan.Wjcik3@interia.pl', 'c984aed014aec7623a54f0591da07a85fd4b762d', 16, 'Gracjan', 'Wjcik', 110, 'image (76).jpg', ''),
(54, 'Lekkoatletyka', 'Wiktoria.Wawrzyniak4@int.pl', 'c984aed014aec7623a54f0591da07a85fd4b762d', 58, 'Wiktoria', 'Wawrzyniak', 120, 'image (42).jpg', ''),
(55, 'Aerobik', 'Jakub.Szczepaniak7@zoho.com', 'c984aed014aec7623a54f0591da07a85fd4b762d', 66, 'Jakub', 'Szczepaniak', 110, 'image (77).jpg', ''),
(56, 'Lekkoatletyka', 'Jakub.Szulc5@outlook.pl', 'c984aed014aec7623a54f0591da07a85fd4b762d', 35, 'Jakub', 'Szulc', 130, 'image (78).jpg', ''),
(57, 'Pliometryka', 'Grzegorz.Zajc9@protonmail.com', 'c984aed014aec7623a54f0591da07a85fd4b762d', 31, 'Grzegorz', 'Zajc', 130, 'image (79).jpg', ''),
(58, 'Gimnastyka sportowa', 'Dominik.Filipiak3@interia.pl', 'c984aed014aec7623a54f0591da07a85fd4b762d', 94, 'Dominik', 'Filipiak', 100, 'image (80).jpg', ''),
(59, 'Kulturystyka', 'Gawe.Filipiak2@onet.pl', 'c984aed014aec7623a54f0591da07a85fd4b762d', 59, 'Gawe', 'Filipiak', 110, 'image (81).jpg', ''),
(60, 'Gimnastyka sportowa', 'Edward.ukasik7@zoho.com', 'c984aed014aec7623a54f0591da07a85fd4b762d', 24, 'Edward', 'ukasik', 120, 'image (82).jpg', ''),
(61, 'Aerobik', 'Julia.Kurek0@o2.pl', 'c984aed014aec7623a54f0591da07a85fd4b762d', 37, 'Julia', 'Kurek', 80, 'image (43).jpg', ''),
(62, 'Crossfit', 'Anastazja.Mamro6@hover.com', 'c984aed014aec7623a54f0591da07a85fd4b762d', 48, 'Anastazja', 'Mamro', 130, 'image (44).jpg', ''),
(63, 'Aerobik', 'Edmund.Mamro6@hover.com', 'c984aed014aec7623a54f0591da07a85fd4b762d', 29, 'Edmund', 'Mamro', 130, 'image (83).jpg', ''),
(64, 'Lekkoatletyka', 'Iga.Kot1@wp.pl', 'c984aed014aec7623a54f0591da07a85fd4b762d', 20, 'Iga', 'Kot', 80, 'image (45).jpg', ''),
(65, 'Pliometryka', 'Dominik.Sobczyk6@hover.com', 'c984aed014aec7623a54f0591da07a85fd4b762d', 23, 'Dominik', 'Sobczyk', 100, 'image (84).jpg', ''),
(66, 'Kalistenika', 'Ryszard.Zajc9@protonmail.com', 'c984aed014aec7623a54f0591da07a85fd4b762d', 85, 'Ryszard', 'Zajc', 80, 'image (85).jpg', ''),
(67, 'Fitness', 'Edmund.Wieczorek6@hover.com', 'c984aed014aec7623a54f0591da07a85fd4b762d', 68, 'Edmund', 'Wieczorek', 90, 'image (86).jpg', ''),
(68, 'Aerobik', 'Gawe.ukasik0@o2.pl', 'c984aed014aec7623a54f0591da07a85fd4b762d', 15, 'Gawe', 'ukasik', 110, 'image (87).jpg', ''),
(69, 'Gimnastyka sportowa', 'Jan.Olejniczak9@protonmail.com', 'c984aed014aec7623a54f0591da07a85fd4b762d', 91, 'Jan', 'Olejniczak', 100, 'image (88).jpg', ''),
(70, 'Kalistenika', 'Anita.Kubiak4@int.pl', 'c984aed014aec7623a54f0591da07a85fd4b762d', 73, 'Anita', 'Kubiak', 80, 'image (46).jpg', ''),
(71, 'Gimnastyka sportowa', 'Gracjan.Zioo7@zoho.com', 'c984aed014aec7623a54f0591da07a85fd4b762d', 28, 'Gracjan', 'Zioo', 120, 'image (89).jpg', ''),
(72, 'Pliometryka', 'Grzegorz.Klimek4@int.pl', 'c984aed014aec7623a54f0591da07a85fd4b762d', 55, 'Grzegorz', 'Klimek', 100, 'image (90).jpg', ''),
(73, 'Lekkoatletyka', 'Gracjan.Przybysz2@onet.pl', 'c984aed014aec7623a54f0591da07a85fd4b762d', 47, 'Gracjan', 'Przybysz', 150, 'image (91).jpg', ''),
(74, 'Crossfit', 'Krzysztof.Olejniczak8@gmail.com', 'c984aed014aec7623a54f0591da07a85fd4b762d', 59, 'Krzysztof', 'Olejniczak', 130, 'image (92).jpg', ''),
(75, 'Bouldering', 'Dordian.ukasik9@protonmail.com', 'c984aed014aec7623a54f0591da07a85fd4b762d', 8, 'Dordian', 'ukasik', 90, 'image (93).jpg', ''),
(76, 'Gimnastyka sportowa', 'Jan.Zioo5@outlook.pl', 'c984aed014aec7623a54f0591da07a85fd4b762d', 33, 'Jan', 'Zioo', 80, 'image (94).jpg', ''),
(77, 'Fitness', 'Jacek.Przybysz3@interia.pl', 'c984aed014aec7623a54f0591da07a85fd4b762d', 16, 'Jacek', 'Przybysz', 90, 'image (95).jpg', ''),
(78, 'Fitness', 'Hjacynt.Mamro0@o2.pl', 'c984aed014aec7623a54f0591da07a85fd4b762d', 45, 'Hjacynt', 'Mamro', 80, 'image (96).jpg', ''),
(79, 'Lekkoatletyka', 'Felicja.Nowak3@interia.pl', 'c984aed014aec7623a54f0591da07a85fd4b762d', 43, 'Felicja', 'Nowak', 90, 'image (47).jpg', ''),
(80, 'Aerobik', 'Jakub.Mazur1@wp.pl', 'c984aed014aec7623a54f0591da07a85fd4b762d', 90, 'Jakub', 'Mazur', 120, 'image (97).jpg', ''),
(81, 'Kalistenika', 'Felicja.Przybysz9@protonmail.com', 'c984aed014aec7623a54f0591da07a85fd4b762d', 42, 'Felicja', 'Przybysz', 80, 'image (48).jpg', ''),
(82, 'Kalistenika', 'Grzegorz.Filipiak5@outlook.pl', 'c984aed014aec7623a54f0591da07a85fd4b762d', 38, 'Grzegorz', 'Filipiak', 90, 'image (98).jpg', ''),
(83, 'Lekkoatletyka', 'Hubert.Szczepaniak1@wp.pl', 'c984aed014aec7623a54f0591da07a85fd4b762d', 8, 'Hubert', 'Szczepaniak', 120, 'image (99).jpg', ''),
(84, 'Bouldering', 'Felicja.Mazur6@hover.com', 'c984aed014aec7623a54f0591da07a85fd4b762d', 44, 'Felicja', 'Mazur', 120, 'image (49).jpg', ''),
(85, 'Kulturystyka', 'Felicja.Czarnec2@onet.pl', 'c984aed014aec7623a54f0591da07a85fd4b762d', 94, 'Felicja', 'Czarnec', 80, 'image (50).jpg', ''),
(86, 'Bouldering', 'Grzegorz.Zajc4@int.pl', 'c984aed014aec7623a54f0591da07a85fd4b762d', 89, 'Grzegorz', 'Zajc', 110, 'image (100).jpg', ''),
(87, 'Gimnastyka sportowa', 'Iga.Walczak6@hover.com', 'c984aed014aec7623a54f0591da07a85fd4b762d', 27, 'Iga', 'Walczak', 110, 'image (51).jpg', ''),
(88, 'Aerobik', 'Gracjan.Skwara5@outlook.pl', 'c984aed014aec7623a54f0591da07a85fd4b762d', 41, 'Gracjan', 'Skwara', 150, 'image (101).jpg', ''),
(89, 'Kalistenika', 'Weronika.Janik5@outlook.pl', 'c984aed014aec7623a54f0591da07a85fd4b762d', 30, 'Weronika', 'Janik', 100, 'image (52).jpg', ''),
(90, 'Bouldering', 'Wiktoria.Kot1@wp.pl', 'c984aed014aec7623a54f0591da07a85fd4b762d', 54, 'Wiktoria', 'Kot', 90, 'image (53).jpg', ''),
(91, 'Fitness', 'January.Mazur9@protonmail.com', 'c984aed014aec7623a54f0591da07a85fd4b762d', 67, 'January', 'Mazur', 80, 'image (102).jpg', ''),
(92, 'Bouldering', 'Julia.ukasik1@wp.pl', 'c984aed014aec7623a54f0591da07a85fd4b762d', 68, 'Julia', 'ukasik', 90, 'image (54).jpg', ''),
(93, 'Fitness', 'Matylda.Klimek9@protonmail.com', 'c984aed014aec7623a54f0591da07a85fd4b762d', 61, 'Matylda', 'Klimek', 90, 'image (55).jpg', ''),
(94, 'Aerobik', 'Krzysztof.Skwara1@wp.pl', 'c984aed014aec7623a54f0591da07a85fd4b762d', 67, 'Krzysztof', 'Skwara', 90, 'image (103).jpg', ''),
(95, 'Fitness', 'Pawe.Walczak8@gmail.com', 'c984aed014aec7623a54f0591da07a85fd4b762d', 2, 'Pawe', 'Walczak', 100, 'image (104).jpg', ''),
(96, 'Kalistenika', 'Jacek.Walczak1@wp.pl', 'c984aed014aec7623a54f0591da07a85fd4b762d', 17, 'Jacek', 'Walczak', 90, 'image (105).jpg', ''),
(97, 'Kalistenika', 'Iga.Szulc2@onet.pl', 'c984aed014aec7623a54f0591da07a85fd4b762d', 46, 'Iga', 'Szulc', 150, 'image (56).jpg', ''),
(98, 'Pilates', 'Kira.Wrbel8@gmail.com', 'c984aed014aec7623a54f0591da07a85fd4b762d', 95, 'Kira', 'Wrbel', 100, 'image (57).jpg', ''),
(99, 'Crossfit', 'Gracjan.Janik2@onet.pl', 'c984aed014aec7623a54f0591da07a85fd4b762d', 83, 'Gracjan', 'Janik', 120, 'image (106).jpg', ''),
(100, 'Gimnastyka sportowa', 'Grzegorz.Kowalczyk6@hover.com', 'c984aed014aec7623a54f0591da07a85fd4b762d', 16, 'Grzegorz', 'Kowalczyk', 90, 'image (107).jpg', ''),
(101, 'Kalistenika', 'Krzysztof.Nowak9@protonmail.com', 'c984aed014aec7623a54f0591da07a85fd4b762d', 54, 'Krzysztof', 'Nowak', 120, 'image (108).jpg', ''),
(102, 'Crossfit', 'Matylda.Zioo2@onet.pl', 'c984aed014aec7623a54f0591da07a85fd4b762d', 89, 'Matylda', 'Zioo', 80, 'image (58).jpg', ''),
(103, 'Crossfit', 'Jacek.Sowa7@zoho.com', 'c984aed014aec7623a54f0591da07a85fd4b762d', 12, 'Jacek', 'Sowa', 130, 'image (109).jpg', ''),
(104, 'Pilates', 'Felicja.Zajc3@interia.pl', 'c984aed014aec7623a54f0591da07a85fd4b762d', 41, 'Felicja', 'Zajc', 120, 'image (59).jpg', ''),
(105, 'Kalistenika', 'Hubert.Sowa7@zoho.com', 'c984aed014aec7623a54f0591da07a85fd4b762d', 4, 'Hubert', 'Sowa', 130, 'image (110).jpg', ''),
(106, 'Bouldering', 'Jan.Kurek1@wp.pl', 'c984aed014aec7623a54f0591da07a85fd4b762d', 48, 'Jan', 'Kurek', 120, 'image (111).jpg', ''),
(107, 'Gimnastyka sportowa', 'Anastazja.Kruk1@wp.pl', 'c984aed014aec7623a54f0591da07a85fd4b762d', 15, 'Anastazja', 'Kruk', 90, 'image (60).jpg', ''),
(108, 'Kalistenika', 'Weronika.ukasik7@zoho.com', 'c984aed014aec7623a54f0591da07a85fd4b762d', 53, 'Weronika', 'ukasik', 100, 'image (61).jpg', ''),
(109, 'Lekkoatletyka', 'Jakub.Wrbel6@hover.com', 'c984aed014aec7623a54f0591da07a85fd4b762d', 73, 'Jakub', 'Wrbel', 90, 'image (112).jpg', ''),
(110, 'Bouldering', 'Zuzanna.Pawlak0@o2.pl', 'c984aed014aec7623a54f0591da07a85fd4b762d', 85, 'Zuzanna', 'Pawlak', 80, 'image (62).jpg', ''),
(111, 'MMA', 'Dordian.Urbaniak9@protonmail.com', 'c984aed014aec7623a54f0591da07a85fd4b762d', 41, 'Dordian', 'Urbaniak', 110, 'image (113).jpg', ''),
(112, 'Lekkoatletyka', 'Pawe.Filipiak0@o2.pl', 'c984aed014aec7623a54f0591da07a85fd4b762d', 9, 'Pawe', 'Filipiak', 120, 'image (114).jpg', ''),
(113, 'Kulturystyka', 'Denis.Klimek6@hover.com', 'c984aed014aec7623a54f0591da07a85fd4b762d', 6, 'Denis', 'Klimek', 150, 'image (115).jpg', ''),
(114, 'Fitness', 'Dordian.Kurek8@gmail.com', 'c984aed014aec7623a54f0591da07a85fd4b762d', 61, 'Dordian', 'Kurek', 150, 'image (116).jpg', ''),
(115, 'Crossfit', 'Dordian.Krl1@wp.pl', 'c984aed014aec7623a54f0591da07a85fd4b762d', 43, 'Dordian', 'Krl', 130, 'image (117).jpg', ''),
(116, 'Kalistenika', 'Jan.Kruk0@o2.pl', 'c984aed014aec7623a54f0591da07a85fd4b762d', 69, 'Jan', 'Kruk', 100, 'image (118).jpg', ''),
(117, 'MMA', 'Zuzanna.Wjcik8@gmail.com', 'c984aed014aec7623a54f0591da07a85fd4b762d', 5, 'Zuzanna', 'Wjcik', 150, 'image (63).jpg', ''),
(118, 'Crossfit', 'Gracjan.Olejniczak3@interia.pl', 'c984aed014aec7623a54f0591da07a85fd4b762d', 75, 'Gracjan', 'Olejniczak', 110, 'image (119).jpg', ''),
(119, 'Lekkoatletyka', 'Ryszard.Wawrzyniak0@o2.pl', 'c984aed014aec7623a54f0591da07a85fd4b762d', 57, 'Ryszard', 'Wawrzyniak', 90, 'image (120).jpg', ''),
(120, 'MMA', 'Gracjan.Skwara5@outlook.pl', 'c984aed014aec7623a54f0591da07a85fd4b762d', 62, 'Gracjan', 'Skwara', 150, 'image (121).jpg', '');

-- --------------------------------------------------------

--
-- Struktura tabeli dla tabeli `trainer_reviews`
--

DROP TABLE IF EXISTS `trainer_reviews`;
CREATE TABLE IF NOT EXISTS `trainer_reviews` (
  `review_id` int NOT NULL AUTO_INCREMENT,
  `trainer_id` int NOT NULL,
  `trainer_mark` int DEFAULT NULL,
  `trainer_review_descript` varchar(350) CHARACTER SET utf8mb4 COLLATE utf8mb4_bin DEFAULT NULL,
  `user_id` int NOT NULL,
  PRIMARY KEY (`review_id`),
  KEY `trainer_review_id` (`trainer_id`),
  KEY `user_id` (`user_id`)
) ENGINE=InnoDB AUTO_INCREMENT=281 DEFAULT CHARSET=utf8mb4 COLLATE=utf8mb4_bin;

--
-- Zrzut danych tabeli `trainer_reviews`
--

INSERT INTO `trainer_reviews` (`review_id`, `trainer_id`, `trainer_mark`, `trainer_review_descript`, `user_id`) VALUES
(2, 103, 5, 'To trener z charyzm ', 323),
(3, 61, 5, ' Podchodzi do sprawy profesjonalnie i kadego trenujcego traktuje indywidualnie.', 6),
(4, 13, 5, 'Trenerka doskonale rozumieme czego potrzebuje, Pozdrawiam', 376),
(5, 106, 4, 'Super trener, trenujemy razem od sierpnia. Profesjonalne podejcie do treningw i luzna atmosfera na sice. Jako pocztkujcy nie czuj sie zagubiony z wiczeniami i Mateusz daje sporo rad dotyczcych zdrowego trybu odywiania i prowadzenia treningw', 16),
(6, 77, 4, 'Dobra energia, poczucie humoru, ale i konsekwencja, ktrej wymaga nie tylko od siebie, ale od klienta!!', 113),
(7, 27, 4, 'REWELACJA!!', 428),
(8, 74, 4, 'Profesjonalizm wida w kadym calu!Wiedza merytoryczna poparta praktyk sprawia, mistrzostwo!', 57),
(9, 75, 5, 'Daje mega wycisk, super cwiczenia i nadzor poprawnego ich wykonywania.', 120),
(10, 82, 5, 'Polacem trenera Olafa, dziki niemu poprawiem moje techniki podnoszenia ciarw', 432),
(11, 55, 4, 'Jako trener okaza si wymagajcy kiedy trzeba, dopingujcy gdy brak si, a jego kreatywno do wymylania nowych wicze czyni go trenerem niezawodnym.', 205),
(12, 76, 4, 'Z czystym sumieniem mog poleci ich usugi wszystkim, ktrzy chc lepiej si poczu, zrzuci zbdne kilogramy i by w dobrej formie', 444),
(13, 64, 4, 'Polecam  wietny instruktor  mona liczy na naprawd fachow i skuteczn porad o czym przekonaam si osobicie ', 68),
(14, 101, 4, 'Otwarty, umiechnity, z wielkim poczuciem humoru i dystansem do siebie.', 209),
(15, 70, 4, 'Trenerka doskonale rozumieme czego potrzebuje, Pozdrawiam', 510),
(16, 18, 5, 'Wsppraca z Bartkiem spenia moje najmielsze oczekiwania.', 232),
(17, 54, 4, 'Profesjonalizm, znakomite poczucie humoru i porzdny wycisk! ', 532),
(18, 120, 5, 'Bardzo polecam ', 250),
(19, 106, 5, 'wietny trener z ogromn wiedz, pozytywnym nastawieniem i poczuciem humoru, kady trening jest rzetelnie rozpisany.', 105),
(20, 119, 5, 'Polecam kademu, kto chce si za siebie zabra', 307),
(21, 109, 5, 'Polecam  wietny instruktor  mona liczy na naprawd fachow i skuteczn porad o czym przekonaam si osobicie ', 309),
(22, 58, 5, 'Polecam kademu, kto chce si za siebie zabra', 146),
(23, 66, 4, 'Doskonay trener! Zarwno do zaj indywidualnych i grupowych.', 338),
(24, 37, 5, 'Nie korzysta z typowych szablonw treningowych, a kady trening jest intensywny, a paruj szyby :)', 70),
(25, 109, 5, 'Trenerka doskonale rozumieme czego potrzebuje, Pozdrawiam', 398),
(26, 97, 4, 'Szczerze, z caego serca polecam trenersk zaog. Mnstwo motywacji, pomysw i energii otrzymuje za kadym razem, jak jestem na treningu.', 165),
(27, 101, 5, 'Polecam  wietny instruktor  mona liczy na naprawd fachow i skuteczn porad o czym przekonaam si osobicie ', 81),
(28, 95, 4, 'Wsppraca z Bartkiem spenia moje najmielsze oczekiwania.', 103),
(29, 28, 4, 'Profesjonalizm wida w kadym calu!Wiedza merytoryczna poparta praktyk sprawia, mistrzostwo!', 119),
(30, 0, 4, 'Polecam  wietny instruktor  mona liczy na naprawd fachow i skuteczn porad o czym przekonaam si osobicie ', 148),
(31, 98, 5, 'Doskonay trener! Zarwno do zaj indywidualnych i grupowych.', 401),
(32, 3, 4, 'Wsppraca z Bartkiem spenia moje najmielsze oczekiwania.', 414),
(33, 80, 5, 'Otwarty, umiechnity, z wielkim poczuciem humoru i dystansem do siebie.', 80),
(34, 101, 4, 'Polecam wszystkim treningi z Active Life', 81),
(35, 118, 4, 'wiczenia rozpisane i wytumaczone. W razie jakis pytan zawsze pomaga.', 93),
(36, 36, 5, 'Szczerze, z caego serca polecam trenersk zaog. Mnstwo motywacji, pomysw i energii otrzymuje za kadym razem, jak jestem na treningu.', 98),
(37, 79, 5, 'wietny trener z ogromn wiedz, pozytywnym nastawieniem i poczuciem humoru, kady trening jest rzetelnie rozpisany.', 170),
(38, 88, 5, 'Polecam  wietny instruktor  mona liczy na naprawd fachow i skuteczn porad o czym przekonaam si osobicie ', 203),
(39, 77, 5, 'Profesjonalizm wida w kadym calu!Wiedza merytoryczna poparta praktyk sprawia, mistrzostwo!', 258),
(40, 91, 4, 'Daje mega wycisk, super cwiczenia i nadzor poprawnego ich wykonywania.', 326),
(41, 94, 4, 'Polecam kademu, kto chce si za siebie zabra', 343),
(42, 112, 4, 'To trener z charyzm ', 356),
(43, 2, 4, 'Wsppraca z Bartkiem spenia moje najmielsze oczekiwania.', 395),
(44, 54, 4, 'Polecam kademu, kto chce si za siebie zabra', 405),
(45, 37, 4, 'Rewelacja! Trenuj z nimi ju ptora roku.', 182),
(46, 3, 5, 'REWELACJA!!', 287),
(47, 110, 4, 'Mateusz si bardzo dobrym dowiadczonym trenerem chod wyglada modo ', 335),
(48, 13, 4, 'Daje mega wycisk, super cwiczenia i nadzor poprawnego ich wykonywania.', 427),
(49, 100, 4, 'SIA MASA RZEBA !!!!', 458),
(50, 81, 5, 'Szczerze, z caego serca polecam trenersk zaog. Mnstwo motywacji, pomysw i energii otrzymuje za kadym razem, jak jestem na treningu.', 475),
(51, 110, 4, 'Profesjonalizm, znakomite poczucie humoru i porzdny wycisk! ', 487),
(52, 107, 5, 'Profesjonalizm, znakomite poczucie humoru i porzdny wycisk! ', 520),
(53, 81, 5, 'Dobra energia, poczucie humoru, ale i konsekwencja, ktrej wymaga nie tylko od siebie, ale od klienta!!', 79),
(54, 77, 4, 'Tak, gorco polecam trenerw, ktrzy znaj si na treningu, prowadz pod kontem ywienia i suplementacji', 110),
(55, 42, 4, 'Trening trwa 4 miesice i przez ten czas udao si w pewnym stopniu zwalczy moje lenistwo i schudn kilka kilogramw', 111),
(56, 58, 4, 'Polacem trenera Olafa, dziki niemu poprawiem moje techniki podnoszenia ciarw', 146),
(57, 81, 5, 'Wsppraca z Bartkiem spenia moje najmielsze oczekiwania.', 147),
(58, 108, 5, 'Daje mega wycisk, super cwiczenia i nadzor poprawnego ich wykonywania.', 160),
(59, 66, 4, 'Daje mega wycisk, super cwiczenia i nadzor poprawnego ich wykonywania.', 168),
(60, 22, 5, 'Polacem trenera Olafa, dziki niemu poprawiem moje techniki podnoszenia ciarw', 206),
(61, 89, 4, 'Wsppraca z Bartkiem spenia moje najmielsze oczekiwania.', 238),
(62, 40, 5, 'Pracowa miaam przyjemno na co dzie przez 9 miesicy, dam sobie rk uci za tego Pana. Jestem pewna, e jeszcze o nim bdzie gono.', 279),
(63, 54, 4, 'Rewelacja! Trenuj z nimi ju ptora roku.', 280),
(64, 100, 4, 'To trener z charyzm ', 281),
(65, 82, 4, 'Dobra energia, poczucie humoru, ale i konsekwencja, ktrej wymaga nie tylko od siebie, ale od klienta!!', 332),
(66, 33, 4, 'Bardzo polecam ', 370),
(67, 44, 4, 'Jako trener okaza si wymagajcy kiedy trzeba, dopingujcy gdy brak si, a jego kreatywno do wymylania nowych wicze czyni go trenerem niezawodnym.', 411),
(68, 88, 4, 'Daje mega wycisk, super cwiczenia i nadzor poprawnego ich wykonywania.', 417),
(69, 41, 4, 'Doskonay trener! Zarwno do zaj indywidualnych i grupowych.', 438),
(70, 76, 4, 'Szczerze, z caego serca polecam trenersk zaog. Mnstwo motywacji, pomysw i energii otrzymuje za kadym razem, jak jestem na treningu.', 444),
(71, 29, 5, 'Profesjonalizm, znakomite poczucie humoru i porzdny wycisk! ', 498),
(72, 118, 5, 'Otwarty, umiechnity, z wielkim poczuciem humoru i dystansem do siebie.', 504),
(73, 62, 4, 'REWELACJA!!', 526),
(74, 38, 5, 'wiczenia rozpisane i wytumaczone. W razie jakis pytan zawsze pomaga.', 547),
(75, 35, 5, 'Szczerze, z caego serca polecam trenersk zaog. Mnstwo motywacji, pomysw i energii otrzymuje za kadym razem, jak jestem na treningu.', 28),
(76, 48, 4, 'Doskonay trener! Zarwno do zaj indywidualnych i grupowych.', 42),
(77, 104, 4, 'Daje mega wycisk, super cwiczenia i nadzor poprawnego ich wykonywania.', 135),
(78, 77, 4, 'Polecam kademu, kto chce si za siebie zabra', 258),
(79, 23, 5, 'Fajna atmosfera  w takim towarzystwie czowiek nawet ma radoch , e si umczy  bardzo dobrze przygotowane wiczenia dla osb po urazach', 271),
(80, 14, 5, 'Mino kilka miesicy i dziki Pani Marzenie wida efekty! <3', 340),
(81, 14, 5, 'Wsppraca z Bartkiem spenia moje najmielsze oczekiwania.', 342),
(82, 18, 4, 'Fajna atmosfera  w takim towarzystwie czowiek nawet ma radoch , e si umczy  bardzo dobrze przygotowane wiczenia dla osb po urazach', 385),
(83, 50, 5, 'Fajna atmosfera  w takim towarzystwie czowiek nawet ma radoch , e si umczy  bardzo dobrze przygotowane wiczenia dla osb po urazach', 396),
(84, 72, 4, 'Jako trener okaza si wymagajcy kiedy trzeba, dopingujcy gdy brak si, a jego kreatywno do wymylania nowych wicze czyni go trenerem niezawodnym.', 468),
(85, 52, 4, 'To trener z charyzm ', 521),
(86, 70, 5, 'Jako trener okaza si wymagajcy kiedy trzeba, dopingujcy gdy brak si, a jego kreatywno do wymylania nowych wicze czyni go trenerem niezawodnym.', 19),
(87, 75, 5, 'REWELACJA!!', 54),
(88, 59, 4, 'wietny trener z ogromn wiedz, pozytywnym nastawieniem i poczuciem humoru, kady trening jest rzetelnie rozpisany.', 130),
(89, 54, 4, 'Trenerka doskonale rozumieme czego potrzebuje, Pozdrawiam', 143),
(90, 28, 5, 'Profesjonalizm wida w kadym calu!Wiedza merytoryczna poparta praktyk sprawia, mistrzostwo!', 246),
(91, 74, 4, 'Trenerka doskonale rozumieme czego potrzebuje, Pozdrawiam', 306),
(92, 117, 4, 'Polecam kademu, kto chce si za siebie zabra', 317),
(93, 28, 4, 'Polecam wszystkim treningi z Active Life', 369),
(94, 9, 4, 'Profesjonalizm wida w kadym calu!Wiedza merytoryczna poparta praktyk sprawia, mistrzostwo!', 404),
(95, 110, 4, 'Fajna atmosfera  w takim towarzystwie czowiek nawet ma radoch , e si umczy  bardzo dobrze przygotowane wiczenia dla osb po urazach', 487),
(96, 52, 4, 'Jako trener okaza si wymagajcy kiedy trzeba, dopingujcy gdy brak si, a jego kreatywno do wymylania nowych wicze czyni go trenerem niezawodnym.', 544),
(97, 119, 5, 'Fajna atmosfera  w takim towarzystwie czowiek nawet ma radoch , e si umczy  bardzo dobrze przygotowane wiczenia dla osb po urazach', 11),
(98, 76, 4, 'Trener personalny godny polecenia. Podchodzi do osoby indywidualnie.', 18),
(99, 88, 4, 'Szczerze, z caego serca polecam trenersk zaog. Mnstwo motywacji, pomysw i energii otrzymuje za kadym razem, jak jestem na treningu.', 22),
(100, 101, 4, 'Fajna atmosfera  w takim towarzystwie czowiek nawet ma radoch , e si umczy  bardzo dobrze przygotowane wiczenia dla osb po urazach', 81),
(101, 73, 4, ' Podchodzi do sprawy profesjonalnie i kadego trenujcego traktuje indywidualnie.', 83),
(102, 54, 5, 'Mino kilka miesicy i dziki Pani Marzenie wida efekty! <3', 186),
(103, 88, 4, 'Pracowa miaam przyjemno na co dzie przez 9 miesicy, dam sobie rk uci za tego Pana. Jestem pewna, e jeszcze o nim bdzie gono.', 203),
(104, 19, 4, 'To trener z charyzm ', 228),
(105, 66, 5, 'Mino kilka miesicy i dziki Pani Marzenie wida efekty! <3', 259),
(106, 68, 5, 'Doskonay trener! Zarwno do zaj indywidualnych i grupowych.', 286),
(107, 3, 4, 'wiczenia rozpisane i wytumaczone. W razie jakis pytan zawsze pomaga.', 287),
(108, 110, 5, 'To trener z charyzm ', 421),
(109, 113, 4, 'Szczerze, z caego serca polecam trenersk zaog. Mnstwo motywacji, pomysw i energii otrzymuje za kadym razem, jak jestem na treningu.', 445),
(110, 119, 5, 'Polacem trenera Olafa, dziki niemu poprawiem moje techniki podnoszenia ciarw', 11),
(111, 81, 5, 'Trening trwa 4 miesice i przez ten czas udao si w pewnym stopniu zwalczy moje lenistwo i schudn kilka kilogramw', 58),
(112, 18, 5, 'Pracowa miaam przyjemno na co dzie przez 9 miesicy, dam sobie rk uci za tego Pana. Jestem pewna, e jeszcze o nim bdzie gono.', 69),
(113, 105, 4, 'Trening trwa 4 miesice i przez ten czas udao si w pewnym stopniu zwalczy moje lenistwo i schudn kilka kilogramw', 71),
(114, 56, 4, 'Profesjonalizm wida w kadym calu!Wiedza merytoryczna poparta praktyk sprawia, mistrzostwo!', 122),
(115, 54, 5, 'Trener personalny godny polecenia. Podchodzi do osoby indywidualnie.', 143),
(116, 4, 4, 'Profesjonalizm, znakomite poczucie humoru i porzdny wycisk! ', 157),
(117, 98, 5, 'Trener personalny godny polecenia. Podchodzi do osoby indywidualnie.', 176),
(118, 5, 5, 'Mateusz si bardzo dobrym dowiadczonym trenerem chod wyglada modo ', 195),
(119, 88, 4, 'Bardzo polecam ', 203),
(120, 55, 4, 'Profesjonalizm, znakomite poczucie humoru i porzdny wycisk! ', 205),
(121, 119, 5, 'Dobra energia, poczucie humoru, ale i konsekwencja, ktrej wymaga nie tylko od siebie, ale od klienta!!', 314),
(122, 14, 4, 'Bardzo polecam ', 340),
(123, 94, 5, 'Polecam  wietny instruktor  mona liczy na naprawd fachow i skuteczn porad o czym przekonaam si osobicie ', 343),
(124, 112, 4, 'Profesjonalnym podejciem i zaangaowaniem motywuje najlepiej na wiecie.', 356),
(125, 42, 4, 'Fajna atmosfera  w takim towarzystwie czowiek nawet ma radoch , e si umczy  bardzo dobrze przygotowane wiczenia dla osb po urazach', 364),
(126, 55, 4, 'Profesjonalizm wida w kadym calu!Wiedza merytoryczna poparta praktyk sprawia, mistrzostwo!', 368),
(127, 119, 5, 'Doskonay trener! Zarwno do zaj indywidualnych i grupowych.', 390),
(128, 27, 4, 'To trener z charyzm ', 392),
(129, 1, 5, ' Podchodzi do sprawy profesjonalnie i kadego trenujcego traktuje indywidualnie.', 466),
(130, 11, 5, 'SIA MASA RZEBA !!!!', 27),
(131, 84, 4, 'Bardzo polecam ', 62),
(132, 54, 4, 'Jako trener okaza si wymagajcy kiedy trzeba, dopingujcy gdy brak si, a jego kreatywno do wymylania nowych wicze czyni go trenerem niezawodnym.', 143),
(133, 72, 4, 'wiczenia rozpisane i wytumaczone. W razie jakis pytan zawsze pomaga.', 348),
(134, 23, 5, 'Pracowa miaam przyjemno na co dzie przez 9 miesicy, dam sobie rk uci za tego Pana. Jestem pewna, e jeszcze o nim bdzie gono.', 434),
(135, 91, 4, 'Szczerze, z caego serca polecam trenersk zaog. Mnstwo motywacji, pomysw i energii otrzymuje za kadym razem, jak jestem na treningu.', 464),
(136, 48, 5, 'Fajna atmosfera  w takim towarzystwie czowiek nawet ma radoch , e si umczy  bardzo dobrze przygotowane wiczenia dla osb po urazach', 496),
(137, 36, 4, 'Szczerze, z caego serca polecam trenersk zaog. Mnstwo motywacji, pomysw i energii otrzymuje za kadym razem, jak jestem na treningu.', 12),
(138, 49, 4, 'Mateusz si bardzo dobrym dowiadczonym trenerem chod wyglada modo ', 38),
(139, 7, 4, 'Super trener, trenujemy razem od sierpnia. Profesjonalne podejcie do treningw i luzna atmosfera na sice. Jako pocztkujcy nie czuj sie zagubiony z wiczeniami i Mateusz daje sporo rad dotyczcych zdrowego trybu odywiania i prowadzenia treningw', 51),
(140, 81, 4, 'wietny trener z ogromn wiedz, pozytywnym nastawieniem i poczuciem humoru, kady trening jest rzetelnie rozpisany.', 79),
(141, 82, 5, 'Mino kilka miesicy i dziki Pani Marzenie wida efekty! <3', 180),
(142, 18, 5, 'Daje mega wycisk, super cwiczenia i nadzor poprawnego ich wykonywania.', 232),
(143, 101, 5, 'SIA MASA RZEBA !!!!', 266),
(144, 34, 5, 'Z czystym sumieniem mog poleci ich usugi wszystkim, ktrzy chc lepiej si poczu, zrzuci zbdne kilogramy i by w dobrej formie', 316),
(145, 45, 5, 'Fajna atmosfera  w takim towarzystwie czowiek nawet ma radoch , e si umczy  bardzo dobrze przygotowane wiczenia dla osb po urazach', 324),
(146, 50, 5, 'Daje mega wycisk, super cwiczenia i nadzor poprawnego ich wykonywania.', 341),
(147, 12, 5, 'Gorco polecam wspprac z Mateuszem! Studnia wiedzy, punktualno, indywidualne podejcie do treningw - to tylko kilka cech, ktre mog wymieni.', 345),
(148, 62, 5, 'Mateusz si bardzo dobrym dowiadczonym trenerem chod wyglada modo ', 497),
(149, 74, 5, 'Daje mega wycisk, super cwiczenia i nadzor poprawnego ich wykonywania.', 511),
(150, 79, 5, 'To trener z charyzm ', 543),
(151, 14, 5, 'Mateusz si bardzo dobrym dowiadczonym trenerem chod wyglada modo ', 29),
(152, 51, 5, 'Mino kilka miesicy i dziki Pani Marzenie wida efekty! <3', 55),
(153, 11, 5, 'wietny trener z ogromn wiedz, pozytywnym nastawieniem i poczuciem humoru, kady trening jest rzetelnie rozpisany.', 65),
(154, 5, 5, 'Nie korzysta z typowych szablonw treningowych, a kady trening jest intensywny, a paruj szyby :)', 448),
(155, 120, 5, 'wiczenia rozpisane i wytumaczone. W razie jakis pytan zawsze pomaga.', 184),
(156, 9, 5, 'Bardzo polecam ', 494),
(157, 105, 5, 'wiczenia rozpisane i wytumaczone. W razie jakis pytan zawsze pomaga.', 242),
(158, 13, 5, 'Z czystym sumieniem mog poleci ich usugi wszystkim, ktrzy chc lepiej si poczu, zrzuci zbdne kilogramy i by w dobrej formie', 542),
(159, 28, 4, 'Tak, gorco polecam trenerw, ktrzy znaj si na treningu, prowadz pod kontem ywienia i suplementacji', 277),
(160, 23, 4, 'Profesjonalizm, znakomite poczucie humoru i porzdny wycisk! ', 289),
(161, 95, 5, 'Jako trener okaza si wymagajcy kiedy trzeba, dopingujcy gdy brak si, a jego kreatywno do wymylania nowych wicze czyni go trenerem niezawodnym.', 302),
(162, 49, 5, 'Doskonay trener! Zarwno do zaj indywidualnych i grupowych.', 477),
(163, 107, 5, 'Super trener, trenujemy razem od sierpnia. Profesjonalne podejcie do treningw i luzna atmosfera na sice. Jako pocztkujcy nie czuj sie zagubiony z wiczeniami i Mateusz daje sporo rad dotyczcych zdrowego trybu odywiania i prowadzenia treningw', 499),
(164, 67, 5, 'REWELACJA!!', 84),
(165, 56, 4, 'Jako trener okaza si wymagajcy kiedy trzeba, dopingujcy gdy brak si, a jego kreatywno do wymylania nowych wicze czyni go trenerem niezawodnym.', 122),
(166, 104, 5, 'Otwarty, umiechnity, z wielkim poczuciem humoru i dystansem do siebie.', 135),
(167, 88, 4, 'Trenerka doskonale rozumieme czego potrzebuje, Pozdrawiam', 203),
(168, 114, 4, 'Mino kilka miesicy i dziki Pani Marzenie wida efekty! <3', 208),
(169, 60, 5, 'Otwarty, umiechnity, z wielkim poczuciem humoru i dystansem do siebie.', 231),
(170, 60, 5, 'Dobra energia, poczucie humoru, ale i konsekwencja, ktrej wymaga nie tylko od siebie, ale od klienta!!', 319),
(171, 107, 5, 'Szczerze, z caego serca polecam trenersk zaog. Mnstwo motywacji, pomysw i energii otrzymuje za kadym razem, jak jestem na treningu.', 351),
(172, 43, 5, 'Profesjonalizm wida w kadym calu!Wiedza merytoryczna poparta praktyk sprawia, mistrzostwo!', 382),
(173, 119, 4, 'Profesjonalnym podejciem i zaangaowaniem motywuje najlepiej na wiecie.', 397),
(174, 52, 4, 'Otwarty, umiechnity, z wielkim poczuciem humoru i dystansem do siebie.', 423),
(175, 6, 5, 'wietny trener z ogromn wiedz, pozytywnym nastawieniem i poczuciem humoru, kady trening jest rzetelnie rozpisany.', 518),
(176, 9, 4, 'Mateusz si bardzo dobrym dowiadczonym trenerem chod wyglada modo ', 523),
(177, 114, 4, 'Profesjonalizm, znakomite poczucie humoru i porzdny wycisk! ', 535),
(178, 24, 5, 'wietny trener z ogromn wiedz, pozytywnym nastawieniem i poczuciem humoru, kady trening jest rzetelnie rozpisany.', 549),
(179, 88, 5, 'Wsppraca z Bartkiem spenia moje najmielsze oczekiwania.', 22),
(180, 16, 4, 'To trener z charyzm ', 25),
(181, 15, 4, 'Otwarty, umiechnity, z wielkim poczuciem humoru i dystansem do siebie.', 89),
(182, 113, 4, 'Z czystym sumieniem mog poleci ich usugi wszystkim, ktrzy chc lepiej si poczu, zrzuci zbdne kilogramy i by w dobrej formie', 90),
(183, 56, 5, 'Super trener, trenujemy razem od sierpnia. Profesjonalne podejcie do treningw i luzna atmosfera na sice. Jako pocztkujcy nie czuj sie zagubiony z wiczeniami i Mateusz daje sporo rad dotyczcych zdrowego trybu odywiania i prowadzenia treningw', 122),
(184, 59, 4, 'Super trener, trenujemy razem od sierpnia. Profesjonalne podejcie do treningw i luzna atmosfera na sice. Jako pocztkujcy nie czuj sie zagubiony z wiczeniami i Mateusz daje sporo rad dotyczcych zdrowego trybu odywiania i prowadzenia treningw', 130),
(185, 79, 4, 'Wsppraca z Bartkiem spenia moje najmielsze oczekiwania.', 170),
(186, 59, 5, 'Dobra energia, poczucie humoru, ale i konsekwencja, ktrej wymaga nie tylko od siebie, ale od klienta!!', 187),
(187, 24, 5, 'Bardzo polecam ', 197),
(188, 19, 4, 'wiczenia rozpisane i wytumaczone. W razie jakis pytan zawsze pomaga.', 228),
(189, 20, 5, 'Mateusz si bardzo dobrym dowiadczonym trenerem chod wyglada modo ', 274),
(190, 72, 4, 'Rewelacja! Trenuj z nimi ju ptora roku.', 348),
(191, 55, 4, 'Profesjonalizm wida w kadym calu!Wiedza merytoryczna poparta praktyk sprawia, mistrzostwo!', 368),
(192, 102, 5, 'Profesjonalizm wida w kadym calu!Wiedza merytoryczna poparta praktyk sprawia, mistrzostwo!', 429),
(193, 96, 4, 'Rewelacja! Trenuj z nimi ju ptora roku.', 437),
(194, 107, 5, 'wietny trener z ogromn wiedz, pozytywnym nastawieniem i poczuciem humoru, kady trening jest rzetelnie rozpisany.', 499),
(195, 107, 5, 'Daje mega wycisk, super cwiczenia i nadzor poprawnego ich wykonywania.', 7),
(196, 99, 5, 'Tak, gorco polecam trenerw, ktrzy znaj si na treningu, prowadz pod kontem ywienia i suplementacji', 26),
(197, 80, 4, 'Trener personalny godny polecenia. Podchodzi do osoby indywidualnie.', 80),
(198, 67, 5, 'Trener personalny godny polecenia. Podchodzi do osoby indywidualnie.', 84),
(199, 27, 4, 'Tak, gorco polecam trenerw, ktrzy znaj si na treningu, prowadz pod kontem ywienia i suplementacji', 97),
(200, 58, 4, 'Wsppraca z Bartkiem spenia moje najmielsze oczekiwania.', 140),
(201, 20, 5, 'Mino kilka miesicy i dziki Pani Marzenie wida efekty! <3', 200),
(202, 16, 4, 'wiczenia rozpisane i wytumaczone. W razie jakis pytan zawsze pomaga.', 255),
(203, 67, 4, 'Wsppraca z Bartkiem spenia moje najmielsze oczekiwania.', 260),
(204, 24, 4, 'To trener z charyzm ', 267),
(205, 111, 5, 'Fajna atmosfera  w takim towarzystwie czowiek nawet ma radoch , e si umczy  bardzo dobrze przygotowane wiczenia dla osb po urazach', 272),
(206, 7, 4, 'Polecam wszystkim treningi z Active Life', 305),
(207, 61, 5, 'Mino kilka miesicy i dziki Pani Marzenie wida efekty! <3', 310),
(208, 8, 5, ' Podchodzi do sprawy profesjonalnie i kadego trenujcego traktuje indywidualnie.', 325),
(209, 44, 4, 'Wsppraca z Bartkiem spenia moje najmielsze oczekiwania.', 357),
(210, 51, 4, 'Nie korzysta z typowych szablonw treningowych, a kady trening jest intensywny, a paruj szyby :)', 377),
(211, 110, 4, 'Bardzo polecam ', 421),
(212, 72, 4, 'Bardzo polecam ', 446),
(213, 105, 4, 'Polacem trenera Olafa, dziki niemu poprawiem moje techniki podnoszenia ciarw', 35),
(214, 84, 4, 'REWELACJA!!', 62),
(215, 58, 4, 'Gorco polecam wspprac z Mateuszem! Studnia wiedzy, punktualno, indywidualne podejcie do treningw - to tylko kilka cech, ktre mog wymieni.', 73),
(216, 95, 5, 'SIA MASA RZEBA !!!!', 78),
(217, 34, 4, 'Trenerka doskonale rozumieme czego potrzebuje, Pozdrawiam', 87),
(218, 31, 5, 'Wsppraca z Bartkiem spenia moje najmielsze oczekiwania.', 112),
(219, 46, 4, 'Polecam  wietny instruktor  mona liczy na naprawd fachow i skuteczn porad o czym przekonaam si osobicie ', 204),
(220, 22, 4, 'Polecam wszystkim treningi z Active Life', 206),
(221, 101, 5, 'Polecam kademu, kto chce si za siebie zabra', 221),
(222, 74, 4, 'Mino kilka miesicy i dziki Pani Marzenie wida efekty! <3', 306),
(223, 64, 4, 'wiczenia rozpisane i wytumaczone. W razie jakis pytan zawsze pomaga.', 330),
(224, 51, 4, 'Polecam kademu, kto chce si za siebie zabra', 377),
(225, 24, 5, 'Otwarty, umiechnity, z wielkim poczuciem humoru i dystansem do siebie.', 549),
(226, 111, 5, 'Polecam kademu, kto chce si za siebie zabra', 506),
(227, 9, 5, 'Trening trwa 4 miesice i przez ten czas udao si w pewnym stopniu zwalczy moje lenistwo i schudn kilka kilogramw', 523),
(228, 85, 4, 'Dobra energia, poczucie humoru, ale i konsekwencja, ktrej wymaga nie tylko od siebie, ale od klienta!!', 14),
(229, 88, 4, 'Tak, gorco polecam trenerw, ktrzy znaj si na treningu, prowadz pod kontem ywienia i suplementacji', 22),
(230, 111, 5, 'Profesjonalnym podejciem i zaangaowaniem motywuje najlepiej na wiecie.', 24),
(231, 74, 4, 'Trener personalny godny polecenia. Podchodzi do osoby indywidualnie.', 37),
(232, 59, 5, 'Mateusz si bardzo dobrym dowiadczonym trenerem chod wyglada modo ', 85),
(233, 92, 5, 'Super trener, trenujemy razem od sierpnia. Profesjonalne podejcie do treningw i luzna atmosfera na sice. Jako pocztkujcy nie czuj sie zagubiony z wiczeniami i Mateusz daje sporo rad dotyczcych zdrowego trybu odywiania i prowadzenia treningw', 99),
(234, 42, 4, 'Dobra energia, poczucie humoru, ale i konsekwencja, ktrej wymaga nie tylko od siebie, ale od klienta!!', 145),
(235, 58, 4, 'Pracowa miaam przyjemno na co dzie przez 9 miesicy, dam sobie rk uci za tego Pana. Jestem pewna, e jeszcze o nim bdzie gono.', 146),
(236, 69, 5, 'Polecam kademu, kto chce si za siebie zabra', 177),
(237, 71, 5, 'Bardzo polecam ', 233),
(238, 19, 5, 'Bardzo polecam ', 247),
(239, 78, 5, 'Z czystym sumieniem mog poleci ich usugi wszystkim, ktrzy chc lepiej si poczu, zrzuci zbdne kilogramy i by w dobrej formie', 275),
(240, 119, 4, 'wietny trener z ogromn wiedz, pozytywnym nastawieniem i poczuciem humoru, kady trening jest rzetelnie rozpisany.', 314),
(241, 103, 5, 'Szczerze, z caego serca polecam trenersk zaog. Mnstwo motywacji, pomysw i energii otrzymuje za kadym razem, jak jestem na treningu.', 323),
(242, 14, 4, 'Otwarty, umiechnity, z wielkim poczuciem humoru i dystansem do siebie.', 340),
(243, 119, 4, 'Trener personalny godny polecenia. Podchodzi do osoby indywidualnie.', 380),
(244, 12, 4, 'Profesjonalizm wida w kadym calu!Wiedza merytoryczna poparta praktyk sprawia, mistrzostwo!', 388),
(245, 54, 5, 'Super trener, trenujemy razem od sierpnia. Profesjonalne podejcie do treningw i luzna atmosfera na sice. Jako pocztkujcy nie czuj sie zagubiony z wiczeniami i Mateusz daje sporo rad dotyczcych zdrowego trybu odywiania i prowadzenia treningw', 405),
(246, 44, 4, 'Tak, gorco polecam trenerw, ktrzy znaj si na treningu, prowadz pod kontem ywienia i suplementacji', 422),
(247, 106, 4, 'Polecam kademu, kto chce si za siebie zabra', 500),
(248, 118, 4, 'Wsppraca z Bartkiem spenia moje najmielsze oczekiwania.', 504),
(249, 11, 5, 'Daje mega wycisk, super cwiczenia i nadzor poprawnego ich wykonywania.', 101),
(250, 17, 5, 'Mino kilka miesicy i dziki Pani Marzenie wida efekty! <3', 129),
(251, 89, 5, ' Podchodzi do sprawy profesjonalnie i kadego trenujcego traktuje indywidualnie.', 174),
(252, 77, 5, 'Trener personalny godny polecenia. Podchodzi do osoby indywidualnie.', 189),
(253, 100, 5, 'Polecam kademu, kto chce si za siebie zabra', 281),
(254, 25, 4, 'Rewelacja! Trenuj z nimi ju ptora roku.', 331),
(255, 4, 4, 'Trenerka doskonale rozumieme czego potrzebuje, Pozdrawiam', 339),
(256, 13, 5, 'Polecam wszystkim treningi z Active Life', 361),
(257, 32, 4, 'Bardzo polecam ', 391),
(258, 114, 4, 'Szczerze, z caego serca polecam trenersk zaog. Mnstwo motywacji, pomysw i energii otrzymuje za kadym razem, jak jestem na treningu.', 457),
(259, 1, 4, 'Bardzo polecam ', 466),
(260, 87, 5, 'Dobra energia, poczucie humoru, ale i konsekwencja, ktrej wymaga nie tylko od siebie, ale od klienta!!', 527),
(261, 7, 4, 'Jako trener okaza si wymagajcy kiedy trzeba, dopingujcy gdy brak si, a jego kreatywno do wymylania nowych wicze czyni go trenerem niezawodnym.', 546),
(262, 43, 5, 'Tak, gorco polecam trenerw, ktrzy znaj si na treningu, prowadz pod kontem ywienia i suplementacji', 64),
(263, 17, 5, 'Polecam  wietny instruktor  mona liczy na naprawd fachow i skuteczn porad o czym przekonaam si osobicie ', 107),
(264, 101, 5, 'Polecam kademu, kto chce si za siebie zabra', 127),
(265, 120, 4, 'wiczenia rozpisane i wytumaczone. W razie jakis pytan zawsze pomaga.', 216),
(266, 71, 4, 'SIA MASA RZEBA !!!!', 233),
(267, 38, 5, 'Trening trwa 4 miesice i przez ten czas udao si w pewnym stopniu zwalczy moje lenistwo i schudn kilka kilogramw', 322),
(268, 18, 5, 'Polecam  wietny instruktor  mona liczy na naprawd fachow i skuteczn porad o czym przekonaam si osobicie ', 999),
(277, 8, 5, 'PogChampik', 999),
(279, 21, 1, 'Chuj ci na ryo', 2),
(280, 21, 1, 'PogU', 2);

-- --------------------------------------------------------

--
-- Struktura tabeli dla tabeli `users`
--

DROP TABLE IF EXISTS `users`;
CREATE TABLE IF NOT EXISTS `users` (
  `user_id` int NOT NULL AUTO_INCREMENT,
  `profile_picture` varchar(100) CHARACTER SET utf8 COLLATE utf8_polish_ci DEFAULT NULL,
  `email` varchar(50) CHARACTER SET utf8 COLLATE utf8_polish_ci DEFAULT NULL,
  `password` varchar(50) CHARACTER SET utf8 COLLATE utf8_polish_ci DEFAULT NULL,
  `name` varchar(50) CHARACTER SET utf8 COLLATE utf8_polish_ci DEFAULT NULL,
  `surname` varchar(50) CHARACTER SET utf8 COLLATE utf8_polish_ci DEFAULT NULL,
  `age` int DEFAULT NULL,
  `bmi_id` int DEFAULT NULL,
  PRIMARY KEY (`user_id`),
  KEY `bmi_id` (`bmi_id`)
) ENGINE=InnoDB AUTO_INCREMENT=1000 DEFAULT CHARSET=utf8mb3 COLLATE=utf8_polish_ci;

--
-- Zrzut danych tabeli `users`
--

INSERT INTO `users` (`user_id`, `profile_picture`, `email`, `password`, `name`, `surname`, `age`, `bmi_id`) VALUES
(1, '1.gif', 'Grzegorz.Kruk5@outlook.pl', 'b3054ff0797ff0b2bbce03ec897fe63e0b6490e0', 'Grzegorz', 'Kruk', 46, 1),
(2, '2.gif', 'ishowspeedBEN@speed.com', 'b3054ff0797ff0b2bbce03ec897fe63e0b6490e0', 'IShow', 'Speed', 23, 2),
(3, NULL, 'Edmund.Janik7@zoho.com', 'b3054ff0797ff0b2bbce03ec897fe63e0b6490e0', 'Edmund', 'Janik', 23, 3),
(4, NULL, 'Grzegorz.Kruk4@int.pl', 'b3054ff0797ff0b2bbce03ec897fe63e0b6490e0', 'Grzegorz', 'Kruk', 36, 4),
(5, NULL, 'Wiktoria.Walczak1@wp.pl', 'b3054ff0797ff0b2bbce03ec897fe63e0b6490e0', 'Wiktoria', 'Walczak', 31, 5),
(6, NULL, 'Jakub.Kot2@onet.pl', 'b3054ff0797ff0b2bbce03ec897fe63e0b6490e0', 'Jakub', 'Kot', 28, 6),
(7, NULL, 'Olaf.Kubiak3@interia.pl', 'b3054ff0797ff0b2bbce03ec897fe63e0b6490e0', 'Olaf', 'Kubiak', 46, 7),
(8, NULL, 'Olaf.Woniak8@gmail.com', 'b3054ff0797ff0b2bbce03ec897fe63e0b6490e0', 'Olaf', 'Woniak', 49, 8),
(9, NULL, 'Wiktoria.Skwara7@zoho.com', 'b3054ff0797ff0b2bbce03ec897fe63e0b6490e0', 'Wiktoria', 'Skwara', 49, 9),
(10, NULL, 'Jan.Klimek1@wp.pl', 'b3054ff0797ff0b2bbce03ec897fe63e0b6490e0', 'Jan', 'Klimek', 30, 10),
(11, NULL, 'Pawe.Nowak8@gmail.com', 'b3054ff0797ff0b2bbce03ec897fe63e0b6490e0', 'Pawe', 'Nowak', 30, 11),
(12, NULL, 'Edmund.Wawrzyniak7@zoho.com', 'b3054ff0797ff0b2bbce03ec897fe63e0b6490e0', 'Edmund', 'Wawrzyniak', 19, 12),
(13, NULL, 'Wiktoria.Mazur5@outlook.pl', 'b3054ff0797ff0b2bbce03ec897fe63e0b6490e0', 'Wiktoria', 'Mazur', 36, 13),
(14, NULL, 'Ra.Wawrzyniak1@wp.pl', 'b3054ff0797ff0b2bbce03ec897fe63e0b6490e0', 'Ra', 'Wawrzyniak', 42, 14),
(15, NULL, 'January.Wawrzyniak8@gmail.com', 'b3054ff0797ff0b2bbce03ec897fe63e0b6490e0', 'January', 'Wawrzyniak', 47, 15),
(16, NULL, 'Dordian.Sowa2@onet.pl', 'b3054ff0797ff0b2bbce03ec897fe63e0b6490e0', 'Dordian', 'Sowa', 50, 16),
(17, NULL, 'Ryszard.Wrbel5@outlook.pl', 'b3054ff0797ff0b2bbce03ec897fe63e0b6490e0', 'Ryszard', 'Wrbel', 44, 17),
(18, NULL, 'Edward.Mazur9@protonmail.com', 'b3054ff0797ff0b2bbce03ec897fe63e0b6490e0', 'Edward', 'Mazur', 26, 18),
(19, NULL, 'Patrycja.Czarnec5@outlook.pl', 'b3054ff0797ff0b2bbce03ec897fe63e0b6490e0', 'Patrycja', 'Czarnec', 34, 19),
(20, NULL, 'Denis.Wrbel1@wp.pl', 'b3054ff0797ff0b2bbce03ec897fe63e0b6490e0', 'Denis', 'Wrbel', 47, 20),
(21, NULL, 'Ra.Kaczmarczyk2@onet.pl', 'b3054ff0797ff0b2bbce03ec897fe63e0b6490e0', 'Ra', 'Kaczmarczyk', 30, 21),
(22, NULL, 'Gracjan.Filipiak7@zoho.com', 'b3054ff0797ff0b2bbce03ec897fe63e0b6490e0', 'Gracjan', 'Filipiak', 50, 22),
(23, NULL, 'Pawe.Pawlak1@wp.pl', 'b3054ff0797ff0b2bbce03ec897fe63e0b6490e0', 'Pawe', 'Pawlak', 46, 23),
(24, NULL, 'Felicja.Filipiak4@int.pl', 'b3054ff0797ff0b2bbce03ec897fe63e0b6490e0', 'Felicja', 'Filipiak', 20, 24),
(25, NULL, 'Edmund.Zajc3@interia.pl', 'b3054ff0797ff0b2bbce03ec897fe63e0b6490e0', 'Edmund', 'Zajc', 49, 25),
(26, NULL, 'Pawe.Kubiak5@outlook.pl', 'b3054ff0797ff0b2bbce03ec897fe63e0b6490e0', 'Pawe', 'Kubiak', 39, 26),
(27, NULL, 'Krzysztof.Szulc0@o2.pl', 'b3054ff0797ff0b2bbce03ec897fe63e0b6490e0', 'Krzysztof', 'Szulc', 28, 27),
(28, NULL, 'Jakub.Filipiak4@int.pl', 'b3054ff0797ff0b2bbce03ec897fe63e0b6490e0', 'Jakub', 'Filipiak', 22, 28),
(29, NULL, 'Krzysztof.Skwara0@o2.pl', 'b3054ff0797ff0b2bbce03ec897fe63e0b6490e0', 'Krzysztof', 'Skwara', 34, 29),
(30, NULL, 'Ferdynand.Czarnec2@onet.pl', 'b3054ff0797ff0b2bbce03ec897fe63e0b6490e0', 'Ferdynand', 'Czarnec', 40, 30),
(31, NULL, 'Weronika.Wjcik2@onet.pl', 'b3054ff0797ff0b2bbce03ec897fe63e0b6490e0', 'Weronika', 'Wjcik', 20, 31),
(32, NULL, 'Julia.Szczepaniak8@gmail.com', 'b3054ff0797ff0b2bbce03ec897fe63e0b6490e0', 'Julia', 'Szczepaniak', 46, 32),
(33, NULL, 'Matylda.Skwara8@gmail.com', 'b3054ff0797ff0b2bbce03ec897fe63e0b6490e0', 'Matylda', 'Skwara', 19, 33),
(34, NULL, 'Iga.Przybysz8@gmail.com', 'b3054ff0797ff0b2bbce03ec897fe63e0b6490e0', 'Iga', 'Przybysz', 48, 34),
(35, NULL, 'Krzysztof.Sobczyk6@hover.com', 'b3054ff0797ff0b2bbce03ec897fe63e0b6490e0', 'Krzysztof', 'Sobczyk', 50, 35),
(36, NULL, 'aneta.Sobczyk8@gmail.com', 'b3054ff0797ff0b2bbce03ec897fe63e0b6490e0', 'aneta', 'Sobczyk', 47, 36),
(37, NULL, 'Jakub.Przybysz6@hover.com', 'b3054ff0797ff0b2bbce03ec897fe63e0b6490e0', 'Jakub', 'Przybysz', 25, 37),
(38, NULL, 'aneta.Rybak6@hover.com', 'b3054ff0797ff0b2bbce03ec897fe63e0b6490e0', 'aneta', 'Rybak', 27, 38),
(39, NULL, 'Julia.Mamro3@interia.pl', 'b3054ff0797ff0b2bbce03ec897fe63e0b6490e0', 'Julia', 'Mamro', 42, 39),
(40, NULL, 'Jakub.Wrbel7@zoho.com', 'b3054ff0797ff0b2bbce03ec897fe63e0b6490e0', 'Jakub', 'Wrbel', 39, 40),
(41, NULL, 'Anastazja.Kubiak9@protonmail.com', 'b3054ff0797ff0b2bbce03ec897fe63e0b6490e0', 'Anastazja', 'Kubiak', 42, 41),
(42, NULL, 'Edmund.Przybysz7@zoho.com', 'b3054ff0797ff0b2bbce03ec897fe63e0b6490e0', 'Edmund', 'Przybysz', 42, 42),
(43, NULL, 'Julia.Mamro8@gmail.com', 'b3054ff0797ff0b2bbce03ec897fe63e0b6490e0', 'Julia', 'Mamro', 49, 43),
(44, NULL, 'Anita.Pawlak1@wp.pl', 'b3054ff0797ff0b2bbce03ec897fe63e0b6490e0', 'Anita', 'Pawlak', 31, 44),
(45, NULL, 'Patrycja.Sowa5@outlook.pl', 'b3054ff0797ff0b2bbce03ec897fe63e0b6490e0', 'Patrycja', 'Sowa', 18, 45),
(46, NULL, 'Pawe.Rybak4@int.pl', 'b3054ff0797ff0b2bbce03ec897fe63e0b6490e0', 'Pawe', 'Rybak', 22, 46),
(47, NULL, 'Gracjan.Krl7@zoho.com', 'b3054ff0797ff0b2bbce03ec897fe63e0b6490e0', 'Gracjan', 'Krl', 38, 47),
(48, NULL, 'Kira.Rybak1@wp.pl', 'b3054ff0797ff0b2bbce03ec897fe63e0b6490e0', 'Kira', 'Rybak', 40, 48),
(49, NULL, 'Krzysztof.Klimek7@zoho.com', 'b3054ff0797ff0b2bbce03ec897fe63e0b6490e0', 'Krzysztof', 'Klimek', 48, 49),
(50, NULL, 'Anastazja.Wjcik5@outlook.pl', 'b3054ff0797ff0b2bbce03ec897fe63e0b6490e0', 'Anastazja', 'Wjcik', 43, 50),
(51, NULL, 'Zuzanna.Olejniczak3@interia.pl', 'b3054ff0797ff0b2bbce03ec897fe63e0b6490e0', 'Zuzanna', 'Olejniczak', 38, 51),
(52, NULL, 'Julia.Kurek5@outlook.pl', 'b3054ff0797ff0b2bbce03ec897fe63e0b6490e0', 'Julia', 'Kurek', 27, 52),
(53, NULL, 'Patrycja.Kot9@protonmail.com', 'b3054ff0797ff0b2bbce03ec897fe63e0b6490e0', 'Patrycja', 'Kot', 43, 53),
(54, NULL, 'Matylda.Szulc6@hover.com', 'b3054ff0797ff0b2bbce03ec897fe63e0b6490e0', 'Matylda', 'Szulc', 36, 54),
(55, NULL, 'Iga.Pawlak5@outlook.pl', 'b3054ff0797ff0b2bbce03ec897fe63e0b6490e0', 'Iga', 'Pawlak', 23, 55),
(56, NULL, 'Grzegorz.Wawrzyniak3@interia.pl', 'b3054ff0797ff0b2bbce03ec897fe63e0b6490e0', 'Grzegorz', 'Wawrzyniak', 35, 56),
(57, NULL, 'Edmund.Pawlak9@protonmail.com', 'b3054ff0797ff0b2bbce03ec897fe63e0b6490e0', 'Edmund', 'Pawlak', 34, 57),
(58, NULL, 'Ferdynand.Woniak0@o2.pl', 'b3054ff0797ff0b2bbce03ec897fe63e0b6490e0', 'Ferdynand', 'Woniak', 38, 58),
(59, NULL, 'Micha.Krl1@wp.pl', 'b3054ff0797ff0b2bbce03ec897fe63e0b6490e0', 'Micha', 'Krl', 50, 59),
(60, NULL, 'Jacek.Sowa8@gmail.com', 'b3054ff0797ff0b2bbce03ec897fe63e0b6490e0', 'Jacek', 'Sowa', 34, 60),
(61, NULL, 'Pawe.Olejniczak1@wp.pl', 'b3054ff0797ff0b2bbce03ec897fe63e0b6490e0', 'Pawe', 'Olejniczak', 40, 61),
(62, NULL, 'Jacek.ukasik0@o2.pl', 'b3054ff0797ff0b2bbce03ec897fe63e0b6490e0', 'Jacek', 'ukasik', 19, 62),
(63, NULL, 'Ferdynand.Wieczorek7@zoho.com', 'b3054ff0797ff0b2bbce03ec897fe63e0b6490e0', 'Ferdynand', 'Wieczorek', 22, 63),
(64, NULL, 'Ryszard.Krl2@onet.pl', 'b3054ff0797ff0b2bbce03ec897fe63e0b6490e0', 'Ryszard', 'Krl', 28, 64),
(65, NULL, 'Boena.Kurek9@protonmail.com', 'b3054ff0797ff0b2bbce03ec897fe63e0b6490e0', 'Boena', 'Kurek', 21, 65),
(66, NULL, 'Denis.Kurek5@outlook.pl', 'b3054ff0797ff0b2bbce03ec897fe63e0b6490e0', 'Denis', 'Kurek', 28, 66),
(67, NULL, 'Krzysztof.Przybysz4@int.pl', 'b3054ff0797ff0b2bbce03ec897fe63e0b6490e0', 'Krzysztof', 'Przybysz', 45, 67),
(68, NULL, 'Weronika.Olejniczak1@wp.pl', 'b3054ff0797ff0b2bbce03ec897fe63e0b6490e0', 'Weronika', 'Olejniczak', 34, 68),
(69, NULL, 'Hubert.Szczepaniak1@wp.pl', 'b3054ff0797ff0b2bbce03ec897fe63e0b6490e0', 'Hubert', 'Szczepaniak', 47, 69),
(70, NULL, 'Grzegorz.Czarnec3@interia.pl', 'b3054ff0797ff0b2bbce03ec897fe63e0b6490e0', 'Grzegorz', 'Czarnec', 29, 70),
(71, NULL, 'Grzegorz.Skwara1@wp.pl', 'b3054ff0797ff0b2bbce03ec897fe63e0b6490e0', 'Grzegorz', 'Skwara', 41, 71),
(72, NULL, 'Pawe.Sobczyk2@onet.pl', 'b3054ff0797ff0b2bbce03ec897fe63e0b6490e0', 'Pawe', 'Sobczyk', 25, 72),
(73, NULL, 'Wiktoria.Kot1@wp.pl', 'b3054ff0797ff0b2bbce03ec897fe63e0b6490e0', 'Wiktoria', 'Kot', 28, 73),
(74, NULL, 'Edmund.Mamro2@onet.pl', 'b3054ff0797ff0b2bbce03ec897fe63e0b6490e0', 'Edmund', 'Mamro', 25, 74),
(75, NULL, 'Matylda.Walczak1@wp.pl', 'b3054ff0797ff0b2bbce03ec897fe63e0b6490e0', 'Matylda', 'Walczak', 43, 75),
(76, NULL, 'Zuzanna.Jurek5@outlook.pl', 'b3054ff0797ff0b2bbce03ec897fe63e0b6490e0', 'Zuzanna', 'Jurek', 30, 76),
(77, NULL, 'Ra.Janik2@onet.pl', 'b3054ff0797ff0b2bbce03ec897fe63e0b6490e0', 'Ra', 'Janik', 29, 77),
(78, NULL, 'Zuzanna.ukasik0@o2.pl', 'b3054ff0797ff0b2bbce03ec897fe63e0b6490e0', 'Zuzanna', 'ukasik', 41, 78),
(79, NULL, 'Edmund.Kot1@wp.pl', 'b3054ff0797ff0b2bbce03ec897fe63e0b6490e0', 'Edmund', 'Kot', 42, 79),
(80, NULL, 'Pawe.Jurek6@hover.com', 'b3054ff0797ff0b2bbce03ec897fe63e0b6490e0', 'Pawe', 'Jurek', 41, 80),
(81, NULL, 'Weronika.ukasik3@interia.pl', 'b3054ff0797ff0b2bbce03ec897fe63e0b6490e0', 'Weronika', 'ukasik', 44, 81),
(82, NULL, 'Wiktoria.Kowalczyk7@zoho.com', 'b3054ff0797ff0b2bbce03ec897fe63e0b6490e0', 'Wiktoria', 'Kowalczyk', 47, 82),
(83, NULL, 'Kira.Janik1@wp.pl', 'b3054ff0797ff0b2bbce03ec897fe63e0b6490e0', 'Kira', 'Janik', 24, 83),
(84, NULL, 'Weronika.Przybysz2@onet.pl', 'b3054ff0797ff0b2bbce03ec897fe63e0b6490e0', 'Weronika', 'Przybysz', 40, 84),
(85, NULL, 'Gracjan.Sowa5@outlook.pl', 'b3054ff0797ff0b2bbce03ec897fe63e0b6490e0', 'Gracjan', 'Sowa', 49, 85),
(86, NULL, 'Ferdynand.Rybak7@zoho.com', 'b3054ff0797ff0b2bbce03ec897fe63e0b6490e0', 'Ferdynand', 'Rybak', 30, 86),
(87, NULL, 'Jacek.Klimek8@gmail.com', 'b3054ff0797ff0b2bbce03ec897fe63e0b6490e0', 'Jacek', 'Klimek', 31, 87),
(88, NULL, 'January.Wrbel6@hover.com', 'b3054ff0797ff0b2bbce03ec897fe63e0b6490e0', 'January', 'Wrbel', 36, 88),
(89, NULL, 'Edmund.Kowalczyk2@onet.pl', 'b3054ff0797ff0b2bbce03ec897fe63e0b6490e0', 'Edmund', 'Kowalczyk', 42, 89),
(90, NULL, 'Wiktoria.Mazur7@zoho.com', 'b3054ff0797ff0b2bbce03ec897fe63e0b6490e0', 'Wiktoria', 'Mazur', 39, 90),
(91, NULL, 'Denis.Filipiak8@gmail.com', 'b3054ff0797ff0b2bbce03ec897fe63e0b6490e0', 'Denis', 'Filipiak', 23, 91),
(92, NULL, 'Dominik.Rybak6@hover.com', 'b3054ff0797ff0b2bbce03ec897fe63e0b6490e0', 'Dominik', 'Rybak', 23, 92),
(93, NULL, 'aneta.Kaczmarczyk3@interia.pl', 'b3054ff0797ff0b2bbce03ec897fe63e0b6490e0', 'aneta', 'Kaczmarczyk', 46, 93),
(94, NULL, 'Edmund.Szczepaniak7@zoho.com', 'b3054ff0797ff0b2bbce03ec897fe63e0b6490e0', 'Edmund', 'Szczepaniak', 31, 94),
(95, NULL, 'Julia.Filipiak7@zoho.com', 'b3054ff0797ff0b2bbce03ec897fe63e0b6490e0', 'Julia', 'Filipiak', 31, 95),
(96, NULL, 'January.Woniak8@gmail.com', 'b3054ff0797ff0b2bbce03ec897fe63e0b6490e0', 'January', 'Woniak', 47, 96),
(97, NULL, 'Anastazja.Kubiak0@o2.pl', 'b3054ff0797ff0b2bbce03ec897fe63e0b6490e0', 'Anastazja', 'Kubiak', 32, 97),
(98, NULL, 'Gawe.Kaczmarczyk9@protonmail.com', 'b3054ff0797ff0b2bbce03ec897fe63e0b6490e0', 'Gawe', 'Kaczmarczyk', 38, 98),
(99, NULL, 'Dominik.Mamro2@onet.pl', 'b3054ff0797ff0b2bbce03ec897fe63e0b6490e0', 'Dominik', 'Mamro', 32, 99),
(100, NULL, 'Ra.Czarnec9@protonmail.com', 'b3054ff0797ff0b2bbce03ec897fe63e0b6490e0', 'Ra', 'Czarnec', 31, 100),
(101, NULL, 'Jakub.Wjcik4@int.pl', 'b3054ff0797ff0b2bbce03ec897fe63e0b6490e0', 'Jakub', 'Wjcik', 25, 101),
(102, NULL, 'Denis.Kurek1@wp.pl', 'b3054ff0797ff0b2bbce03ec897fe63e0b6490e0', 'Denis', 'Kurek', 50, 102),
(103, NULL, 'Kira.Mazur2@onet.pl', 'b3054ff0797ff0b2bbce03ec897fe63e0b6490e0', 'Kira', 'Mazur', 18, 103),
(104, NULL, 'Jan.Czarnec8@gmail.com', 'b3054ff0797ff0b2bbce03ec897fe63e0b6490e0', 'Jan', 'Czarnec', 42, 104),
(105, NULL, 'Kira.Urbaniak1@wp.pl', 'b3054ff0797ff0b2bbce03ec897fe63e0b6490e0', 'Kira', 'Urbaniak', 49, 105),
(106, NULL, 'Pawe.Wjcik6@hover.com', 'b3054ff0797ff0b2bbce03ec897fe63e0b6490e0', 'Pawe', 'Wjcik', 34, 106),
(107, NULL, 'Dordian.Jurek4@int.pl', 'b3054ff0797ff0b2bbce03ec897fe63e0b6490e0', 'Dordian', 'Jurek', 28, 107),
(108, NULL, 'Gracjan.Urbaniak3@interia.pl', 'b3054ff0797ff0b2bbce03ec897fe63e0b6490e0', 'Gracjan', 'Urbaniak', 43, 108),
(109, NULL, 'January.Wieczorek0@o2.pl', 'b3054ff0797ff0b2bbce03ec897fe63e0b6490e0', 'January', 'Wieczorek', 23, 109),
(110, NULL, 'Ra.Wrbel7@zoho.com', 'b3054ff0797ff0b2bbce03ec897fe63e0b6490e0', 'Ra', 'Wrbel', 46, 110),
(111, NULL, 'Iga.Czarnec1@wp.pl', 'b3054ff0797ff0b2bbce03ec897fe63e0b6490e0', 'Iga', 'Czarnec', 42, 111),
(112, NULL, 'Pawe.Rybak0@o2.pl', 'b3054ff0797ff0b2bbce03ec897fe63e0b6490e0', 'Pawe', 'Rybak', 50, 112),
(113, NULL, 'Boena.Wawrzyniak9@protonmail.com', 'b3054ff0797ff0b2bbce03ec897fe63e0b6490e0', 'Boena', 'Wawrzyniak', 31, 113),
(114, NULL, 'Boena.Zioo8@gmail.com', 'b3054ff0797ff0b2bbce03ec897fe63e0b6490e0', 'Boena', 'Zioo', 36, 114),
(115, NULL, 'Jan.Szczepaniak7@zoho.com', 'b3054ff0797ff0b2bbce03ec897fe63e0b6490e0', 'Jan', 'Szczepaniak', 35, 115),
(116, NULL, 'Jakub.Nowak2@onet.pl', 'b3054ff0797ff0b2bbce03ec897fe63e0b6490e0', 'Jakub', 'Nowak', 49, 116),
(117, NULL, 'Ra.Kaczmarczyk6@hover.com', 'b3054ff0797ff0b2bbce03ec897fe63e0b6490e0', 'Ra', 'Kaczmarczyk', 50, 117),
(118, NULL, 'Felicja.Kubiak2@onet.pl', 'b3054ff0797ff0b2bbce03ec897fe63e0b6490e0', 'Felicja', 'Kubiak', 22, 118),
(119, NULL, 'Kira.Woniak2@onet.pl', 'b3054ff0797ff0b2bbce03ec897fe63e0b6490e0', 'Kira', 'Woniak', 36, 119),
(120, NULL, 'Weronika.Wrbel9@protonmail.com', 'b3054ff0797ff0b2bbce03ec897fe63e0b6490e0', 'Weronika', 'Wrbel', 49, 120),
(121, NULL, 'Pawe.Szulc5@outlook.pl', 'b3054ff0797ff0b2bbce03ec897fe63e0b6490e0', 'Pawe', 'Szulc', 45, 121),
(122, NULL, 'Anita.Walczak9@protonmail.com', 'b3054ff0797ff0b2bbce03ec897fe63e0b6490e0', 'Anita', 'Walczak', 24, 122),
(123, NULL, 'Patrycja.Zajc9@protonmail.com', 'b3054ff0797ff0b2bbce03ec897fe63e0b6490e0', 'Patrycja', 'Zajc', 47, 123),
(124, NULL, 'Ferdynand.Sobczyk7@zoho.com', 'b3054ff0797ff0b2bbce03ec897fe63e0b6490e0', 'Ferdynand', 'Sobczyk', 37, 124),
(125, NULL, 'Denis.ukasik3@interia.pl', 'b3054ff0797ff0b2bbce03ec897fe63e0b6490e0', 'Denis', 'ukasik', 37, 125),
(126, NULL, 'Hubert.Sobczyk4@int.pl', 'b3054ff0797ff0b2bbce03ec897fe63e0b6490e0', 'Hubert', 'Sobczyk', 42, 126),
(127, NULL, 'Hjacynt.Wjcik3@interia.pl', 'b3054ff0797ff0b2bbce03ec897fe63e0b6490e0', 'Hjacynt', 'Wjcik', 50, 127),
(128, NULL, 'Ryszard.Kurek1@wp.pl', 'b3054ff0797ff0b2bbce03ec897fe63e0b6490e0', 'Ryszard', 'Kurek', 42, 128),
(129, NULL, 'Jakub.Wrbel0@o2.pl', 'b3054ff0797ff0b2bbce03ec897fe63e0b6490e0', 'Jakub', 'Wrbel', 46, 129),
(130, NULL, 'Pawe.Nowak1@wp.pl', 'b3054ff0797ff0b2bbce03ec897fe63e0b6490e0', 'Pawe', 'Nowak', 34, 130),
(131, NULL, 'Felicja.Kowalczyk5@outlook.pl', 'b3054ff0797ff0b2bbce03ec897fe63e0b6490e0', 'Felicja', 'Kowalczyk', 35, 131),
(132, NULL, 'Grzegorz.Kowalczyk3@interia.pl', 'b3054ff0797ff0b2bbce03ec897fe63e0b6490e0', 'Grzegorz', 'Kowalczyk', 26, 132),
(133, NULL, 'Julia.Kot3@interia.pl', 'b3054ff0797ff0b2bbce03ec897fe63e0b6490e0', 'Julia', 'Kot', 48, 133),
(134, NULL, 'Kira.Czarnec2@onet.pl', 'b3054ff0797ff0b2bbce03ec897fe63e0b6490e0', 'Kira', 'Czarnec', 39, 134),
(135, NULL, 'aneta.Szulc0@o2.pl', 'b3054ff0797ff0b2bbce03ec897fe63e0b6490e0', 'aneta', 'Szulc', 18, 135),
(136, NULL, 'Jacek.Woniak3@interia.pl', 'b3054ff0797ff0b2bbce03ec897fe63e0b6490e0', 'Jacek', 'Woniak', 18, 136),
(137, NULL, 'Zuzanna.Janik8@gmail.com', 'b3054ff0797ff0b2bbce03ec897fe63e0b6490e0', 'Zuzanna', 'Janik', 34, 137),
(138, NULL, 'Matylda.Kurek6@hover.com', 'b3054ff0797ff0b2bbce03ec897fe63e0b6490e0', 'Matylda', 'Kurek', 47, 138),
(139, NULL, 'Krzysztof.Wieczorek3@interia.pl', 'b3054ff0797ff0b2bbce03ec897fe63e0b6490e0', 'Krzysztof', 'Wieczorek', 45, 139),
(140, NULL, 'Edward.Zioo4@int.pl', 'b3054ff0797ff0b2bbce03ec897fe63e0b6490e0', 'Edward', 'Zioo', 20, 140),
(141, NULL, 'Edmund.Wawrzyniak3@interia.pl', 'b3054ff0797ff0b2bbce03ec897fe63e0b6490e0', 'Edmund', 'Wawrzyniak', 28, 141),
(142, NULL, 'Edward.Woniak6@hover.com', 'b3054ff0797ff0b2bbce03ec897fe63e0b6490e0', 'Edward', 'Woniak', 35, 142),
(143, NULL, 'Denis.Kowalczyk1@wp.pl', 'b3054ff0797ff0b2bbce03ec897fe63e0b6490e0', 'Denis', 'Kowalczyk', 26, 143),
(144, NULL, 'Anastazja.ukasik3@interia.pl', 'b3054ff0797ff0b2bbce03ec897fe63e0b6490e0', 'Anastazja', 'ukasik', 21, 144),
(145, NULL, 'Kira.Filipiak4@int.pl', 'b3054ff0797ff0b2bbce03ec897fe63e0b6490e0', 'Kira', 'Filipiak', 47, 145),
(146, NULL, 'Matylda.ukasik5@outlook.pl', 'b3054ff0797ff0b2bbce03ec897fe63e0b6490e0', 'Matylda', 'ukasik', 41, 146),
(147, NULL, 'Anastazja.Sowa5@outlook.pl', 'b3054ff0797ff0b2bbce03ec897fe63e0b6490e0', 'Anastazja', 'Sowa', 34, 147),
(148, NULL, 'Pawe.Szczepaniak4@int.pl', 'b3054ff0797ff0b2bbce03ec897fe63e0b6490e0', 'Pawe', 'Szczepaniak', 29, 148),
(149, NULL, 'Weronika.Wjcik4@int.pl', 'b3054ff0797ff0b2bbce03ec897fe63e0b6490e0', 'Weronika', 'Wjcik', 46, 149),
(150, NULL, 'Edmund.Wrbel0@o2.pl', 'b3054ff0797ff0b2bbce03ec897fe63e0b6490e0', 'Edmund', 'Wrbel', 36, 150),
(151, NULL, 'Gracjan.Kowalczyk6@hover.com', 'b3054ff0797ff0b2bbce03ec897fe63e0b6490e0', 'Gracjan', 'Kowalczyk', 28, 151),
(152, NULL, 'Boena.Skwara6@hover.com', 'b3054ff0797ff0b2bbce03ec897fe63e0b6490e0', 'Boena', 'Skwara', 38, 152),
(153, NULL, 'Anita.Kot6@hover.com', 'b3054ff0797ff0b2bbce03ec897fe63e0b6490e0', 'Anita', 'Kot', 32, 153),
(154, NULL, 'Jacek.Rybak1@wp.pl', 'b3054ff0797ff0b2bbce03ec897fe63e0b6490e0', 'Jacek', 'Rybak', 40, 154),
(155, NULL, 'Anita.Walczak8@gmail.com', 'b3054ff0797ff0b2bbce03ec897fe63e0b6490e0', 'Anita', 'Walczak', 21, 155),
(156, NULL, 'Pawe.Mazur4@int.pl', 'b3054ff0797ff0b2bbce03ec897fe63e0b6490e0', 'Pawe', 'Mazur', 35, 156),
(157, NULL, 'Patrycja.Kubiak4@int.pl', 'b3054ff0797ff0b2bbce03ec897fe63e0b6490e0', 'Patrycja', 'Kubiak', 20, 157),
(158, NULL, 'Boena.Sowa8@gmail.com', 'b3054ff0797ff0b2bbce03ec897fe63e0b6490e0', 'Boena', 'Sowa', 38, 158),
(159, NULL, 'Weronika.Wieczorek8@gmail.com', 'b3054ff0797ff0b2bbce03ec897fe63e0b6490e0', 'Weronika', 'Wieczorek', 35, 159),
(160, NULL, 'Felicja.Urbaniak2@onet.pl', 'b3054ff0797ff0b2bbce03ec897fe63e0b6490e0', 'Felicja', 'Urbaniak', 39, 160),
(161, NULL, 'Anita.Kaczmarczyk9@protonmail.com', 'b3054ff0797ff0b2bbce03ec897fe63e0b6490e0', 'Anita', 'Kaczmarczyk', 27, 161),
(162, NULL, 'Hubert.Zajc0@o2.pl', 'b3054ff0797ff0b2bbce03ec897fe63e0b6490e0', 'Hubert', 'Zajc', 25, 162),
(163, NULL, 'Pawe.Wrbel7@zoho.com', 'b3054ff0797ff0b2bbce03ec897fe63e0b6490e0', 'Pawe', 'Wrbel', 38, 163),
(164, NULL, 'Matylda.Klimek7@zoho.com', 'b3054ff0797ff0b2bbce03ec897fe63e0b6490e0', 'Matylda', 'Klimek', 21, 164),
(165, NULL, 'Jan.Woniak6@hover.com', 'b3054ff0797ff0b2bbce03ec897fe63e0b6490e0', 'Jan', 'Woniak', 43, 165),
(166, NULL, 'Micha.Mazur7@zoho.com', 'b3054ff0797ff0b2bbce03ec897fe63e0b6490e0', 'Micha', 'Mazur', 31, 166),
(167, NULL, 'Ra.Klimek1@wp.pl', 'b3054ff0797ff0b2bbce03ec897fe63e0b6490e0', 'Ra', 'Klimek', 27, 167),
(168, NULL, 'January.Kot2@onet.pl', 'b3054ff0797ff0b2bbce03ec897fe63e0b6490e0', 'January', 'Kot', 49, 168),
(169, NULL, 'Olaf.Czarnec1@wp.pl', 'b3054ff0797ff0b2bbce03ec897fe63e0b6490e0', 'Olaf', 'Czarnec', 28, 169),
(170, NULL, 'Ryszard.Kubiak3@interia.pl', 'b3054ff0797ff0b2bbce03ec897fe63e0b6490e0', 'Ryszard', 'Kubiak', 39, 170),
(171, NULL, 'Hubert.Szczepaniak7@zoho.com', 'b3054ff0797ff0b2bbce03ec897fe63e0b6490e0', 'Hubert', 'Szczepaniak', 36, 171),
(172, NULL, 'Olaf.Mazur7@zoho.com', 'b3054ff0797ff0b2bbce03ec897fe63e0b6490e0', 'Olaf', 'Mazur', 36, 172),
(173, NULL, 'Dominik.Mamro6@hover.com', 'b3054ff0797ff0b2bbce03ec897fe63e0b6490e0', 'Dominik', 'Mamro', 39, 173),
(174, NULL, 'Iga.Wrbel9@protonmail.com', 'b3054ff0797ff0b2bbce03ec897fe63e0b6490e0', 'Iga', 'Wrbel', 43, 174),
(175, NULL, 'Anastazja.Filipiak0@o2.pl', 'b3054ff0797ff0b2bbce03ec897fe63e0b6490e0', 'Anastazja', 'Filipiak', 37, 175),
(176, NULL, 'Krzysztof.Kruk1@wp.pl', 'b3054ff0797ff0b2bbce03ec897fe63e0b6490e0', 'Krzysztof', 'Kruk', 49, 176),
(177, NULL, 'Gracjan.Krl8@gmail.com', 'b3054ff0797ff0b2bbce03ec897fe63e0b6490e0', 'Gracjan', 'Krl', 49, 177),
(178, NULL, 'Olaf.Zioo0@o2.pl', 'b3054ff0797ff0b2bbce03ec897fe63e0b6490e0', 'Olaf', 'Zioo', 50, 178),
(179, NULL, 'Zuzanna.Filipiak2@onet.pl', 'b3054ff0797ff0b2bbce03ec897fe63e0b6490e0', 'Zuzanna', 'Filipiak', 48, 179),
(180, NULL, 'Weronika.Urbaniak2@onet.pl', 'b3054ff0797ff0b2bbce03ec897fe63e0b6490e0', 'Weronika', 'Urbaniak', 24, 180),
(181, NULL, 'Gracjan.Sobczyk9@protonmail.com', 'b3054ff0797ff0b2bbce03ec897fe63e0b6490e0', 'Gracjan', 'Sobczyk', 27, 181),
(182, NULL, 'Ryszard.Mazur8@gmail.com', 'b3054ff0797ff0b2bbce03ec897fe63e0b6490e0', 'Ryszard', 'Mazur', 28, 182),
(183, NULL, 'Edmund.Rybak4@int.pl', 'b3054ff0797ff0b2bbce03ec897fe63e0b6490e0', 'Edmund', 'Rybak', 45, 183),
(184, NULL, 'Wiktoria.Walczak9@protonmail.com', 'b3054ff0797ff0b2bbce03ec897fe63e0b6490e0', 'Wiktoria', 'Walczak', 20, 184),
(185, NULL, 'Patrycja.Szczepaniak7@zoho.com', 'b3054ff0797ff0b2bbce03ec897fe63e0b6490e0', 'Patrycja', 'Szczepaniak', 37, 185),
(186, NULL, 'Ryszard.Przybysz9@protonmail.com', 'b3054ff0797ff0b2bbce03ec897fe63e0b6490e0', 'Ryszard', 'Przybysz', 37, 186),
(187, NULL, 'Dordian.Pawlak0@o2.pl', 'b3054ff0797ff0b2bbce03ec897fe63e0b6490e0', 'Dordian', 'Pawlak', 34, 187),
(188, NULL, 'Edmund.Wawrzyniak9@protonmail.com', 'b3054ff0797ff0b2bbce03ec897fe63e0b6490e0', 'Edmund', 'Wawrzyniak', 48, 188),
(189, NULL, 'Hjacynt.Zioo2@onet.pl', 'b3054ff0797ff0b2bbce03ec897fe63e0b6490e0', 'Hjacynt', 'Zioo', 46, 189),
(190, NULL, 'Pawe.Szulc6@hover.com', 'b3054ff0797ff0b2bbce03ec897fe63e0b6490e0', 'Pawe', 'Szulc', 40, 190),
(191, NULL, 'Ra.Zioo9@protonmail.com', 'b3054ff0797ff0b2bbce03ec897fe63e0b6490e0', 'Ra', 'Zioo', 46, 191),
(192, NULL, 'Hubert.Nowak5@outlook.pl', 'b3054ff0797ff0b2bbce03ec897fe63e0b6490e0', 'Hubert', 'Nowak', 42, 192),
(193, NULL, 'Dominik.Jurek9@protonmail.com', 'b3054ff0797ff0b2bbce03ec897fe63e0b6490e0', 'Dominik', 'Jurek', 19, 193),
(194, NULL, 'Krzysztof.Walczak1@wp.pl', 'b3054ff0797ff0b2bbce03ec897fe63e0b6490e0', 'Krzysztof', 'Walczak', 48, 194),
(195, NULL, 'Krzysztof.Mazur0@o2.pl', 'b3054ff0797ff0b2bbce03ec897fe63e0b6490e0', 'Krzysztof', 'Mazur', 30, 195),
(196, NULL, 'Weronika.Zioo2@onet.pl', 'b3054ff0797ff0b2bbce03ec897fe63e0b6490e0', 'Weronika', 'Zioo', 42, 196),
(197, NULL, 'Anastazja.Kowalczyk3@interia.pl', 'b3054ff0797ff0b2bbce03ec897fe63e0b6490e0', 'Anastazja', 'Kowalczyk', 18, 197),
(198, NULL, 'aneta.Filipiak9@protonmail.com', 'b3054ff0797ff0b2bbce03ec897fe63e0b6490e0', 'aneta', 'Filipiak', 19, 198),
(199, NULL, 'Gracjan.Kaczmarczyk4@int.pl', 'b3054ff0797ff0b2bbce03ec897fe63e0b6490e0', 'Gracjan', 'Kaczmarczyk', 41, 199),
(200, NULL, 'Ra.Walczak6@hover.com', 'b3054ff0797ff0b2bbce03ec897fe63e0b6490e0', 'Ra', 'Walczak', 26, 200),
(201, NULL, 'Iga.Sobczyk7@zoho.com', 'b3054ff0797ff0b2bbce03ec897fe63e0b6490e0', 'Iga', 'Sobczyk', 22, 201),
(202, NULL, 'Krzysztof.Sobczyk0@o2.pl', 'b3054ff0797ff0b2bbce03ec897fe63e0b6490e0', 'Krzysztof', 'Sobczyk', 49, 202),
(203, NULL, 'Jan.Wieczorek0@o2.pl', 'b3054ff0797ff0b2bbce03ec897fe63e0b6490e0', 'Jan', 'Wieczorek', 20, 203),
(204, NULL, 'Edmund.Mamro2@onet.pl', 'b3054ff0797ff0b2bbce03ec897fe63e0b6490e0', 'Edmund', 'Mamro', 23, 204),
(205, NULL, 'Micha.Kruk4@int.pl', 'b3054ff0797ff0b2bbce03ec897fe63e0b6490e0', 'Micha', 'Kruk', 32, 205),
(206, NULL, 'Denis.Skwara5@outlook.pl', 'b3054ff0797ff0b2bbce03ec897fe63e0b6490e0', 'Denis', 'Skwara', 40, 206),
(207, NULL, 'aneta.ukasik6@hover.com', 'b3054ff0797ff0b2bbce03ec897fe63e0b6490e0', 'aneta', 'ukasik', 23, 207),
(208, NULL, 'Hjacynt.Filipiak2@onet.pl', 'b3054ff0797ff0b2bbce03ec897fe63e0b6490e0', 'Hjacynt', 'Filipiak', 44, 208),
(209, NULL, 'Boena.Wjcik9@protonmail.com', 'b3054ff0797ff0b2bbce03ec897fe63e0b6490e0', 'Boena', 'Wjcik', 37, 209),
(210, NULL, 'Jacek.Kruk0@o2.pl', 'b3054ff0797ff0b2bbce03ec897fe63e0b6490e0', 'Jacek', 'Kruk', 39, 210),
(211, NULL, 'Denis.Kowalczyk7@zoho.com', 'b3054ff0797ff0b2bbce03ec897fe63e0b6490e0', 'Denis', 'Kowalczyk', 41, 211),
(212, NULL, 'Gawe.Sobczyk5@outlook.pl', 'b3054ff0797ff0b2bbce03ec897fe63e0b6490e0', 'Gawe', 'Sobczyk', 22, 212),
(213, NULL, 'Anastazja.Sobczyk6@hover.com', 'b3054ff0797ff0b2bbce03ec897fe63e0b6490e0', 'Anastazja', 'Sobczyk', 26, 213),
(214, NULL, 'Ferdynand.Pawlak2@onet.pl', 'b3054ff0797ff0b2bbce03ec897fe63e0b6490e0', 'Ferdynand', 'Pawlak', 50, 214),
(215, NULL, 'Matylda.Sowa0@o2.pl', 'b3054ff0797ff0b2bbce03ec897fe63e0b6490e0', 'Matylda', 'Sowa', 34, 215),
(216, NULL, 'Matylda.Kruk4@int.pl', 'b3054ff0797ff0b2bbce03ec897fe63e0b6490e0', 'Matylda', 'Kruk', 46, 216),
(217, NULL, 'Jakub.Mazur3@interia.pl', 'b3054ff0797ff0b2bbce03ec897fe63e0b6490e0', 'Jakub', 'Mazur', 50, 217),
(218, NULL, 'Micha.Wieczorek0@o2.pl', 'b3054ff0797ff0b2bbce03ec897fe63e0b6490e0', 'Micha', 'Wieczorek', 44, 218),
(219, NULL, 'Dominik.Olejniczak9@protonmail.com', 'b3054ff0797ff0b2bbce03ec897fe63e0b6490e0', 'Dominik', 'Olejniczak', 46, 219),
(220, NULL, 'aneta.Urbaniak3@interia.pl', 'b3054ff0797ff0b2bbce03ec897fe63e0b6490e0', 'aneta', 'Urbaniak', 42, 220),
(221, NULL, 'Grzegorz.Urbaniak1@wp.pl', 'b3054ff0797ff0b2bbce03ec897fe63e0b6490e0', 'Grzegorz', 'Urbaniak', 47, 221),
(222, NULL, 'January.Czarnec7@zoho.com', 'b3054ff0797ff0b2bbce03ec897fe63e0b6490e0', 'January', 'Czarnec', 48, 222),
(223, NULL, 'Kira.Kurek8@gmail.com', 'b3054ff0797ff0b2bbce03ec897fe63e0b6490e0', 'Kira', 'Kurek', 34, 223),
(224, NULL, 'Ryszard.Wjcik8@gmail.com', 'b3054ff0797ff0b2bbce03ec897fe63e0b6490e0', 'Ryszard', 'Wjcik', 30, 224),
(225, NULL, 'Grzegorz.Kot5@outlook.pl', 'b3054ff0797ff0b2bbce03ec897fe63e0b6490e0', 'Grzegorz', 'Kot', 49, 225),
(226, NULL, 'Ferdynand.Kruk6@hover.com', 'b3054ff0797ff0b2bbce03ec897fe63e0b6490e0', 'Ferdynand', 'Kruk', 21, 226),
(227, NULL, 'Gawe.Filipiak6@hover.com', 'b3054ff0797ff0b2bbce03ec897fe63e0b6490e0', 'Gawe', 'Filipiak', 45, 227),
(228, NULL, 'Hubert.Szulc8@gmail.com', 'b3054ff0797ff0b2bbce03ec897fe63e0b6490e0', 'Hubert', 'Szulc', 42, 228),
(229, NULL, 'Weronika.Jurek2@onet.pl', 'b3054ff0797ff0b2bbce03ec897fe63e0b6490e0', 'Weronika', 'Jurek', 18, 229),
(230, NULL, 'Patrycja.Filipiak4@int.pl', 'b3054ff0797ff0b2bbce03ec897fe63e0b6490e0', 'Patrycja', 'Filipiak', 28, 230),
(231, NULL, 'Grzegorz.Skwara7@zoho.com', 'b3054ff0797ff0b2bbce03ec897fe63e0b6490e0', 'Grzegorz', 'Skwara', 43, 231),
(232, NULL, 'Julia.Kruk6@hover.com', 'b3054ff0797ff0b2bbce03ec897fe63e0b6490e0', 'Julia', 'Kruk', 30, 232),
(233, NULL, 'Dordian.Jurek1@wp.pl', 'b3054ff0797ff0b2bbce03ec897fe63e0b6490e0', 'Dordian', 'Jurek', 23, 233),
(234, NULL, 'Pawe.Mazur8@gmail.com', 'b3054ff0797ff0b2bbce03ec897fe63e0b6490e0', 'Pawe', 'Mazur', 50, 234),
(235, NULL, 'Julia.Pawlak5@outlook.pl', 'b3054ff0797ff0b2bbce03ec897fe63e0b6490e0', 'Julia', 'Pawlak', 25, 235),
(236, NULL, 'Felicja.Klimek1@wp.pl', 'b3054ff0797ff0b2bbce03ec897fe63e0b6490e0', 'Felicja', 'Klimek', 25, 236),
(237, NULL, 'Felicja.Kruk5@outlook.pl', 'b3054ff0797ff0b2bbce03ec897fe63e0b6490e0', 'Felicja', 'Kruk', 27, 237),
(238, NULL, 'Anita.Nowak7@zoho.com', 'b3054ff0797ff0b2bbce03ec897fe63e0b6490e0', 'Anita', 'Nowak', 18, 238),
(239, NULL, 'Grzegorz.Jurek1@wp.pl', 'b3054ff0797ff0b2bbce03ec897fe63e0b6490e0', 'Grzegorz', 'Jurek', 47, 239),
(240, NULL, 'Zuzanna.Wieczorek9@protonmail.com', 'b3054ff0797ff0b2bbce03ec897fe63e0b6490e0', 'Zuzanna', 'Wieczorek', 25, 240),
(241, NULL, 'Anita.Urbaniak0@o2.pl', 'b3054ff0797ff0b2bbce03ec897fe63e0b6490e0', 'Anita', 'Urbaniak', 21, 241),
(242, NULL, 'Jakub.Zioo6@hover.com', 'b3054ff0797ff0b2bbce03ec897fe63e0b6490e0', 'Jakub', 'Zioo', 35, 242),
(243, NULL, 'Micha.Nowak8@gmail.com', 'b3054ff0797ff0b2bbce03ec897fe63e0b6490e0', 'Micha', 'Nowak', 34, 243),
(244, NULL, 'Iga.Nowak6@hover.com', 'b3054ff0797ff0b2bbce03ec897fe63e0b6490e0', 'Iga', 'Nowak', 43, 244),
(245, NULL, 'Ra.Pawlak7@zoho.com', 'b3054ff0797ff0b2bbce03ec897fe63e0b6490e0', 'Ra', 'Pawlak', 38, 245),
(246, NULL, 'Kira.Wjcik6@hover.com', 'b3054ff0797ff0b2bbce03ec897fe63e0b6490e0', 'Kira', 'Wjcik', 40, 246),
(247, NULL, 'Gawe.Czarnec0@o2.pl', 'b3054ff0797ff0b2bbce03ec897fe63e0b6490e0', 'Gawe', 'Czarnec', 46, 247),
(248, NULL, 'Dominik.Sowa2@onet.pl', 'b3054ff0797ff0b2bbce03ec897fe63e0b6490e0', 'Dominik', 'Sowa', 37, 248),
(249, NULL, 'Gracjan.Sobczyk9@protonmail.com', 'b3054ff0797ff0b2bbce03ec897fe63e0b6490e0', 'Gracjan', 'Sobczyk', 27, 249),
(250, NULL, 'Boena.Filipiak2@onet.pl', 'b3054ff0797ff0b2bbce03ec897fe63e0b6490e0', 'Boena', 'Filipiak', 46, 250),
(251, NULL, 'Jan.Janik5@outlook.pl', 'b3054ff0797ff0b2bbce03ec897fe63e0b6490e0', 'Jan', 'Janik', 23, 251),
(252, NULL, 'Hjacynt.Czarnec9@protonmail.com', 'b3054ff0797ff0b2bbce03ec897fe63e0b6490e0', 'Hjacynt', 'Czarnec', 42, 252),
(253, NULL, 'January.Woniak5@outlook.pl', 'b3054ff0797ff0b2bbce03ec897fe63e0b6490e0', 'January', 'Woniak', 46, 253),
(254, NULL, 'Denis.Olejniczak6@hover.com', 'b3054ff0797ff0b2bbce03ec897fe63e0b6490e0', 'Denis', 'Olejniczak', 44, 254),
(255, NULL, 'Kira.Kubiak7@zoho.com', 'b3054ff0797ff0b2bbce03ec897fe63e0b6490e0', 'Kira', 'Kubiak', 19, 255),
(256, NULL, 'Anita.Zioo9@protonmail.com', 'b3054ff0797ff0b2bbce03ec897fe63e0b6490e0', 'Anita', 'Zioo', 27, 256),
(257, NULL, 'Jan.Klimek8@gmail.com', 'b3054ff0797ff0b2bbce03ec897fe63e0b6490e0', 'Jan', 'Klimek', 40, 257),
(258, NULL, 'Felicja.Pawlak4@int.pl', 'b3054ff0797ff0b2bbce03ec897fe63e0b6490e0', 'Felicja', 'Pawlak', 45, 258),
(259, NULL, 'Wiktoria.Wrbel4@int.pl', 'b3054ff0797ff0b2bbce03ec897fe63e0b6490e0', 'Wiktoria', 'Wrbel', 47, 259),
(260, NULL, 'Zuzanna.Kruk2@onet.pl', 'b3054ff0797ff0b2bbce03ec897fe63e0b6490e0', 'Zuzanna', 'Kruk', 24, 260),
(261, NULL, 'Iga.Pawlak8@gmail.com', 'b3054ff0797ff0b2bbce03ec897fe63e0b6490e0', 'Iga', 'Pawlak', 31, 261),
(262, NULL, 'Boena.Czarnec2@onet.pl', 'b3054ff0797ff0b2bbce03ec897fe63e0b6490e0', 'Boena', 'Czarnec', 19, 262),
(263, NULL, 'Jacek.Woniak6@hover.com', 'b3054ff0797ff0b2bbce03ec897fe63e0b6490e0', 'Jacek', 'Woniak', 50, 263),
(264, NULL, 'Kira.Zioo3@interia.pl', 'b3054ff0797ff0b2bbce03ec897fe63e0b6490e0', 'Kira', 'Zioo', 30, 264),
(265, NULL, 'Ra.Sobczyk7@zoho.com', 'b3054ff0797ff0b2bbce03ec897fe63e0b6490e0', 'Ra', 'Sobczyk', 19, 265),
(266, NULL, 'Hjacynt.Skwara7@zoho.com', 'b3054ff0797ff0b2bbce03ec897fe63e0b6490e0', 'Hjacynt', 'Skwara', 18, 266),
(267, NULL, 'Jan.Kruk6@hover.com', 'b3054ff0797ff0b2bbce03ec897fe63e0b6490e0', 'Jan', 'Kruk', 46, 267),
(268, NULL, 'Anita.Walczak1@wp.pl', 'b3054ff0797ff0b2bbce03ec897fe63e0b6490e0', 'Anita', 'Walczak', 29, 268),
(269, NULL, 'Wiktoria.Mamro8@gmail.com', 'b3054ff0797ff0b2bbce03ec897fe63e0b6490e0', 'Wiktoria', 'Mamro', 42, 269),
(270, NULL, 'Julia.Przybysz2@onet.pl', 'b3054ff0797ff0b2bbce03ec897fe63e0b6490e0', 'Julia', 'Przybysz', 46, 270),
(271, NULL, 'Jan.Janik8@gmail.com', 'b3054ff0797ff0b2bbce03ec897fe63e0b6490e0', 'Jan', 'Janik', 40, 271),
(272, NULL, 'Jan.Olejniczak7@zoho.com', 'b3054ff0797ff0b2bbce03ec897fe63e0b6490e0', 'Jan', 'Olejniczak', 34, 272),
(273, NULL, 'Dominik.Zioo5@outlook.pl', 'b3054ff0797ff0b2bbce03ec897fe63e0b6490e0', 'Dominik', 'Zioo', 33, 273),
(274, NULL, 'Jakub.Olejniczak1@wp.pl', 'b3054ff0797ff0b2bbce03ec897fe63e0b6490e0', 'Jakub', 'Olejniczak', 37, 274),
(275, NULL, 'Olaf.Kurek2@onet.pl', 'b3054ff0797ff0b2bbce03ec897fe63e0b6490e0', 'Olaf', 'Kurek', 42, 275),
(276, NULL, 'Ra.Klimek2@onet.pl', 'b3054ff0797ff0b2bbce03ec897fe63e0b6490e0', 'Ra', 'Klimek', 26, 276),
(277, NULL, 'Felicja.Kaczmarczyk1@wp.pl', 'b3054ff0797ff0b2bbce03ec897fe63e0b6490e0', 'Felicja', 'Kaczmarczyk', 25, 277),
(278, NULL, 'Hjacynt.Przybysz3@interia.pl', 'b3054ff0797ff0b2bbce03ec897fe63e0b6490e0', 'Hjacynt', 'Przybysz', 32, 278),
(279, NULL, 'Felicja.Sowa4@int.pl', 'b3054ff0797ff0b2bbce03ec897fe63e0b6490e0', 'Felicja', 'Sowa', 27, 279),
(280, NULL, 'Ra.Kurek4@int.pl', 'b3054ff0797ff0b2bbce03ec897fe63e0b6490e0', 'Ra', 'Kurek', 30, 280),
(281, NULL, 'Jacek.Kurek9@protonmail.com', 'b3054ff0797ff0b2bbce03ec897fe63e0b6490e0', 'Jacek', 'Kurek', 45, 281),
(282, NULL, 'Wiktoria.Szulc7@zoho.com', 'b3054ff0797ff0b2bbce03ec897fe63e0b6490e0', 'Wiktoria', 'Szulc', 38, 282),
(283, NULL, 'Krzysztof.Skwara3@interia.pl', 'b3054ff0797ff0b2bbce03ec897fe63e0b6490e0', 'Krzysztof', 'Skwara', 24, 283),
(284, NULL, 'Edmund.Rybak0@o2.pl', 'b3054ff0797ff0b2bbce03ec897fe63e0b6490e0', 'Edmund', 'Rybak', 47, 284),
(285, NULL, 'Pawe.Kubiak0@o2.pl', 'b3054ff0797ff0b2bbce03ec897fe63e0b6490e0', 'Pawe', 'Kubiak', 38, 285),
(286, NULL, 'Hjacynt.Krl4@int.pl', 'b3054ff0797ff0b2bbce03ec897fe63e0b6490e0', 'Hjacynt', 'Krl', 39, 286),
(287, NULL, 'Olaf.ukasik7@zoho.com', 'b3054ff0797ff0b2bbce03ec897fe63e0b6490e0', 'Olaf', 'ukasik', 41, 287),
(288, NULL, 'Dominik.Wawrzyniak9@protonmail.com', 'b3054ff0797ff0b2bbce03ec897fe63e0b6490e0', 'Dominik', 'Wawrzyniak', 47, 288),
(289, NULL, 'Patrycja.Janik4@int.pl', 'b3054ff0797ff0b2bbce03ec897fe63e0b6490e0', 'Patrycja', 'Janik', 46, 289),
(290, NULL, 'Edmund.Walczak6@hover.com', 'b3054ff0797ff0b2bbce03ec897fe63e0b6490e0', 'Edmund', 'Walczak', 44, 290),
(291, NULL, 'Jacek.Wjcik7@zoho.com', 'b3054ff0797ff0b2bbce03ec897fe63e0b6490e0', 'Jacek', 'Wjcik', 30, 291),
(292, NULL, 'Ryszard.Kruk7@zoho.com', 'b3054ff0797ff0b2bbce03ec897fe63e0b6490e0', 'Ryszard', 'Kruk', 20, 292),
(293, NULL, 'Ryszard.Kubiak0@o2.pl', 'b3054ff0797ff0b2bbce03ec897fe63e0b6490e0', 'Ryszard', 'Kubiak', 30, 293),
(294, NULL, 'Olaf.Kaczmarczyk5@outlook.pl', 'b3054ff0797ff0b2bbce03ec897fe63e0b6490e0', 'Olaf', 'Kaczmarczyk', 49, 294),
(295, NULL, 'Gracjan.Sowa7@zoho.com', 'b3054ff0797ff0b2bbce03ec897fe63e0b6490e0', 'Gracjan', 'Sowa', 31, 295),
(296, NULL, 'Weronika.Filipiak4@int.pl', 'b3054ff0797ff0b2bbce03ec897fe63e0b6490e0', 'Weronika', 'Filipiak', 42, 296),
(297, NULL, 'Kira.Wjcik0@o2.pl', 'b3054ff0797ff0b2bbce03ec897fe63e0b6490e0', 'Kira', 'Wjcik', 50, 297),
(298, NULL, 'Jakub.Kot9@protonmail.com', 'b3054ff0797ff0b2bbce03ec897fe63e0b6490e0', 'Jakub', 'Kot', 35, 298),
(299, NULL, 'Iga.Nowak6@hover.com', 'b3054ff0797ff0b2bbce03ec897fe63e0b6490e0', 'Iga', 'Nowak', 23, 299),
(300, NULL, 'Weronika.Jurek4@int.pl', 'b3054ff0797ff0b2bbce03ec897fe63e0b6490e0', 'Weronika', 'Jurek', 28, 300),
(301, NULL, 'Matylda.Jurek8@gmail.com', 'b3054ff0797ff0b2bbce03ec897fe63e0b6490e0', 'Matylda', 'Jurek', 32, 301),
(302, NULL, 'Iga.Jurek5@outlook.pl', 'b3054ff0797ff0b2bbce03ec897fe63e0b6490e0', 'Iga', 'Jurek', 48, 302),
(303, NULL, 'January.Jurek5@outlook.pl', 'b3054ff0797ff0b2bbce03ec897fe63e0b6490e0', 'January', 'Jurek', 19, 303),
(304, NULL, 'Denis.Zioo8@gmail.com', 'b3054ff0797ff0b2bbce03ec897fe63e0b6490e0', 'Denis', 'Zioo', 20, 304),
(305, NULL, 'Felicja.Kubiak5@outlook.pl', 'b3054ff0797ff0b2bbce03ec897fe63e0b6490e0', 'Felicja', 'Kubiak', 49, 305),
(306, NULL, 'Iga.Krl6@hover.com', 'b3054ff0797ff0b2bbce03ec897fe63e0b6490e0', 'Iga', 'Krl', 22, 306),
(307, NULL, 'Ra.Szulc9@protonmail.com', 'b3054ff0797ff0b2bbce03ec897fe63e0b6490e0', 'Ra', 'Szulc', 40, 307),
(308, NULL, 'Dordian.Wjcik1@wp.pl', 'b3054ff0797ff0b2bbce03ec897fe63e0b6490e0', 'Dordian', 'Wjcik', 46, 308),
(309, NULL, 'Jakub.Rybak4@int.pl', 'b3054ff0797ff0b2bbce03ec897fe63e0b6490e0', 'Jakub', 'Rybak', 40, 309),
(310, NULL, 'Patrycja.Kruk0@o2.pl', 'b3054ff0797ff0b2bbce03ec897fe63e0b6490e0', 'Patrycja', 'Kruk', 20, 310),
(311, NULL, 'Jacek.Szulc2@onet.pl', 'b3054ff0797ff0b2bbce03ec897fe63e0b6490e0', 'Jacek', 'Szulc', 23, 311),
(312, NULL, 'Iga.Przybysz6@hover.com', 'b3054ff0797ff0b2bbce03ec897fe63e0b6490e0', 'Iga', 'Przybysz', 33, 312),
(313, NULL, 'Dominik.Woniak2@onet.pl', 'b3054ff0797ff0b2bbce03ec897fe63e0b6490e0', 'Dominik', 'Woniak', 44, 313),
(314, NULL, 'Pawe.Klimek7@zoho.com', 'b3054ff0797ff0b2bbce03ec897fe63e0b6490e0', 'Pawe', 'Klimek', 39, 314),
(315, NULL, 'Ferdynand.Woniak8@gmail.com', 'b3054ff0797ff0b2bbce03ec897fe63e0b6490e0', 'Ferdynand', 'Woniak', 19, 315),
(316, NULL, 'Boena.Kurek7@zoho.com', 'b3054ff0797ff0b2bbce03ec897fe63e0b6490e0', 'Boena', 'Kurek', 42, 316),
(317, NULL, 'Anita.Janik4@int.pl', 'b3054ff0797ff0b2bbce03ec897fe63e0b6490e0', 'Anita', 'Janik', 30, 317),
(318, NULL, 'Julia.Wawrzyniak3@interia.pl', 'b3054ff0797ff0b2bbce03ec897fe63e0b6490e0', 'Julia', 'Wawrzyniak', 48, 318),
(319, NULL, 'Pawe.Klimek5@outlook.pl', 'b3054ff0797ff0b2bbce03ec897fe63e0b6490e0', 'Pawe', 'Klimek', 18, 319),
(320, NULL, 'Gracjan.Sobczyk1@wp.pl', 'b3054ff0797ff0b2bbce03ec897fe63e0b6490e0', 'Gracjan', 'Sobczyk', 28, 320),
(321, NULL, 'Gracjan.Zajc7@zoho.com', 'b3054ff0797ff0b2bbce03ec897fe63e0b6490e0', 'Gracjan', 'Zajc', 46, 321),
(322, NULL, 'Jakub.Kruk6@hover.com', 'b3054ff0797ff0b2bbce03ec897fe63e0b6490e0', 'Jakub', 'Kruk', 50, 322),
(323, NULL, 'Pawe.Wjcik3@interia.pl', 'b3054ff0797ff0b2bbce03ec897fe63e0b6490e0', 'Pawe', 'Wjcik', 29, 323),
(324, NULL, 'Patrycja.Krl7@zoho.com', 'b3054ff0797ff0b2bbce03ec897fe63e0b6490e0', 'Patrycja', 'Krl', 41, 324),
(325, NULL, 'Gracjan.Przybysz1@wp.pl', 'b3054ff0797ff0b2bbce03ec897fe63e0b6490e0', 'Gracjan', 'Przybysz', 40, 325),
(326, NULL, 'Hjacynt.Skwara4@int.pl', 'b3054ff0797ff0b2bbce03ec897fe63e0b6490e0', 'Hjacynt', 'Skwara', 34, 326),
(327, NULL, 'aneta.ukasik9@protonmail.com', 'b3054ff0797ff0b2bbce03ec897fe63e0b6490e0', 'aneta', 'ukasik', 35, 327),
(328, NULL, 'Hubert.Wawrzyniak4@int.pl', 'b3054ff0797ff0b2bbce03ec897fe63e0b6490e0', 'Hubert', 'Wawrzyniak', 22, 328),
(329, NULL, 'Hjacynt.Wjcik1@wp.pl', 'b3054ff0797ff0b2bbce03ec897fe63e0b6490e0', 'Hjacynt', 'Wjcik', 47, 329),
(330, NULL, 'Dominik.Nowak7@zoho.com', 'b3054ff0797ff0b2bbce03ec897fe63e0b6490e0', 'Dominik', 'Nowak', 42, 330),
(331, NULL, 'Denis.Walczak7@zoho.com', 'b3054ff0797ff0b2bbce03ec897fe63e0b6490e0', 'Denis', 'Walczak', 40, 331),
(332, NULL, 'Ferdynand.Pawlak8@gmail.com', 'b3054ff0797ff0b2bbce03ec897fe63e0b6490e0', 'Ferdynand', 'Pawlak', 34, 332),
(333, NULL, 'Anita.Jurek0@o2.pl', 'b3054ff0797ff0b2bbce03ec897fe63e0b6490e0', 'Anita', 'Jurek', 27, 333),
(334, NULL, 'Jacek.Wjcik1@wp.pl', 'b3054ff0797ff0b2bbce03ec897fe63e0b6490e0', 'Jacek', 'Wjcik', 41, 334),
(335, NULL, 'Julia.Pawlak5@outlook.pl', 'b3054ff0797ff0b2bbce03ec897fe63e0b6490e0', 'Julia', 'Pawlak', 23, 335),
(336, NULL, 'Iga.Walczak4@int.pl', 'b3054ff0797ff0b2bbce03ec897fe63e0b6490e0', 'Iga', 'Walczak', 37, 336),
(337, NULL, 'Matylda.Kruk8@gmail.com', 'b3054ff0797ff0b2bbce03ec897fe63e0b6490e0', 'Matylda', 'Kruk', 48, 337),
(338, NULL, 'Anastazja.Klimek7@zoho.com', 'b3054ff0797ff0b2bbce03ec897fe63e0b6490e0', 'Anastazja', 'Klimek', 32, 338),
(339, NULL, 'Edmund.Szczepaniak6@hover.com', 'b3054ff0797ff0b2bbce03ec897fe63e0b6490e0', 'Edmund', 'Szczepaniak', 20, 339),
(340, NULL, 'Weronika.Pawlak3@interia.pl', 'b3054ff0797ff0b2bbce03ec897fe63e0b6490e0', 'Weronika', 'Pawlak', 21, 340),
(341, NULL, 'Boena.Wrbel4@int.pl', 'b3054ff0797ff0b2bbce03ec897fe63e0b6490e0', 'Boena', 'Wrbel', 26, 341),
(342, NULL, 'Olaf.Nowak7@zoho.com', 'b3054ff0797ff0b2bbce03ec897fe63e0b6490e0', 'Olaf', 'Nowak', 29, 342),
(343, NULL, 'Hjacynt.Woniak5@outlook.pl', 'b3054ff0797ff0b2bbce03ec897fe63e0b6490e0', 'Hjacynt', 'Woniak', 31, 343),
(344, NULL, 'Patrycja.Nowak5@outlook.pl', 'b3054ff0797ff0b2bbce03ec897fe63e0b6490e0', 'Patrycja', 'Nowak', 19, 344),
(345, NULL, 'Kira.Pawlak4@int.pl', 'b3054ff0797ff0b2bbce03ec897fe63e0b6490e0', 'Kira', 'Pawlak', 49, 345),
(346, NULL, 'Hjacynt.Rybak7@zoho.com', 'b3054ff0797ff0b2bbce03ec897fe63e0b6490e0', 'Hjacynt', 'Rybak', 34, 346),
(347, NULL, 'Julia.Jurek2@onet.pl', 'b3054ff0797ff0b2bbce03ec897fe63e0b6490e0', 'Julia', 'Jurek', 50, 347),
(348, NULL, 'Gawe.Wjcik0@o2.pl', 'b3054ff0797ff0b2bbce03ec897fe63e0b6490e0', 'Gawe', 'Wjcik', 36, 348),
(349, NULL, 'Hjacynt.Sowa2@onet.pl', 'b3054ff0797ff0b2bbce03ec897fe63e0b6490e0', 'Hjacynt', 'Sowa', 50, 349),
(350, NULL, 'Dordian.Sowa1@wp.pl', 'b3054ff0797ff0b2bbce03ec897fe63e0b6490e0', 'Dordian', 'Sowa', 41, 350),
(351, NULL, 'Jakub.Woniak5@outlook.pl', 'b3054ff0797ff0b2bbce03ec897fe63e0b6490e0', 'Jakub', 'Woniak', 18, 351),
(352, NULL, 'Denis.Woniak8@gmail.com', 'b3054ff0797ff0b2bbce03ec897fe63e0b6490e0', 'Denis', 'Woniak', 48, 352),
(353, NULL, 'Anita.Kruk5@outlook.pl', 'b3054ff0797ff0b2bbce03ec897fe63e0b6490e0', 'Anita', 'Kruk', 42, 353),
(354, NULL, 'Edward.Kowalczyk8@gmail.com', 'b3054ff0797ff0b2bbce03ec897fe63e0b6490e0', 'Edward', 'Kowalczyk', 24, 354),
(355, NULL, 'Olaf.Kruk5@outlook.pl', 'b3054ff0797ff0b2bbce03ec897fe63e0b6490e0', 'Olaf', 'Kruk', 49, 355),
(356, NULL, 'Pawe.Woniak7@zoho.com', 'b3054ff0797ff0b2bbce03ec897fe63e0b6490e0', 'Pawe', 'Woniak', 23, 356),
(357, NULL, 'Wiktoria.Kubiak8@gmail.com', 'b3054ff0797ff0b2bbce03ec897fe63e0b6490e0', 'Wiktoria', 'Kubiak', 20, 357),
(358, NULL, 'Jacek.Kurek8@gmail.com', 'b3054ff0797ff0b2bbce03ec897fe63e0b6490e0', 'Jacek', 'Kurek', 40, 358),
(359, NULL, 'Krzysztof.Skwara3@interia.pl', 'b3054ff0797ff0b2bbce03ec897fe63e0b6490e0', 'Krzysztof', 'Skwara', 22, 359),
(360, NULL, 'Weronika.Mamro5@outlook.pl', 'b3054ff0797ff0b2bbce03ec897fe63e0b6490e0', 'Weronika', 'Mamro', 36, 360),
(361, NULL, 'Matylda.Czarnec3@interia.pl', 'b3054ff0797ff0b2bbce03ec897fe63e0b6490e0', 'Matylda', 'Czarnec', 43, 361),
(362, NULL, 'Gawe.Kruk7@zoho.com', 'b3054ff0797ff0b2bbce03ec897fe63e0b6490e0', 'Gawe', 'Kruk', 40, 362),
(363, NULL, 'Kira.Sowa0@o2.pl', 'b3054ff0797ff0b2bbce03ec897fe63e0b6490e0', 'Kira', 'Sowa', 24, 363),
(364, NULL, 'Jan.Woniak1@wp.pl', 'b3054ff0797ff0b2bbce03ec897fe63e0b6490e0', 'Jan', 'Woniak', 29, 364),
(365, NULL, 'Matylda.Kubiak5@outlook.pl', 'b3054ff0797ff0b2bbce03ec897fe63e0b6490e0', 'Matylda', 'Kubiak', 19, 365),
(366, NULL, 'Hubert.Szulc8@gmail.com', 'b3054ff0797ff0b2bbce03ec897fe63e0b6490e0', 'Hubert', 'Szulc', 29, 366),
(367, NULL, 'Jacek.Nowak3@interia.pl', 'b3054ff0797ff0b2bbce03ec897fe63e0b6490e0', 'Jacek', 'Nowak', 28, 367),
(368, NULL, 'Boena.Kowalczyk9@protonmail.com', 'b3054ff0797ff0b2bbce03ec897fe63e0b6490e0', 'Boena', 'Kowalczyk', 23, 368),
(369, NULL, 'Ferdynand.Kowalczyk4@int.pl', 'b3054ff0797ff0b2bbce03ec897fe63e0b6490e0', 'Ferdynand', 'Kowalczyk', 31, 369),
(370, NULL, 'Grzegorz.Mazur6@hover.com', 'b3054ff0797ff0b2bbce03ec897fe63e0b6490e0', 'Grzegorz', 'Mazur', 20, 370),
(371, NULL, 'Felicja.Kubiak9@protonmail.com', 'b3054ff0797ff0b2bbce03ec897fe63e0b6490e0', 'Felicja', 'Kubiak', 29, 371),
(372, NULL, 'Grzegorz.Sowa2@onet.pl', 'b3054ff0797ff0b2bbce03ec897fe63e0b6490e0', 'Grzegorz', 'Sowa', 31, 372),
(373, NULL, 'Ferdynand.Nowak7@zoho.com', 'b3054ff0797ff0b2bbce03ec897fe63e0b6490e0', 'Ferdynand', 'Nowak', 34, 373),
(374, NULL, 'Anastazja.Mamro5@outlook.pl', 'b3054ff0797ff0b2bbce03ec897fe63e0b6490e0', 'Anastazja', 'Mamro', 33, 374),
(375, NULL, 'Micha.Sowa7@zoho.com', 'b3054ff0797ff0b2bbce03ec897fe63e0b6490e0', 'Micha', 'Sowa', 37, 375),
(376, NULL, 'Jan.Kruk6@hover.com', 'b3054ff0797ff0b2bbce03ec897fe63e0b6490e0', 'Jan', 'Kruk', 49, 376),
(377, NULL, 'Iga.Zioo9@protonmail.com', 'b3054ff0797ff0b2bbce03ec897fe63e0b6490e0', 'Iga', 'Zioo', 37, 377),
(378, NULL, 'Zuzanna.Zajc3@interia.pl', 'b3054ff0797ff0b2bbce03ec897fe63e0b6490e0', 'Zuzanna', 'Zajc', 26, 378),
(379, NULL, 'Ferdynand.ukasik5@outlook.pl', 'b3054ff0797ff0b2bbce03ec897fe63e0b6490e0', 'Ferdynand', 'ukasik', 46, 379),
(380, NULL, 'Gracjan.Mazur8@gmail.com', 'b3054ff0797ff0b2bbce03ec897fe63e0b6490e0', 'Gracjan', 'Mazur', 25, 380),
(381, NULL, 'Zuzanna.ukasik9@protonmail.com', 'b3054ff0797ff0b2bbce03ec897fe63e0b6490e0', 'Zuzanna', 'ukasik', 35, 381),
(382, NULL, 'Iga.Skwara9@protonmail.com', 'b3054ff0797ff0b2bbce03ec897fe63e0b6490e0', 'Iga', 'Skwara', 48, 382),
(383, NULL, 'Felicja.Szczepaniak4@int.pl', 'b3054ff0797ff0b2bbce03ec897fe63e0b6490e0', 'Felicja', 'Szczepaniak', 41, 383),
(384, NULL, 'Krzysztof.Kruk9@protonmail.com', 'b3054ff0797ff0b2bbce03ec897fe63e0b6490e0', 'Krzysztof', 'Kruk', 48, 384),
(385, NULL, 'Felicja.Mazur5@outlook.pl', 'b3054ff0797ff0b2bbce03ec897fe63e0b6490e0', 'Felicja', 'Mazur', 45, 385),
(386, NULL, 'Jacek.Krl9@protonmail.com', 'b3054ff0797ff0b2bbce03ec897fe63e0b6490e0', 'Jacek', 'Krl', 23, 386),
(387, NULL, 'Grzegorz.Czarnec6@hover.com', 'b3054ff0797ff0b2bbce03ec897fe63e0b6490e0', 'Grzegorz', 'Czarnec', 39, 387),
(388, NULL, 'Edmund.Kurek1@wp.pl', 'b3054ff0797ff0b2bbce03ec897fe63e0b6490e0', 'Edmund', 'Kurek', 33, 388),
(389, NULL, 'Edmund.Klimek3@interia.pl', 'b3054ff0797ff0b2bbce03ec897fe63e0b6490e0', 'Edmund', 'Klimek', 22, 389),
(390, NULL, 'Iga.Olejniczak2@onet.pl', 'b3054ff0797ff0b2bbce03ec897fe63e0b6490e0', 'Iga', 'Olejniczak', 46, 390),
(391, NULL, 'Ryszard.Walczak5@outlook.pl', 'b3054ff0797ff0b2bbce03ec897fe63e0b6490e0', 'Ryszard', 'Walczak', 40, 391),
(392, NULL, 'Krzysztof.Kaczmarczyk4@int.pl', 'b3054ff0797ff0b2bbce03ec897fe63e0b6490e0', 'Krzysztof', 'Kaczmarczyk', 35, 392),
(393, NULL, 'Ra.Urbaniak3@interia.pl', 'b3054ff0797ff0b2bbce03ec897fe63e0b6490e0', 'Ra', 'Urbaniak', 48, 393),
(394, NULL, 'Pawe.Olejniczak5@outlook.pl', 'b3054ff0797ff0b2bbce03ec897fe63e0b6490e0', 'Pawe', 'Olejniczak', 32, 394),
(395, NULL, 'Kira.Kot8@gmail.com', 'b3054ff0797ff0b2bbce03ec897fe63e0b6490e0', 'Kira', 'Kot', 31, 395),
(396, NULL, 'Julia.Kowalczyk2@onet.pl', 'b3054ff0797ff0b2bbce03ec897fe63e0b6490e0', 'Julia', 'Kowalczyk', 32, 396),
(397, NULL, 'Micha.Walczak3@interia.pl', 'b3054ff0797ff0b2bbce03ec897fe63e0b6490e0', 'Micha', 'Walczak', 28, 397),
(398, NULL, 'Micha.Kowalczyk6@hover.com', 'b3054ff0797ff0b2bbce03ec897fe63e0b6490e0', 'Micha', 'Kowalczyk', 22, 398),
(399, NULL, 'Hubert.Przybysz4@int.pl', 'b3054ff0797ff0b2bbce03ec897fe63e0b6490e0', 'Hubert', 'Przybysz', 46, 399),
(400, NULL, 'Denis.Pawlak3@interia.pl', 'b3054ff0797ff0b2bbce03ec897fe63e0b6490e0', 'Denis', 'Pawlak', 28, 400),
(401, NULL, 'Pawe.Szulc6@hover.com', 'b3054ff0797ff0b2bbce03ec897fe63e0b6490e0', 'Pawe', 'Szulc', 26, 401),
(402, NULL, 'Jan.Wawrzyniak3@interia.pl', 'b3054ff0797ff0b2bbce03ec897fe63e0b6490e0', 'Jan', 'Wawrzyniak', 23, 402),
(403, NULL, 'Anita.Woniak7@zoho.com', 'b3054ff0797ff0b2bbce03ec897fe63e0b6490e0', 'Anita', 'Woniak', 19, 403),
(404, NULL, 'Felicja.ukasik2@onet.pl', 'b3054ff0797ff0b2bbce03ec897fe63e0b6490e0', 'Felicja', 'ukasik', 38, 404),
(405, NULL, 'Zuzanna.Skwara2@onet.pl', 'b3054ff0797ff0b2bbce03ec897fe63e0b6490e0', 'Zuzanna', 'Skwara', 18, 405),
(406, NULL, 'Ferdynand.Zajc8@gmail.com', 'b3054ff0797ff0b2bbce03ec897fe63e0b6490e0', 'Ferdynand', 'Zajc', 31, 406),
(407, NULL, 'Iga.Krl2@onet.pl', 'b3054ff0797ff0b2bbce03ec897fe63e0b6490e0', 'Iga', 'Krl', 30, 407),
(408, NULL, 'Anita.Skwara4@int.pl', 'b3054ff0797ff0b2bbce03ec897fe63e0b6490e0', 'Anita', 'Skwara', 27, 408),
(409, NULL, 'Gawe.Jurek5@outlook.pl', 'b3054ff0797ff0b2bbce03ec897fe63e0b6490e0', 'Gawe', 'Jurek', 26, 409),
(410, NULL, 'January.Kubiak1@wp.pl', 'b3054ff0797ff0b2bbce03ec897fe63e0b6490e0', 'January', 'Kubiak', 31, 410),
(411, NULL, 'Wiktoria.Krl5@outlook.pl', 'b3054ff0797ff0b2bbce03ec897fe63e0b6490e0', 'Wiktoria', 'Krl', 42, 411),
(412, NULL, 'Anastazja.Szulc5@outlook.pl', 'b3054ff0797ff0b2bbce03ec897fe63e0b6490e0', 'Anastazja', 'Szulc', 30, 412),
(413, NULL, 'Anastazja.Kubiak4@int.pl', 'b3054ff0797ff0b2bbce03ec897fe63e0b6490e0', 'Anastazja', 'Kubiak', 34, 413),
(414, NULL, 'Olaf.Woniak4@int.pl', 'b3054ff0797ff0b2bbce03ec897fe63e0b6490e0', 'Olaf', 'Woniak', 44, 414),
(415, NULL, 'Kira.Kowalczyk0@o2.pl', 'b3054ff0797ff0b2bbce03ec897fe63e0b6490e0', 'Kira', 'Kowalczyk', 33, 415),
(416, NULL, 'Ryszard.Pawlak4@int.pl', 'b3054ff0797ff0b2bbce03ec897fe63e0b6490e0', 'Ryszard', 'Pawlak', 44, 416),
(417, NULL, 'Edward.Zioo5@outlook.pl', 'b3054ff0797ff0b2bbce03ec897fe63e0b6490e0', 'Edward', 'Zioo', 41, 417),
(418, NULL, 'Anastazja.Wrbel8@gmail.com', 'b3054ff0797ff0b2bbce03ec897fe63e0b6490e0', 'Anastazja', 'Wrbel', 43, 418),
(419, NULL, 'Julia.Wawrzyniak6@hover.com', 'b3054ff0797ff0b2bbce03ec897fe63e0b6490e0', 'Julia', 'Wawrzyniak', 19, 419),
(420, NULL, 'Denis.Urbaniak0@o2.pl', 'b3054ff0797ff0b2bbce03ec897fe63e0b6490e0', 'Denis', 'Urbaniak', 42, 420),
(421, NULL, 'January.Przybysz9@protonmail.com', 'b3054ff0797ff0b2bbce03ec897fe63e0b6490e0', 'January', 'Przybysz', 21, 421),
(422, NULL, 'Pawe.Urbaniak6@hover.com', 'b3054ff0797ff0b2bbce03ec897fe63e0b6490e0', 'Pawe', 'Urbaniak', 39, 422),
(423, NULL, 'Krzysztof.Zajc2@onet.pl', 'b3054ff0797ff0b2bbce03ec897fe63e0b6490e0', 'Krzysztof', 'Zajc', 22, 423),
(424, NULL, 'January.Kurek3@interia.pl', 'b3054ff0797ff0b2bbce03ec897fe63e0b6490e0', 'January', 'Kurek', 38, 424),
(425, NULL, 'Denis.Szulc9@protonmail.com', 'b3054ff0797ff0b2bbce03ec897fe63e0b6490e0', 'Denis', 'Szulc', 21, 425),
(426, NULL, 'Patrycja.Krl6@hover.com', 'b3054ff0797ff0b2bbce03ec897fe63e0b6490e0', 'Patrycja', 'Krl', 28, 426),
(427, NULL, 'Micha.Nowak4@int.pl', 'b3054ff0797ff0b2bbce03ec897fe63e0b6490e0', 'Micha', 'Nowak', 30, 427),
(428, NULL, 'Denis.Kaczmarczyk0@o2.pl', 'b3054ff0797ff0b2bbce03ec897fe63e0b6490e0', 'Denis', 'Kaczmarczyk', 23, 428),
(429, NULL, 'Patrycja.Olejniczak9@protonmail.com', 'b3054ff0797ff0b2bbce03ec897fe63e0b6490e0', 'Patrycja', 'Olejniczak', 24, 429),
(430, NULL, 'Ra.Olejniczak6@hover.com', 'b3054ff0797ff0b2bbce03ec897fe63e0b6490e0', 'Ra', 'Olejniczak', 46, 430),
(431, NULL, 'Edward.Kruk5@outlook.pl', 'b3054ff0797ff0b2bbce03ec897fe63e0b6490e0', 'Edward', 'Kruk', 42, 431),
(432, NULL, 'Krzysztof.Sobczyk0@o2.pl', 'b3054ff0797ff0b2bbce03ec897fe63e0b6490e0', 'Krzysztof', 'Sobczyk', 37, 432),
(433, NULL, 'Wiktoria.Krl5@outlook.pl', 'b3054ff0797ff0b2bbce03ec897fe63e0b6490e0', 'Wiktoria', 'Krl', 46, 433),
(434, NULL, 'Weronika.Sowa3@interia.pl', 'b3054ff0797ff0b2bbce03ec897fe63e0b6490e0', 'Weronika', 'Sowa', 42, 434),
(435, NULL, 'Jakub.Jurek7@zoho.com', 'b3054ff0797ff0b2bbce03ec897fe63e0b6490e0', 'Jakub', 'Jurek', 26, 435),
(436, NULL, 'Denis.Sobczyk4@int.pl', 'b3054ff0797ff0b2bbce03ec897fe63e0b6490e0', 'Denis', 'Sobczyk', 45, 436),
(437, NULL, 'Pawe.Rybak7@zoho.com', 'b3054ff0797ff0b2bbce03ec897fe63e0b6490e0', 'Pawe', 'Rybak', 33, 437),
(438, NULL, 'Jacek.Wieczorek8@gmail.com', 'b3054ff0797ff0b2bbce03ec897fe63e0b6490e0', 'Jacek', 'Wieczorek', 30, 438),
(439, NULL, 'Hjacynt.Nowak0@o2.pl', 'b3054ff0797ff0b2bbce03ec897fe63e0b6490e0', 'Hjacynt', 'Nowak', 30, 439),
(440, NULL, 'Ryszard.Mamro6@hover.com', 'b3054ff0797ff0b2bbce03ec897fe63e0b6490e0', 'Ryszard', 'Mamro', 49, 440),
(441, NULL, 'Anita.Rybak7@zoho.com', 'b3054ff0797ff0b2bbce03ec897fe63e0b6490e0', 'Anita', 'Rybak', 39, 441),
(442, NULL, 'Denis.Kowalczyk2@onet.pl', 'b3054ff0797ff0b2bbce03ec897fe63e0b6490e0', 'Denis', 'Kowalczyk', 25, 442),
(443, NULL, 'Hubert.Zioo6@hover.com', 'b3054ff0797ff0b2bbce03ec897fe63e0b6490e0', 'Hubert', 'Zioo', 24, 443),
(444, NULL, 'Denis.Kubiak1@wp.pl', 'b3054ff0797ff0b2bbce03ec897fe63e0b6490e0', 'Denis', 'Kubiak', 40, 444),
(445, NULL, 'Gracjan.Kowalczyk9@protonmail.com', 'b3054ff0797ff0b2bbce03ec897fe63e0b6490e0', 'Gracjan', 'Kowalczyk', 21, 445),
(446, NULL, 'Patrycja.Mamro7@zoho.com', 'b3054ff0797ff0b2bbce03ec897fe63e0b6490e0', 'Patrycja', 'Mamro', 35, 446);
INSERT INTO `users` (`user_id`, `profile_picture`, `email`, `password`, `name`, `surname`, `age`, `bmi_id`) VALUES
(447, NULL, 'Ra.Filipiak6@hover.com', 'b3054ff0797ff0b2bbce03ec897fe63e0b6490e0', 'Ra', 'Filipiak', 37, 447),
(448, NULL, 'Hjacynt.Wieczorek6@hover.com', 'b3054ff0797ff0b2bbce03ec897fe63e0b6490e0', 'Hjacynt', 'Wieczorek', 41, 448),
(449, NULL, 'Anastazja.Wawrzyniak6@hover.com', 'b3054ff0797ff0b2bbce03ec897fe63e0b6490e0', 'Anastazja', 'Wawrzyniak', 39, 449),
(450, NULL, 'Edward.Wieczorek1@wp.pl', 'b3054ff0797ff0b2bbce03ec897fe63e0b6490e0', 'Edward', 'Wieczorek', 31, 450),
(451, NULL, 'Weronika.Wieczorek4@int.pl', 'b3054ff0797ff0b2bbce03ec897fe63e0b6490e0', 'Weronika', 'Wieczorek', 38, 451),
(452, NULL, 'Jakub.Woniak0@o2.pl', 'b3054ff0797ff0b2bbce03ec897fe63e0b6490e0', 'Jakub', 'Woniak', 29, 452),
(453, NULL, 'Iga.Nowak8@gmail.com', 'b3054ff0797ff0b2bbce03ec897fe63e0b6490e0', 'Iga', 'Nowak', 42, 453),
(454, NULL, 'Iga.Nowak3@interia.pl', 'b3054ff0797ff0b2bbce03ec897fe63e0b6490e0', 'Iga', 'Nowak', 23, 454),
(455, NULL, 'Jacek.Klimek0@o2.pl', 'b3054ff0797ff0b2bbce03ec897fe63e0b6490e0', 'Jacek', 'Klimek', 44, 455),
(456, NULL, 'Jan.Kaczmarczyk6@hover.com', 'b3054ff0797ff0b2bbce03ec897fe63e0b6490e0', 'Jan', 'Kaczmarczyk', 42, 456),
(457, NULL, 'Anastazja.Skwara6@hover.com', 'b3054ff0797ff0b2bbce03ec897fe63e0b6490e0', 'Anastazja', 'Skwara', 22, 457),
(458, NULL, 'Edmund.Krl9@protonmail.com', 'b3054ff0797ff0b2bbce03ec897fe63e0b6490e0', 'Edmund', 'Krl', 28, 458),
(459, NULL, 'Anastazja.Rybak4@int.pl', 'b3054ff0797ff0b2bbce03ec897fe63e0b6490e0', 'Anastazja', 'Rybak', 23, 459),
(460, NULL, 'Weronika.Olejniczak7@zoho.com', 'b3054ff0797ff0b2bbce03ec897fe63e0b6490e0', 'Weronika', 'Olejniczak', 48, 460),
(461, NULL, 'Dominik.Pawlak6@hover.com', 'b3054ff0797ff0b2bbce03ec897fe63e0b6490e0', 'Dominik', 'Pawlak', 27, 461),
(462, NULL, 'Edward.Wieczorek6@hover.com', 'b3054ff0797ff0b2bbce03ec897fe63e0b6490e0', 'Edward', 'Wieczorek', 28, 462),
(463, NULL, 'Dominik.Walczak0@o2.pl', 'b3054ff0797ff0b2bbce03ec897fe63e0b6490e0', 'Dominik', 'Walczak', 24, 463),
(464, NULL, 'Olaf.Wieczorek4@int.pl', 'b3054ff0797ff0b2bbce03ec897fe63e0b6490e0', 'Olaf', 'Wieczorek', 25, 464),
(465, NULL, 'Denis.Olejniczak3@interia.pl', 'b3054ff0797ff0b2bbce03ec897fe63e0b6490e0', 'Denis', 'Olejniczak', 42, 465),
(466, NULL, 'Anastazja.Janik8@gmail.com', 'b3054ff0797ff0b2bbce03ec897fe63e0b6490e0', 'Anastazja', 'Janik', 35, 466),
(467, NULL, 'Iga.Kubiak4@int.pl', 'b3054ff0797ff0b2bbce03ec897fe63e0b6490e0', 'Iga', 'Kubiak', 43, 467),
(468, NULL, 'Matylda.Sowa8@gmail.com', 'b3054ff0797ff0b2bbce03ec897fe63e0b6490e0', 'Matylda', 'Sowa', 19, 468),
(469, NULL, 'Ra.Przybysz4@int.pl', 'b3054ff0797ff0b2bbce03ec897fe63e0b6490e0', 'Ra', 'Przybysz', 46, 469),
(470, NULL, 'Dordian.Woniak3@interia.pl', 'b3054ff0797ff0b2bbce03ec897fe63e0b6490e0', 'Dordian', 'Woniak', 43, 470),
(471, NULL, 'Wiktoria.Szulc1@wp.pl', 'b3054ff0797ff0b2bbce03ec897fe63e0b6490e0', 'Wiktoria', 'Szulc', 41, 471),
(472, NULL, 'Pawe.Mazur9@protonmail.com', 'b3054ff0797ff0b2bbce03ec897fe63e0b6490e0', 'Pawe', 'Mazur', 45, 472),
(473, NULL, 'Boena.Szczepaniak1@wp.pl', 'b3054ff0797ff0b2bbce03ec897fe63e0b6490e0', 'Boena', 'Szczepaniak', 26, 473),
(474, NULL, 'Matylda.Krl3@interia.pl', 'b3054ff0797ff0b2bbce03ec897fe63e0b6490e0', 'Matylda', 'Krl', 46, 474),
(475, NULL, 'Gawe.Mamro5@outlook.pl', 'b3054ff0797ff0b2bbce03ec897fe63e0b6490e0', 'Gawe', 'Mamro', 46, 475),
(476, NULL, 'Hubert.Urbaniak6@hover.com', 'b3054ff0797ff0b2bbce03ec897fe63e0b6490e0', 'Hubert', 'Urbaniak', 33, 476),
(477, NULL, 'Edmund.Czarnec1@wp.pl', 'b3054ff0797ff0b2bbce03ec897fe63e0b6490e0', 'Edmund', 'Czarnec', 40, 477),
(478, NULL, 'Dominik.Nowak9@protonmail.com', 'b3054ff0797ff0b2bbce03ec897fe63e0b6490e0', 'Dominik', 'Nowak', 47, 478),
(479, NULL, 'Dominik.Szulc9@protonmail.com', 'b3054ff0797ff0b2bbce03ec897fe63e0b6490e0', 'Dominik', 'Szulc', 49, 479),
(480, NULL, 'Edward.Urbaniak5@outlook.pl', 'b3054ff0797ff0b2bbce03ec897fe63e0b6490e0', 'Edward', 'Urbaniak', 38, 480),
(481, NULL, 'Dominik.Zioo5@outlook.pl', 'b3054ff0797ff0b2bbce03ec897fe63e0b6490e0', 'Dominik', 'Zioo', 28, 481),
(482, NULL, 'Kira.Janik6@hover.com', 'b3054ff0797ff0b2bbce03ec897fe63e0b6490e0', 'Kira', 'Janik', 43, 482),
(483, NULL, 'Kira.Sobczyk1@wp.pl', 'b3054ff0797ff0b2bbce03ec897fe63e0b6490e0', 'Kira', 'Sobczyk', 45, 483),
(484, NULL, 'Jacek.Krl7@zoho.com', 'b3054ff0797ff0b2bbce03ec897fe63e0b6490e0', 'Jacek', 'Krl', 42, 484),
(485, NULL, 'Matylda.Pawlak2@onet.pl', 'b3054ff0797ff0b2bbce03ec897fe63e0b6490e0', 'Matylda', 'Pawlak', 30, 485),
(486, NULL, 'Jacek.Rybak2@onet.pl', 'b3054ff0797ff0b2bbce03ec897fe63e0b6490e0', 'Jacek', 'Rybak', 24, 486),
(487, NULL, 'Ra.Jurek4@int.pl', 'b3054ff0797ff0b2bbce03ec897fe63e0b6490e0', 'Ra', 'Jurek', 24, 487),
(488, NULL, 'Jan.Mamro4@int.pl', 'b3054ff0797ff0b2bbce03ec897fe63e0b6490e0', 'Jan', 'Mamro', 30, 488),
(489, NULL, 'aneta.Zajc8@gmail.com', 'b3054ff0797ff0b2bbce03ec897fe63e0b6490e0', 'aneta', 'Zajc', 39, 489),
(490, NULL, 'Dominik.Kurek2@onet.pl', 'b3054ff0797ff0b2bbce03ec897fe63e0b6490e0', 'Dominik', 'Kurek', 38, 490),
(491, NULL, 'Ferdynand.Mazur5@outlook.pl', 'b3054ff0797ff0b2bbce03ec897fe63e0b6490e0', 'Ferdynand', 'Mazur', 35, 491),
(492, NULL, 'Weronika.Rybak0@o2.pl', 'b3054ff0797ff0b2bbce03ec897fe63e0b6490e0', 'Weronika', 'Rybak', 38, 492),
(493, NULL, 'Dordian.Skwara0@o2.pl', 'b3054ff0797ff0b2bbce03ec897fe63e0b6490e0', 'Dordian', 'Skwara', 47, 493),
(494, NULL, 'Hjacynt.Kot0@o2.pl', 'b3054ff0797ff0b2bbce03ec897fe63e0b6490e0', 'Hjacynt', 'Kot', 27, 494),
(495, NULL, 'Boena.Wrbel9@protonmail.com', 'b3054ff0797ff0b2bbce03ec897fe63e0b6490e0', 'Boena', 'Wrbel', 20, 495),
(496, NULL, 'Dominik.Przybysz7@zoho.com', 'b3054ff0797ff0b2bbce03ec897fe63e0b6490e0', 'Dominik', 'Przybysz', 41, 496),
(497, NULL, 'Boena.Filipiak1@wp.pl', 'b3054ff0797ff0b2bbce03ec897fe63e0b6490e0', 'Boena', 'Filipiak', 20, 497),
(498, NULL, 'Hjacynt.Kaczmarczyk7@zoho.com', 'b3054ff0797ff0b2bbce03ec897fe63e0b6490e0', 'Hjacynt', 'Kaczmarczyk', 48, 498),
(499, NULL, 'Weronika.Rybak1@wp.pl', 'b3054ff0797ff0b2bbce03ec897fe63e0b6490e0', 'Weronika', 'Rybak', 28, 499),
(500, NULL, 'Grzegorz.Zioo0@o2.pl', 'b3054ff0797ff0b2bbce03ec897fe63e0b6490e0', 'Grzegorz', 'Zioo', 40, 500),
(501, NULL, 'Kira.Czarnec7@zoho.com', 'b3054ff0797ff0b2bbce03ec897fe63e0b6490e0', 'Kira', 'Czarnec', 18, 501),
(502, NULL, 'Jacek.Filipiak9@protonmail.com', 'b3054ff0797ff0b2bbce03ec897fe63e0b6490e0', 'Jacek', 'Filipiak', 22, 502),
(503, NULL, 'Zuzanna.Janik6@hover.com', 'b3054ff0797ff0b2bbce03ec897fe63e0b6490e0', 'Zuzanna', 'Janik', 40, 503),
(504, NULL, 'Kira.Kurek9@protonmail.com', 'b3054ff0797ff0b2bbce03ec897fe63e0b6490e0', 'Kira', 'Kurek', 35, 504),
(505, NULL, 'Felicja.Walczak7@zoho.com', 'b3054ff0797ff0b2bbce03ec897fe63e0b6490e0', 'Felicja', 'Walczak', 35, 505),
(506, NULL, 'Hjacynt.Szczepaniak2@onet.pl', 'b3054ff0797ff0b2bbce03ec897fe63e0b6490e0', 'Hjacynt', 'Szczepaniak', 38, 506),
(507, NULL, 'Krzysztof.Sobczyk6@hover.com', 'b3054ff0797ff0b2bbce03ec897fe63e0b6490e0', 'Krzysztof', 'Sobczyk', 50, 507),
(508, NULL, 'January.Nowak9@protonmail.com', 'b3054ff0797ff0b2bbce03ec897fe63e0b6490e0', 'January', 'Nowak', 29, 508),
(509, NULL, 'Hubert.Klimek1@wp.pl', 'b3054ff0797ff0b2bbce03ec897fe63e0b6490e0', 'Hubert', 'Klimek', 25, 509),
(510, NULL, 'Dominik.Nowak2@onet.pl', 'b3054ff0797ff0b2bbce03ec897fe63e0b6490e0', 'Dominik', 'Nowak', 19, 510),
(511, NULL, 'Edmund.Skwara7@zoho.com', 'b3054ff0797ff0b2bbce03ec897fe63e0b6490e0', 'Edmund', 'Skwara', 18, 511),
(512, NULL, 'aneta.Skwara0@o2.pl', 'b3054ff0797ff0b2bbce03ec897fe63e0b6490e0', 'aneta', 'Skwara', 45, 512),
(513, NULL, 'Matylda.Wawrzyniak8@gmail.com', 'b3054ff0797ff0b2bbce03ec897fe63e0b6490e0', 'Matylda', 'Wawrzyniak', 26, 513),
(514, NULL, 'Dominik.ukasik6@hover.com', 'b3054ff0797ff0b2bbce03ec897fe63e0b6490e0', 'Dominik', 'ukasik', 26, 514),
(515, NULL, 'Gawe.Janik7@zoho.com', 'b3054ff0797ff0b2bbce03ec897fe63e0b6490e0', 'Gawe', 'Janik', 50, 515),
(516, NULL, 'Jacek.Kot0@o2.pl', 'b3054ff0797ff0b2bbce03ec897fe63e0b6490e0', 'Jacek', 'Kot', 32, 516),
(517, NULL, 'Micha.Wieczorek3@interia.pl', 'b3054ff0797ff0b2bbce03ec897fe63e0b6490e0', 'Micha', 'Wieczorek', 35, 517),
(518, NULL, 'Gawe.Kubiak6@hover.com', 'b3054ff0797ff0b2bbce03ec897fe63e0b6490e0', 'Gawe', 'Kubiak', 27, 518),
(519, NULL, 'Zuzanna.Janik3@interia.pl', 'b3054ff0797ff0b2bbce03ec897fe63e0b6490e0', 'Zuzanna', 'Janik', 32, 519),
(520, NULL, 'January.Mazur6@hover.com', 'b3054ff0797ff0b2bbce03ec897fe63e0b6490e0', 'January', 'Mazur', 28, 520),
(521, NULL, 'Felicja.Walczak5@outlook.pl', 'b3054ff0797ff0b2bbce03ec897fe63e0b6490e0', 'Felicja', 'Walczak', 44, 521),
(522, NULL, 'Iga.Kruk0@o2.pl', 'b3054ff0797ff0b2bbce03ec897fe63e0b6490e0', 'Iga', 'Kruk', 33, 522),
(523, NULL, 'Anastazja.Kurek5@outlook.pl', 'b3054ff0797ff0b2bbce03ec897fe63e0b6490e0', 'Anastazja', 'Kurek', 39, 523),
(524, NULL, 'Anastazja.Kurek0@o2.pl', 'b3054ff0797ff0b2bbce03ec897fe63e0b6490e0', 'Anastazja', 'Kurek', 48, 524),
(525, NULL, 'Dordian.Sobczyk8@gmail.com', 'b3054ff0797ff0b2bbce03ec897fe63e0b6490e0', 'Dordian', 'Sobczyk', 24, 525),
(526, NULL, 'Boena.Kaczmarczyk2@onet.pl', 'b3054ff0797ff0b2bbce03ec897fe63e0b6490e0', 'Boena', 'Kaczmarczyk', 18, 526),
(527, NULL, 'Micha.Urbaniak0@o2.pl', 'b3054ff0797ff0b2bbce03ec897fe63e0b6490e0', 'Micha', 'Urbaniak', 25, 527),
(528, NULL, 'Wiktoria.Rybak6@hover.com', 'b3054ff0797ff0b2bbce03ec897fe63e0b6490e0', 'Wiktoria', 'Rybak', 48, 528),
(529, NULL, 'Ryszard.Wjcik6@hover.com', 'b3054ff0797ff0b2bbce03ec897fe63e0b6490e0', 'Ryszard', 'Wjcik', 50, 529),
(530, NULL, 'Olaf.Czarnec8@gmail.com', 'b3054ff0797ff0b2bbce03ec897fe63e0b6490e0', 'Olaf', 'Czarnec', 18, 530),
(531, NULL, 'aneta.Skwara2@onet.pl', 'b3054ff0797ff0b2bbce03ec897fe63e0b6490e0', 'aneta', 'Skwara', 31, 531),
(532, NULL, 'Pawe.Jurek6@hover.com', 'b3054ff0797ff0b2bbce03ec897fe63e0b6490e0', 'Pawe', 'Jurek', 29, 532),
(533, NULL, 'Patrycja.Skwara6@hover.com', 'b3054ff0797ff0b2bbce03ec897fe63e0b6490e0', 'Patrycja', 'Skwara', 35, 533),
(534, NULL, 'Patrycja.Wrbel1@wp.pl', 'b3054ff0797ff0b2bbce03ec897fe63e0b6490e0', 'Patrycja', 'Wrbel', 39, 534),
(535, NULL, 'Ra.Szulc4@int.pl', 'b3054ff0797ff0b2bbce03ec897fe63e0b6490e0', 'Ra', 'Szulc', 42, 535),
(536, NULL, 'Grzegorz.Wjcik7@zoho.com', 'b3054ff0797ff0b2bbce03ec897fe63e0b6490e0', 'Grzegorz', 'Wjcik', 49, 536),
(537, NULL, 'Denis.Klimek1@wp.pl', 'b3054ff0797ff0b2bbce03ec897fe63e0b6490e0', 'Denis', 'Klimek', 40, 537),
(538, NULL, 'Anastazja.Sobczyk6@hover.com', 'b3054ff0797ff0b2bbce03ec897fe63e0b6490e0', 'Anastazja', 'Sobczyk', 27, 538),
(539, NULL, 'Olaf.Kaczmarczyk8@gmail.com', 'b3054ff0797ff0b2bbce03ec897fe63e0b6490e0', 'Olaf', 'Kaczmarczyk', 48, 539),
(540, NULL, 'Dominik.Sobczyk8@gmail.com', 'b3054ff0797ff0b2bbce03ec897fe63e0b6490e0', 'Dominik', 'Sobczyk', 27, 540),
(541, NULL, 'Patrycja.Kot0@o2.pl', 'b3054ff0797ff0b2bbce03ec897fe63e0b6490e0', 'Patrycja', 'Kot', 31, 541),
(542, NULL, 'Jakub.Jurek5@outlook.pl', 'b3054ff0797ff0b2bbce03ec897fe63e0b6490e0', 'Jakub', 'Jurek', 27, 542),
(543, NULL, 'January.Pawlak1@wp.pl', 'b3054ff0797ff0b2bbce03ec897fe63e0b6490e0', 'January', 'Pawlak', 50, 543),
(544, NULL, 'Hubert.Urbaniak2@onet.pl', 'b3054ff0797ff0b2bbce03ec897fe63e0b6490e0', 'Hubert', 'Urbaniak', 39, 544),
(545, NULL, 'Anita.Kot9@protonmail.com', 'b3054ff0797ff0b2bbce03ec897fe63e0b6490e0', 'Anita', 'Kot', 21, 545),
(546, NULL, 'Ryszard.Wawrzyniak9@protonmail.com', 'b3054ff0797ff0b2bbce03ec897fe63e0b6490e0', 'Ryszard', 'Wawrzyniak', 19, 546),
(547, NULL, 'Ferdynand.Pawlak7@zoho.com', 'b3054ff0797ff0b2bbce03ec897fe63e0b6490e0', 'Ferdynand', 'Pawlak', 29, 547),
(548, NULL, 'Gracjan.Jurek3@interia.pl', 'b3054ff0797ff0b2bbce03ec897fe63e0b6490e0', 'Gracjan', 'Jurek', 35, 548),
(549, NULL, 'Weronika.Zioo3@interia.pl', 'b3054ff0797ff0b2bbce03ec897fe63e0b6490e0', 'Weronika', 'Zioo', 30, 549),
(550, NULL, 'adrian.cwel3@gmail.com', 'b3054ff0797ff0b2bbce03ec897fe63e0b6490e0', 'Adrian', 'Cwelski', 30, 551),
(551, 'to_ja_ryszard.gif', 'ryszard.pejson92@slums.attack', 'b3054ff0797ff0b2bbce03ec897fe63e0b6490e0', 'Rychu', 'Peja', 49, 550),
(999, '0.gif', 'oskar.wichtowski3@gmail.com', 'b3054ff0797ff0b2bbce03ec897fe63e0b6490e0', 'Oskar', 'Wichtowski', 20, 999);

-- --------------------------------------------------------

--
-- Struktura tabeli dla tabeli `usr_train`
--

DROP TABLE IF EXISTS `usr_train`;
CREATE TABLE IF NOT EXISTS `usr_train` (
  `user_id` int DEFAULT NULL,
  `trainer_id` int DEFAULT NULL,
  `training_date` datetime DEFAULT CURRENT_TIMESTAMP,
  `training_descript` varchar(100) CHARACTER SET utf8 COLLATE utf8_polish_ci DEFAULT NULL,
  `gym_id` int DEFAULT NULL,
  `training_id` int NOT NULL AUTO_INCREMENT,
  PRIMARY KEY (`training_id`),
  KEY `user_id` (`user_id`,`trainer_id`,`gym_id`),
  KEY `trainer_id` (`trainer_id`),
  KEY `gym_id` (`gym_id`)
) ENGINE=InnoDB AUTO_INCREMENT=2778 DEFAULT CHARSET=utf8mb3 COLLATE=utf8_polish_ci;

--
-- Zrzut danych tabeli `usr_train`
--

INSERT INTO `usr_train` (`user_id`, `trainer_id`, `training_date`, `training_descript`, `gym_id`, `training_id`) VALUES
(999, 8, '2022-06-14 07:30:00', 'Core', 83, 1),
(139, 61, '2022-06-20 06:30:00', 'Funkcjonalny', 37, 2),
(418, 85, '2022-06-17 11:30:00', 'Obwodowy', 94, 3),
(140, 58, '2022-06-14 12:30:00', 'O staej intensywnoci', 94, 4),
(1, 22, '2022-06-25 14:30:00', 'Oporowy', 50, 5),
(2, 21, '2022-06-17 19:30:00', 'Full Body Workout', 43, 6),
(141, 19, '2022-06-22 15:30:00', 'Kondycyjny', 22, 7),
(3, 100, '2022-06-20 10:30:00', 'Wytrzymaociowy', 16, 8),
(419, 104, '2022-06-20 10:30:00', 'O staej intensywnoci', 41, 9),
(142, 69, '2022-06-21 18:30:00', 'Oporowy', 91, 10),
(420, 68, '2022-06-15 11:30:00', 'Obwodowy', 15, 11),
(421, 110, '2022-06-18 20:30:00', 'O staej intensywnoci', 85, 12),
(144, 61, '2022-06-22 06:30:00', 'O staej intensywnoci', 37, 13),
(422, 44, '2022-06-24 13:30:00', 'Full Body Workout', 17, 14),
(423, 52, '2022-06-16 13:30:00', 'Obwodowy', 16, 15),
(145, 42, '2022-06-24 17:30:00', 'Crossfit', 25, 16),
(424, 117, '2022-06-20 07:30:00', 'Split', 5, 17),
(425, 100, '2022-06-22 14:30:00', 'Interwaowy', 16, 18),
(146, 58, '2022-06-21 11:30:00', 'Relaksacyjny', 94, 19),
(147, 81, '2022-06-21 08:30:00', 'Core', 42, 20),
(148, 0, '2022-06-24 11:30:00', 'Pilates', 82, 21),
(149, 85, '2022-06-23 11:30:00', 'Split', 94, 22),
(150, 74, '2022-06-17 11:30:00', 'Oporowy', 59, 23),
(151, 60, '2022-06-15 09:30:00', 'Interwaowy', 24, 24),
(143, 54, '2022-06-15 14:30:00', 'Oporowy', 58, 25),
(144, 61, '2022-06-16 09:30:00', 'Oporowy', 37, 26),
(145, 42, '2022-06-20 09:30:00', 'Core', 25, 27),
(146, 58, '2022-06-18 20:30:00', 'Core', 94, 28),
(147, 81, '2022-06-20 20:30:00', 'Core', 42, 29),
(148, 0, '2022-06-17 13:30:00', 'Split', 82, 30),
(149, 85, '2022-06-14 19:30:00', 'Wytrzymaociowy', 94, 31),
(150, 74, '2022-06-19 06:30:00', 'Relaksacyjny', 59, 32),
(151, 60, '2022-06-20 09:30:00', 'Relaksacyjny', 24, 33),
(152, 113, '2022-06-21 10:30:00', 'Funkcjonalny', 6, 34),
(153, 107, '2022-06-16 16:30:00', 'Core', 15, 35),
(154, 24, '2022-06-24 14:30:00', 'Oporowy', 31, 36),
(155, 98, '2022-06-21 11:30:00', 'Relaksacyjny', 95, 37),
(156, 55, '2022-06-14 14:30:00', 'Obwodowy', 66, 38),
(157, 4, '2022-06-18 08:30:00', 'Obwodowy', 64, 39),
(4, 94, '2022-06-21 19:30:00', 'Relaksacyjny', 67, 40),
(158, 95, '2022-06-18 19:30:00', 'Crossfit', 2, 41),
(5, 61, '2022-06-25 10:30:00', 'Interwaowy', 37, 42),
(159, 79, '2022-06-17 12:30:00', 'Wytrzymaociowy', 43, 43),
(6, 61, '2022-06-20 12:30:00', 'Wytrzymaociowy', 37, 44),
(7, 107, '2022-06-17 19:30:00', 'Crossfit', 15, 45),
(8, 94, '2022-06-25 18:30:00', 'Kondycyjny', 67, 46),
(9, 5, '2022-06-14 09:30:00', 'Funkcjonalny', 65, 47),
(10, 7, '2022-06-15 10:30:00', 'Funkcjonalny', 38, 48),
(11, 119, '2022-06-20 18:30:00', 'Wytrzymaociowy', 57, 49),
(12, 36, '2022-06-23 17:30:00', 'Crossfit', 56, 50),
(426, 73, '2022-06-21 15:30:00', 'Split', 47, 51),
(13, 37, '2022-06-17 12:30:00', 'Interwaowy', 14, 52),
(14, 85, '2022-06-14 13:30:00', 'Core', 94, 53),
(15, 69, '2022-06-21 09:30:00', 'Oporowy', 91, 54),
(427, 13, '2022-06-15 14:30:00', 'Split', 62, 55),
(16, 106, '2022-06-16 16:30:00', 'Funkcjonalny', 48, 56),
(428, 27, '2022-06-17 06:30:00', 'Interwaowy', 94, 57),
(429, 102, '2022-06-24 06:30:00', 'Pilates', 89, 58),
(430, 34, '2022-06-19 07:30:00', 'Interwaowy', 83, 59),
(431, 69, '2022-06-19 17:30:00', 'Core', 91, 60),
(432, 82, '2022-06-24 11:30:00', 'Oporowy', 38, 61),
(433, 6, '2022-06-22 08:30:00', 'Split', 14, 62),
(434, 23, '2022-06-19 19:30:00', 'Crossfit', 86, 63),
(435, 14, '2022-06-18 08:30:00', 'O staej intensywnoci', 69, 64),
(436, 9, '2022-06-23 12:30:00', 'Crossfit', 95, 65),
(437, 96, '2022-06-24 14:30:00', 'Kondycyjny', 17, 66),
(438, 41, '2022-06-15 08:30:00', 'Oporowy', 87, 67),
(17, 118, '2022-06-21 15:30:00', 'Crossfit', 75, 68),
(18, 76, '2022-06-16 17:30:00', 'Core', 33, 69),
(19, 70, '2022-06-19 13:30:00', 'Interwaowy', 73, 70),
(20, 90, '2022-06-15 15:30:00', 'Core', 54, 71),
(21, 52, '2022-06-25 10:30:00', 'Kondycyjny', 16, 72),
(22, 88, '2022-06-21 15:30:00', 'Oporowy', 41, 73),
(23, 96, '2022-06-20 13:30:00', 'Wytrzymaociowy', 17, 74),
(24, 111, '2022-06-21 11:30:00', 'Oporowy', 41, 75),
(25, 16, '2022-06-16 11:30:00', 'Relaksacyjny', 77, 76),
(26, 99, '2022-06-18 10:30:00', 'Pilates', 83, 77),
(27, 11, '2022-06-25 07:30:00', 'Wytrzymaociowy', 84, 78),
(28, 35, '2022-06-19 19:30:00', 'Full Body Workout', 13, 79),
(29, 14, '2022-06-20 09:30:00', 'Crossfit', 69, 80),
(30, 76, '2022-06-21 12:30:00', 'Crossfit', 33, 81),
(31, 38, '2022-06-15 16:30:00', 'Obwodowy', 89, 82),
(32, 97, '2022-06-20 20:30:00', 'Obwodowy', 46, 83),
(33, 91, '2022-06-16 16:30:00', 'Wytrzymaociowy', 67, 84),
(34, 26, '2022-06-20 12:30:00', 'Core', 41, 85),
(35, 105, '2022-06-24 17:30:00', 'Relaksacyjny', 4, 86),
(36, 97, '2022-06-15 15:30:00', 'Pilates', 46, 87),
(37, 74, '2022-06-22 07:30:00', 'O staej intensywnoci', 59, 88),
(38, 49, '2022-06-20 16:30:00', 'Interwaowy', 16, 89),
(39, 10, '2022-06-24 09:30:00', 'Crossfit', 93, 90),
(40, 58, '2022-06-15 20:30:00', 'Kondycyjny', 94, 91),
(41, 14, '2022-06-15 14:30:00', 'Oporowy', 69, 92),
(42, 48, '2022-06-24 09:30:00', 'Wytrzymaociowy', 75, 93),
(43, 19, '2022-06-20 09:30:00', 'Kondycyjny', 22, 94),
(44, 18, '2022-06-21 13:30:00', 'Oporowy', 39, 95),
(45, 20, '2022-06-18 20:30:00', 'O staej intensywnoci', 24, 96),
(46, 82, '2022-06-23 11:30:00', 'Relaksacyjny', 38, 97),
(47, 114, '2022-06-25 20:30:00', 'Relaksacyjny', 61, 98),
(48, 22, '2022-06-25 06:30:00', 'Core', 50, 99),
(49, 34, '2022-06-15 07:30:00', 'Relaksacyjny', 83, 100),
(50, 77, '2022-06-18 18:30:00', 'O staej intensywnoci', 16, 101),
(51, 7, '2022-06-15 12:30:00', 'Wytrzymaociowy', 38, 102),
(52, 33, '2022-06-18 18:30:00', 'Pilates', 37, 103),
(53, 40, '2022-06-21 19:30:00', 'Relaksacyjny', 25, 104),
(54, 75, '2022-06-22 17:30:00', 'O staej intensywnoci', 8, 105),
(55, 51, '2022-06-17 06:30:00', 'Crossfit', 48, 106),
(56, 19, '2022-06-18 11:30:00', 'Split', 22, 107),
(57, 74, '2022-06-19 20:30:00', 'Oporowy', 59, 108),
(58, 81, '2022-06-17 12:30:00', 'Pilates', 42, 109),
(59, 80, '2022-06-14 07:30:00', 'Crossfit', 90, 110),
(60, 67, '2022-06-24 14:30:00', 'Oporowy', 68, 111),
(61, 79, '2022-06-23 09:30:00', 'Kondycyjny', 43, 112),
(62, 84, '2022-06-18 16:30:00', 'Interwaowy', 44, 113),
(63, 62, '2022-06-23 18:30:00', 'Kondycyjny', 48, 114),
(64, 43, '2022-06-21 11:30:00', 'Full Body Workout', 38, 115),
(65, 11, '2022-06-19 12:30:00', 'Interwaowy', 84, 116),
(66, 28, '2022-06-23 16:30:00', 'Wytrzymaociowy', 18, 117),
(67, 32, '2022-06-14 17:30:00', 'Funkcjonalny', 36, 118),
(68, 64, '2022-06-21 13:30:00', 'Oporowy', 20, 119),
(69, 18, '2022-06-22 20:30:00', 'O staej intensywnoci', 39, 120),
(70, 37, '2022-06-25 16:30:00', 'Interwaowy', 14, 121),
(71, 105, '2022-06-22 07:30:00', 'Funkcjonalny', 4, 122),
(72, 100, '2022-06-25 08:30:00', 'Core', 16, 123),
(73, 58, '2022-06-17 06:30:00', 'Interwaowy', 94, 124),
(74, 93, '2022-06-18 06:30:00', 'Crossfit', 61, 125),
(75, 103, '2022-06-15 16:30:00', 'Split', 12, 126),
(76, 102, '2022-06-23 11:30:00', 'Crossfit', 89, 127),
(77, 71, '2022-06-14 06:30:00', 'Full Body Workout', 28, 128),
(78, 95, '2022-06-19 11:30:00', 'Oporowy', 2, 129),
(79, 81, '2022-06-16 06:30:00', 'Interwaowy', 42, 130),
(80, 80, '2022-06-18 16:30:00', 'Relaksacyjny', 90, 131),
(81, 101, '2022-06-14 16:30:00', 'O staej intensywnoci', 54, 132),
(82, 69, '2022-06-15 16:30:00', 'O staej intensywnoci', 91, 133),
(83, 73, '2022-06-25 14:30:00', 'Core', 47, 134),
(84, 67, '2022-06-16 13:30:00', 'Split', 68, 135),
(85, 59, '2022-06-20 09:30:00', 'Core', 59, 136),
(86, 78, '2022-06-25 15:30:00', 'Wytrzymaociowy', 45, 137),
(87, 34, '2022-06-20 10:30:00', 'Oporowy', 83, 138),
(88, 79, '2022-06-23 14:30:00', 'Relaksacyjny', 43, 139),
(89, 15, '2022-06-21 20:30:00', 'Interwaowy', 77, 140),
(90, 113, '2022-06-22 19:30:00', 'Split', 6, 141),
(91, 4, '2022-06-25 13:30:00', 'Kondycyjny', 64, 142),
(92, 104, '2022-06-20 12:30:00', 'Relaksacyjny', 41, 143),
(93, 118, '2022-06-17 09:30:00', 'Interwaowy', 75, 144),
(94, 74, '2022-06-25 11:30:00', 'Split', 59, 145),
(95, 22, '2022-06-22 10:30:00', 'Split', 50, 146),
(96, 115, '2022-06-14 12:30:00', 'O staej intensywnoci', 43, 147),
(97, 27, '2022-06-22 10:30:00', 'Core', 94, 148),
(98, 36, '2022-06-20 11:30:00', 'Relaksacyjny', 56, 149),
(99, 92, '2022-06-19 07:30:00', 'Oporowy', 68, 150),
(100, 115, '2022-06-19 15:30:00', 'Obwodowy', 43, 151),
(101, 11, '2022-06-19 15:30:00', 'Split', 84, 152),
(102, 40, '2022-06-14 08:30:00', 'Obwodowy', 25, 153),
(103, 95, '2022-06-21 18:30:00', 'Kondycyjny', 2, 154),
(104, 83, '2022-06-21 15:30:00', 'Interwaowy', 8, 155),
(105, 106, '2022-06-16 13:30:00', 'O staej intensywnoci', 48, 156),
(106, 89, '2022-06-14 20:30:00', 'Obwodowy', 30, 157),
(107, 17, '2022-06-18 17:30:00', 'Wytrzymaociowy', 91, 158),
(108, 70, '2022-06-21 09:30:00', 'Full Body Workout', 73, 159),
(109, 74, '2022-06-23 07:30:00', 'Obwodowy', 59, 160),
(110, 77, '2022-06-17 08:30:00', 'Pilates', 16, 161),
(111, 42, '2022-06-18 10:30:00', 'Relaksacyjny', 25, 162),
(112, 31, '2022-06-19 19:30:00', 'Core', 46, 163),
(113, 77, '2022-06-25 12:30:00', 'Pilates', 16, 164),
(114, 57, '2022-06-22 15:30:00', 'Full Body Workout', 31, 165),
(115, 24, '2022-06-23 08:30:00', 'Interwaowy', 31, 166),
(116, 83, '2022-06-16 11:30:00', 'Interwaowy', 8, 167),
(117, 86, '2022-06-18 08:30:00', 'O staej intensywnoci', 89, 168),
(118, 91, '2022-06-23 14:30:00', 'Split', 67, 169),
(119, 28, '2022-06-25 19:30:00', 'Oporowy', 18, 170),
(120, 75, '2022-06-14 15:30:00', 'Relaksacyjny', 8, 171),
(121, 66, '2022-06-17 18:30:00', 'Obwodowy', 85, 172),
(122, 56, '2022-06-24 11:30:00', 'Funkcjonalny', 35, 173),
(123, 33, '2022-06-24 14:30:00', 'Core', 37, 174),
(124, 67, '2022-06-24 15:30:00', 'Wytrzymaociowy', 68, 175),
(125, 61, '2022-06-20 19:30:00', 'Core', 37, 176),
(126, 109, '2022-06-23 09:30:00', 'Split', 73, 177),
(127, 101, '2022-06-22 20:30:00', 'Relaksacyjny', 54, 178),
(128, 95, '2022-06-14 06:30:00', 'Split', 2, 179),
(129, 17, '2022-06-14 20:30:00', 'Relaksacyjny', 91, 180),
(130, 59, '2022-06-15 16:30:00', 'Kondycyjny', 59, 181),
(131, 55, '2022-06-16 07:30:00', 'Oporowy', 66, 182),
(132, 32, '2022-06-19 16:30:00', 'Interwaowy', 36, 183),
(133, 42, '2022-06-22 20:30:00', 'Funkcjonalny', 25, 184),
(134, 73, '2022-06-25 08:30:00', 'Wytrzymaociowy', 47, 185),
(135, 104, '2022-06-19 15:30:00', 'Obwodowy', 41, 186),
(136, 114, '2022-06-17 19:30:00', 'Oporowy', 61, 187),
(137, 26, '2022-06-23 15:30:00', 'Oporowy', 41, 188),
(138, 56, '2022-06-21 11:30:00', 'Funkcjonalny', 35, 189),
(12, 36, '2022-06-23 12:30:00', 'Split', 56, 190),
(412, 16, '2022-06-24 19:30:00', 'Crossfit', 77, 191),
(13, 37, '2022-06-14 13:30:00', 'Wytrzymaociowy', 14, 192),
(413, 105, '2022-06-19 19:30:00', 'Core', 4, 193),
(14, 85, '2022-06-22 19:30:00', 'Pilates', 94, 194),
(414, 3, '2022-06-17 17:30:00', 'Obwodowy', 79, 195),
(15, 69, '2022-06-16 11:30:00', 'Wytrzymaociowy', 91, 196),
(415, 88, '2022-06-18 11:30:00', 'Interwaowy', 41, 197),
(16, 106, '2022-06-16 17:30:00', 'Obwodowy', 48, 198),
(160, 108, '2022-06-19 12:30:00', 'Interwaowy', 53, 199),
(416, 34, '2022-06-19 09:30:00', 'Interwaowy', 83, 200),
(17, 118, '2022-06-25 13:30:00', 'Crossfit', 75, 201),
(417, 88, '2022-06-14 07:30:00', 'Interwaowy', 41, 202),
(18, 76, '2022-06-24 08:30:00', 'Crossfit', 33, 203),
(161, 31, '2022-06-21 10:30:00', 'Core', 46, 204),
(418, 85, '2022-06-14 09:30:00', 'Full Body Workout', 94, 205),
(19, 70, '2022-06-14 19:30:00', 'Wytrzymaociowy', 73, 206),
(419, 104, '2022-06-17 11:30:00', 'Interwaowy', 41, 207),
(20, 90, '2022-06-16 17:30:00', 'Funkcjonalny', 54, 208),
(420, 68, '2022-06-17 10:30:00', 'Core', 15, 209),
(21, 52, '2022-06-24 09:30:00', 'Obwodowy', 16, 210),
(421, 110, '2022-06-19 08:30:00', 'Core', 85, 211),
(22, 88, '2022-06-20 17:30:00', 'Oporowy', 41, 212),
(422, 44, '2022-06-21 12:30:00', 'Kondycyjny', 17, 213),
(23, 96, '2022-06-19 17:30:00', 'Obwodowy', 17, 214),
(423, 52, '2022-06-14 20:30:00', 'Kondycyjny', 16, 215),
(24, 111, '2022-06-23 12:30:00', 'Kondycyjny', 41, 216),
(424, 117, '2022-06-22 13:30:00', 'Oporowy', 5, 217),
(25, 16, '2022-06-15 07:30:00', 'Crossfit', 77, 218),
(425, 100, '2022-06-23 17:30:00', 'O staej intensywnoci', 16, 219),
(26, 99, '2022-06-15 08:30:00', 'Wytrzymaociowy', 83, 220),
(426, 73, '2022-06-24 14:30:00', 'Core', 47, 221),
(27, 11, '2022-06-19 19:30:00', 'Obwodowy', 84, 222),
(427, 13, '2022-06-22 10:30:00', 'Split', 62, 223),
(28, 35, '2022-06-19 08:30:00', 'Funkcjonalny', 13, 224),
(428, 27, '2022-06-15 15:30:00', 'Crossfit', 94, 225),
(29, 14, '2022-06-18 12:30:00', 'Split', 69, 226),
(429, 102, '2022-06-24 11:30:00', 'Oporowy', 89, 227),
(30, 76, '2022-06-23 19:30:00', 'Pilates', 33, 228),
(430, 34, '2022-06-17 08:30:00', 'Obwodowy', 83, 229),
(31, 38, '2022-06-22 13:30:00', 'O staej intensywnoci', 89, 230),
(431, 69, '2022-06-16 20:30:00', 'Split', 91, 231),
(32, 97, '2022-06-23 08:30:00', 'Core', 46, 232),
(432, 82, '2022-06-24 14:30:00', 'Obwodowy', 38, 233),
(33, 91, '2022-06-18 19:30:00', 'Funkcjonalny', 67, 234),
(433, 6, '2022-06-19 14:30:00', 'Relaksacyjny', 14, 235),
(34, 26, '2022-06-16 09:30:00', 'Pilates', 41, 236),
(434, 23, '2022-06-25 15:30:00', 'Wytrzymaociowy', 86, 237),
(35, 105, '2022-06-20 09:30:00', 'Crossfit', 4, 238),
(435, 14, '2022-06-24 20:30:00', 'Interwaowy', 69, 239),
(36, 97, '2022-06-24 09:30:00', 'Relaksacyjny', 46, 240),
(436, 9, '2022-06-22 16:30:00', 'Relaksacyjny', 95, 241),
(37, 74, '2022-06-18 15:30:00', 'Oporowy', 59, 242),
(437, 96, '2022-06-16 19:30:00', 'Oporowy', 17, 243),
(38, 49, '2022-06-24 16:30:00', 'Full Body Workout', 16, 244),
(438, 41, '2022-06-16 18:30:00', 'Oporowy', 87, 245),
(39, 10, '2022-06-24 17:30:00', 'Wytrzymaociowy', 93, 246),
(439, 71, '2022-06-22 07:30:00', 'Obwodowy', 28, 247),
(40, 58, '2022-06-21 13:30:00', 'Split', 94, 248),
(440, 65, '2022-06-25 09:30:00', 'Obwodowy', 23, 249),
(41, 14, '2022-06-25 09:30:00', 'Full Body Workout', 69, 250),
(441, 117, '2022-06-21 11:30:00', 'Oporowy', 5, 251),
(42, 48, '2022-06-16 07:30:00', 'Kondycyjny', 75, 252),
(442, 60, '2022-06-22 19:30:00', 'Core', 24, 253),
(43, 19, '2022-06-16 09:30:00', 'Split', 22, 254),
(443, 18, '2022-06-16 17:30:00', 'Kondycyjny', 39, 255),
(44, 18, '2022-06-17 19:30:00', 'Wytrzymaociowy', 39, 256),
(444, 76, '2022-06-25 08:30:00', 'Core', 33, 257),
(45, 20, '2022-06-22 20:30:00', 'Kondycyjny', 24, 258),
(445, 113, '2022-06-23 07:30:00', 'Interwaowy', 6, 259),
(46, 82, '2022-06-15 20:30:00', 'O staej intensywnoci', 38, 260),
(446, 72, '2022-06-24 19:30:00', 'Relaksacyjny', 55, 261),
(47, 114, '2022-06-19 06:30:00', 'Core', 61, 262),
(447, 99, '2022-06-19 07:30:00', 'Full Body Workout', 83, 263),
(48, 22, '2022-06-20 12:30:00', 'Full Body Workout', 50, 264),
(448, 5, '2022-06-17 06:30:00', 'Core', 65, 265),
(49, 34, '2022-06-22 18:30:00', 'Interwaowy', 83, 266),
(449, 15, '2022-06-18 07:30:00', 'Relaksacyjny', 77, 267),
(50, 77, '2022-06-20 15:30:00', 'Full Body Workout', 16, 268),
(450, 35, '2022-06-15 09:30:00', 'Interwaowy', 13, 269),
(51, 7, '2022-06-17 06:30:00', 'Relaksacyjny', 38, 270),
(451, 41, '2022-06-25 20:30:00', 'Obwodowy', 87, 271),
(52, 33, '2022-06-22 19:30:00', 'Relaksacyjny', 37, 272),
(452, 119, '2022-06-18 18:30:00', 'Wytrzymaociowy', 57, 273),
(53, 40, '2022-06-17 14:30:00', 'Relaksacyjny', 25, 274),
(453, 50, '2022-06-14 14:30:00', 'Obwodowy', 19, 275),
(54, 75, '2022-06-16 14:30:00', 'Full Body Workout', 8, 276),
(454, 40, '2022-06-14 11:30:00', 'Interwaowy', 25, 277),
(55, 51, '2022-06-16 19:30:00', 'Interwaowy', 48, 278),
(455, 36, '2022-06-23 19:30:00', 'Funkcjonalny', 56, 279),
(56, 19, '2022-06-24 17:30:00', 'Funkcjonalny', 22, 280),
(456, 71, '2022-06-14 20:30:00', 'Split', 28, 281),
(57, 74, '2022-06-15 12:30:00', 'Relaksacyjny', 59, 282),
(457, 114, '2022-06-24 06:30:00', 'Split', 61, 283),
(58, 81, '2022-06-19 10:30:00', 'Full Body Workout', 42, 284),
(458, 100, '2022-06-25 16:30:00', 'Crossfit', 16, 285),
(59, 80, '2022-06-15 09:30:00', 'O staej intensywnoci', 90, 286),
(459, 114, '2022-06-16 07:30:00', 'Split', 61, 287),
(60, 67, '2022-06-19 08:30:00', 'Relaksacyjny', 68, 288),
(460, 56, '2022-06-19 19:30:00', 'Funkcjonalny', 35, 289),
(61, 79, '2022-06-18 18:30:00', 'Funkcjonalny', 43, 290),
(461, 119, '2022-06-14 18:30:00', 'Pilates', 57, 291),
(62, 84, '2022-06-18 13:30:00', 'Obwodowy', 44, 292),
(462, 102, '2022-06-25 12:30:00', 'Oporowy', 89, 293),
(63, 62, '2022-06-20 19:30:00', 'Obwodowy', 48, 294),
(463, 4, '2022-06-16 09:30:00', 'Interwaowy', 64, 295),
(64, 43, '2022-06-24 13:30:00', 'Full Body Workout', 38, 296),
(464, 91, '2022-06-24 13:30:00', 'Core', 67, 297),
(65, 11, '2022-06-24 19:30:00', 'Split', 84, 298),
(465, 79, '2022-06-19 09:30:00', 'Crossfit', 43, 299),
(66, 28, '2022-06-23 07:30:00', 'Full Body Workout', 18, 300),
(466, 1, '2022-06-14 20:30:00', 'Interwaowy', 67, 301),
(67, 32, '2022-06-22 18:30:00', 'Core', 36, 302),
(467, 2, '2022-06-23 19:30:00', 'Relaksacyjny', 22, 303),
(68, 64, '2022-06-14 08:30:00', 'Core', 20, 304),
(468, 72, '2022-06-20 13:30:00', 'Pilates', 55, 305),
(69, 18, '2022-06-14 11:30:00', 'Core', 39, 306),
(469, 80, '2022-06-20 17:30:00', 'Core', 90, 307),
(70, 37, '2022-06-14 06:30:00', 'Funkcjonalny', 14, 308),
(470, 55, '2022-06-14 12:30:00', 'O staej intensywnoci', 66, 309),
(71, 105, '2022-06-15 06:30:00', 'Oporowy', 4, 310),
(471, 72, '2022-06-24 08:30:00', 'Wytrzymaociowy', 55, 311),
(72, 100, '2022-06-17 11:30:00', 'Interwaowy', 16, 312),
(472, 32, '2022-06-18 11:30:00', 'Core', 36, 313),
(73, 58, '2022-06-24 20:30:00', 'Relaksacyjny', 94, 314),
(473, 9, '2022-06-18 11:30:00', 'Split', 95, 315),
(74, 93, '2022-06-25 09:30:00', 'Pilates', 61, 316),
(474, 63, '2022-06-20 13:30:00', 'Pilates', 29, 317),
(75, 103, '2022-06-20 06:30:00', 'Obwodowy', 12, 318),
(475, 81, '2022-06-17 12:30:00', 'Kondycyjny', 42, 319),
(76, 102, '2022-06-17 12:30:00', 'Pilates', 89, 320),
(476, 100, '2022-06-22 18:30:00', 'Pilates', 16, 321),
(77, 71, '2022-06-24 09:30:00', 'Split', 28, 322),
(477, 49, '2022-06-14 13:30:00', 'Crossfit', 16, 323),
(78, 95, '2022-06-21 17:30:00', 'Funkcjonalny', 2, 324),
(478, 25, '2022-06-14 10:30:00', 'Interwaowy', 65, 325),
(79, 81, '2022-06-20 10:30:00', 'Kondycyjny', 42, 326),
(479, 79, '2022-06-18 06:30:00', 'Funkcjonalny', 43, 327),
(80, 80, '2022-06-21 19:30:00', 'Relaksacyjny', 90, 328),
(480, 4, '2022-06-21 06:30:00', 'Interwaowy', 64, 329),
(81, 101, '2022-06-18 18:30:00', 'Crossfit', 54, 330),
(481, 45, '2022-06-17 20:30:00', 'Pilates', 86, 331),
(82, 69, '2022-06-18 12:30:00', 'Pilates', 91, 332),
(482, 48, '2022-06-16 10:30:00', 'Core', 75, 333),
(162, 55, '2022-06-21 17:30:00', 'Pilates', 66, 334),
(83, 73, '2022-06-21 18:30:00', 'Split', 47, 335),
(483, 117, '2022-06-16 09:30:00', 'Core', 5, 336),
(84, 67, '2022-06-17 09:30:00', 'Funkcjonalny', 68, 337),
(484, 94, '2022-06-17 20:30:00', 'Obwodowy', 67, 338),
(163, 26, '2022-06-16 07:30:00', 'Obwodowy', 41, 339),
(85, 59, '2022-06-24 08:30:00', 'Wytrzymaociowy', 59, 340),
(164, 61, '2022-06-19 12:30:00', 'O staej intensywnoci', 37, 341),
(485, 63, '2022-06-21 10:30:00', 'Crossfit', 29, 342),
(86, 78, '2022-06-19 19:30:00', 'Split', 45, 343),
(165, 97, '2022-06-14 08:30:00', 'Wytrzymaociowy', 46, 344),
(486, 51, '2022-06-22 07:30:00', 'Interwaowy', 48, 345),
(166, 15, '2022-06-16 19:30:00', 'Kondycyjny', 77, 346),
(87, 34, '2022-06-18 14:30:00', 'Wytrzymaociowy', 83, 347),
(167, 84, '2022-06-24 13:30:00', 'Interwaowy', 44, 348),
(487, 110, '2022-06-17 11:30:00', 'Core', 85, 349),
(168, 66, '2022-06-19 20:30:00', 'Oporowy', 85, 350),
(88, 79, '2022-06-19 10:30:00', 'Kondycyjny', 43, 351),
(169, 26, '2022-06-17 17:30:00', 'Relaksacyjny', 41, 352),
(488, 66, '2022-06-15 18:30:00', 'O staej intensywnoci', 85, 353),
(89, 15, '2022-06-14 15:30:00', 'Oporowy', 77, 354),
(489, 114, '2022-06-20 06:30:00', 'Funkcjonalny', 61, 355),
(90, 113, '2022-06-20 20:30:00', 'O staej intensywnoci', 6, 356),
(490, 66, '2022-06-19 09:30:00', 'Full Body Workout', 85, 357),
(91, 4, '2022-06-14 12:30:00', 'Crossfit', 64, 358),
(491, 17, '2022-06-20 19:30:00', 'Obwodowy', 91, 359),
(92, 104, '2022-06-15 12:30:00', 'Relaksacyjny', 41, 360),
(492, 73, '2022-06-16 17:30:00', 'Interwaowy', 47, 361),
(93, 118, '2022-06-18 14:30:00', 'Full Body Workout', 75, 362),
(493, 49, '2022-06-17 06:30:00', 'Interwaowy', 16, 363),
(94, 74, '2022-06-17 16:30:00', 'Full Body Workout', 59, 364),
(494, 9, '2022-06-19 07:30:00', 'Oporowy', 95, 365),
(95, 22, '2022-06-18 18:30:00', 'Wytrzymaociowy', 50, 366),
(495, 114, '2022-06-17 09:30:00', 'Split', 61, 367),
(96, 115, '2022-06-21 11:30:00', 'Crossfit', 43, 368),
(496, 48, '2022-06-19 20:30:00', 'Obwodowy', 75, 369),
(97, 27, '2022-06-19 19:30:00', 'Split', 94, 370),
(497, 62, '2022-06-22 18:30:00', 'Pilates', 48, 371),
(439, 71, '2022-06-20 06:30:00', 'Core', 28, 372),
(98, 36, '2022-06-17 06:30:00', 'Interwaowy', 56, 373),
(498, 29, '2022-06-15 19:30:00', 'Core', 33, 374),
(440, 65, '2022-06-20 13:30:00', 'Core', 23, 375),
(99, 92, '2022-06-23 13:30:00', 'O staej intensywnoci', 68, 376),
(441, 117, '2022-06-23 13:30:00', 'Wytrzymaociowy', 5, 377),
(442, 60, '2022-06-23 14:30:00', 'Funkcjonalny', 24, 378),
(499, 107, '2022-06-14 16:30:00', 'Kondycyjny', 15, 379),
(443, 18, '2022-06-18 06:30:00', 'Split', 39, 380),
(444, 76, '2022-06-21 06:30:00', 'Full Body Workout', 33, 381),
(100, 115, '2022-06-21 11:30:00', 'Interwaowy', 43, 382),
(445, 113, '2022-06-20 20:30:00', 'Relaksacyjny', 6, 383),
(500, 106, '2022-06-24 17:30:00', 'Pilates', 48, 384),
(446, 72, '2022-06-14 07:30:00', 'Oporowy', 55, 385),
(101, 11, '2022-06-25 10:30:00', 'Relaksacyjny', 84, 386),
(501, 54, '2022-06-19 16:30:00', 'O staej intensywnoci', 58, 387),
(102, 40, '2022-06-15 20:30:00', 'Full Body Workout', 25, 388),
(447, 99, '2022-06-14 09:30:00', 'Crossfit', 83, 389),
(502, 33, '2022-06-22 17:30:00', 'Full Body Workout', 37, 390),
(448, 5, '2022-06-15 17:30:00', 'Funkcjonalny', 65, 391),
(103, 95, '2022-06-22 12:30:00', 'Kondycyjny', 2, 392),
(503, 68, '2022-06-19 08:30:00', 'Core', 15, 393),
(104, 83, '2022-06-15 16:30:00', 'Funkcjonalny', 8, 394),
(504, 118, '2022-06-15 09:30:00', 'Obwodowy', 75, 395),
(105, 106, '2022-06-23 11:30:00', 'Wytrzymaociowy', 48, 396),
(505, 110, '2022-06-17 10:30:00', 'Full Body Workout', 85, 397),
(106, 89, '2022-06-16 16:30:00', 'Obwodowy', 30, 398),
(506, 111, '2022-06-23 20:30:00', 'Crossfit', 41, 399),
(107, 17, '2022-06-23 07:30:00', 'Oporowy', 91, 400),
(507, 38, '2022-06-20 17:30:00', 'Kondycyjny', 89, 401),
(108, 70, '2022-06-14 16:30:00', 'Core', 73, 402),
(508, 48, '2022-06-17 13:30:00', 'Split', 75, 403),
(109, 74, '2022-06-18 16:30:00', 'Wytrzymaociowy', 59, 404),
(449, 15, '2022-06-19 19:30:00', 'Crossfit', 77, 405),
(509, 71, '2022-06-16 16:30:00', 'Relaksacyjny', 28, 406),
(110, 77, '2022-06-23 18:30:00', 'Split', 16, 407),
(450, 35, '2022-06-19 16:30:00', 'Core', 13, 408),
(510, 70, '2022-06-14 20:30:00', 'Interwaowy', 73, 409),
(451, 41, '2022-06-23 13:30:00', 'Oporowy', 87, 410),
(111, 42, '2022-06-16 08:30:00', 'Funkcjonalny', 25, 411),
(452, 119, '2022-06-15 08:30:00', 'Obwodowy', 57, 412),
(511, 74, '2022-06-23 10:30:00', 'Funkcjonalny', 59, 413),
(453, 50, '2022-06-19 20:30:00', 'Interwaowy', 19, 414),
(454, 40, '2022-06-16 16:30:00', 'Oporowy', 25, 415),
(112, 31, '2022-06-22 12:30:00', 'Funkcjonalny', 46, 416),
(455, 36, '2022-06-23 10:30:00', 'Core', 56, 417),
(512, 9, '2022-06-18 15:30:00', 'Core', 95, 418),
(456, 71, '2022-06-16 15:30:00', 'Relaksacyjny', 28, 419),
(113, 77, '2022-06-14 08:30:00', 'Obwodowy', 16, 420),
(513, 80, '2022-06-16 07:30:00', 'Core', 90, 421),
(457, 114, '2022-06-21 06:30:00', 'Wytrzymaociowy', 61, 422),
(114, 57, '2022-06-16 06:30:00', 'Oporowy', 31, 423),
(458, 100, '2022-06-23 07:30:00', 'Crossfit', 16, 424),
(514, 103, '2022-06-20 08:30:00', 'Funkcjonalny', 12, 425),
(459, 114, '2022-06-17 08:30:00', 'Obwodowy', 61, 426),
(460, 56, '2022-06-16 06:30:00', 'Core', 35, 427),
(115, 24, '2022-06-16 11:30:00', 'Full Body Workout', 31, 428),
(515, 104, '2022-06-16 12:30:00', 'Kondycyjny', 41, 429),
(116, 83, '2022-06-25 18:30:00', 'Oporowy', 8, 430),
(516, 43, '2022-06-18 18:30:00', 'Obwodowy', 38, 431),
(117, 86, '2022-06-24 13:30:00', 'Obwodowy', 89, 432),
(517, 84, '2022-06-15 13:30:00', 'Pilates', 44, 433),
(118, 91, '2022-06-19 13:30:00', 'Funkcjonalny', 67, 434),
(518, 6, '2022-06-25 08:30:00', 'O staej intensywnoci', 14, 435),
(119, 28, '2022-06-14 10:30:00', 'O staej intensywnoci', 18, 436),
(519, 68, '2022-06-24 08:30:00', 'Kondycyjny', 15, 437),
(120, 75, '2022-06-15 19:30:00', 'Interwaowy', 8, 438),
(520, 107, '2022-06-15 15:30:00', 'Core', 15, 439),
(121, 66, '2022-06-23 06:30:00', 'Split', 85, 440),
(521, 52, '2022-06-17 12:30:00', 'Crossfit', 16, 441),
(122, 56, '2022-06-21 18:30:00', 'Crossfit', 35, 442),
(522, 48, '2022-06-14 10:30:00', 'Crossfit', 75, 443),
(123, 33, '2022-06-22 17:30:00', 'Crossfit', 37, 444),
(461, 119, '2022-06-21 09:30:00', 'Obwodowy', 57, 445),
(462, 102, '2022-06-14 18:30:00', 'Full Body Workout', 89, 446),
(463, 4, '2022-06-16 08:30:00', 'Wytrzymaociowy', 64, 447),
(152, 113, '2022-06-23 19:30:00', 'Crossfit', 6, 448),
(464, 91, '2022-06-21 14:30:00', 'Oporowy', 67, 449),
(465, 79, '2022-06-16 09:30:00', 'Relaksacyjny', 43, 450),
(466, 1, '2022-06-24 10:30:00', 'Full Body Workout', 67, 451),
(467, 2, '2022-06-18 16:30:00', 'O staej intensywnoci', 22, 452),
(153, 107, '2022-06-19 18:30:00', 'Relaksacyjny', 15, 453),
(468, 72, '2022-06-25 13:30:00', 'O staej intensywnoci', 55, 454),
(154, 24, '2022-06-23 20:30:00', 'Full Body Workout', 31, 455),
(469, 80, '2022-06-20 06:30:00', 'Funkcjonalny', 90, 456),
(155, 98, '2022-06-20 12:30:00', 'Obwodowy', 95, 457),
(470, 55, '2022-06-22 13:30:00', 'Interwaowy', 66, 458),
(156, 55, '2022-06-14 18:30:00', 'Split', 66, 459),
(471, 72, '2022-06-22 14:30:00', 'Relaksacyjny', 55, 460),
(472, 32, '2022-06-15 15:30:00', 'Funkcjonalny', 36, 461),
(473, 9, '2022-06-17 19:30:00', 'Core', 95, 462),
(157, 4, '2022-06-20 20:30:00', 'Pilates', 64, 463),
(474, 63, '2022-06-25 11:30:00', 'Obwodowy', 29, 464),
(158, 95, '2022-06-25 20:30:00', 'Wytrzymaociowy', 2, 465),
(475, 81, '2022-06-25 17:30:00', 'O staej intensywnoci', 42, 466),
(159, 79, '2022-06-20 11:30:00', 'Split', 43, 467),
(476, 100, '2022-06-22 17:30:00', 'Interwaowy', 16, 468),
(160, 108, '2022-06-22 09:30:00', 'Interwaowy', 53, 469),
(477, 49, '2022-06-25 13:30:00', 'Wytrzymaociowy', 16, 470),
(478, 25, '2022-06-21 06:30:00', 'Obwodowy', 65, 471),
(479, 79, '2022-06-19 08:30:00', 'Relaksacyjny', 43, 472),
(480, 4, '2022-06-19 16:30:00', 'Crossfit', 64, 473),
(161, 31, '2022-06-23 15:30:00', 'Interwaowy', 46, 474),
(481, 45, '2022-06-23 20:30:00', 'Wytrzymaociowy', 86, 475),
(162, 55, '2022-06-25 13:30:00', 'Oporowy', 66, 476),
(482, 48, '2022-06-23 13:30:00', 'Wytrzymaociowy', 75, 477),
(163, 26, '2022-06-23 17:30:00', 'Pilates', 41, 478),
(483, 117, '2022-06-14 14:30:00', 'Interwaowy', 5, 479),
(164, 61, '2022-06-21 14:30:00', 'Interwaowy', 37, 480),
(484, 94, '2022-06-24 15:30:00', 'Relaksacyjny', 67, 481),
(485, 63, '2022-06-18 13:30:00', 'Core', 29, 482),
(486, 51, '2022-06-23 15:30:00', 'Core', 48, 483),
(487, 110, '2022-06-14 17:30:00', 'Split', 85, 484),
(488, 66, '2022-06-16 06:30:00', 'Oporowy', 85, 485),
(489, 114, '2022-06-15 13:30:00', 'Full Body Workout', 61, 486),
(490, 66, '2022-06-22 14:30:00', 'O staej intensywnoci', 85, 487),
(491, 17, '2022-06-18 09:30:00', 'Interwaowy', 91, 488),
(492, 73, '2022-06-18 11:30:00', 'Funkcjonalny', 47, 489),
(493, 49, '2022-06-19 10:30:00', 'Pilates', 16, 490),
(494, 9, '2022-06-24 08:30:00', 'Kondycyjny', 95, 491),
(495, 114, '2022-06-18 17:30:00', 'Interwaowy', 61, 492),
(496, 48, '2022-06-20 20:30:00', 'Crossfit', 75, 493),
(497, 62, '2022-06-22 09:30:00', 'Oporowy', 48, 494),
(498, 29, '2022-06-14 09:30:00', 'Oporowy', 33, 495),
(499, 107, '2022-06-20 11:30:00', 'Pilates', 15, 496),
(500, 106, '2022-06-18 08:30:00', 'Core', 48, 497),
(501, 54, '2022-06-17 07:30:00', 'Oporowy', 58, 498),
(502, 33, '2022-06-23 09:30:00', 'Crossfit', 37, 499),
(503, 68, '2022-06-23 19:30:00', 'Obwodowy', 15, 500),
(504, 118, '2022-06-18 07:30:00', 'Wytrzymaociowy', 75, 501),
(505, 110, '2022-06-21 13:30:00', 'Funkcjonalny', 85, 502),
(506, 111, '2022-06-15 07:30:00', 'Split', 41, 503),
(507, 38, '2022-06-16 18:30:00', 'Kondycyjny', 89, 504),
(165, 97, '2022-06-22 11:30:00', 'Funkcjonalny', 46, 505),
(508, 48, '2022-06-16 09:30:00', 'Core', 75, 506),
(166, 15, '2022-06-17 11:30:00', 'Kondycyjny', 77, 507),
(509, 71, '2022-06-14 12:30:00', 'O staej intensywnoci', 28, 508),
(167, 84, '2022-06-23 15:30:00', 'Crossfit', 44, 509),
(168, 66, '2022-06-20 08:30:00', 'Interwaowy', 85, 510),
(169, 26, '2022-06-17 09:30:00', 'O staej intensywnoci', 41, 511),
(170, 79, '2022-06-25 06:30:00', 'Funkcjonalny', 43, 512),
(510, 70, '2022-06-21 14:30:00', 'Relaksacyjny', 73, 513),
(171, 115, '2022-06-22 07:30:00', 'Oporowy', 43, 514),
(511, 74, '2022-06-24 13:30:00', 'Core', 59, 515),
(172, 66, '2022-06-22 18:30:00', 'Full Body Workout', 85, 516),
(512, 9, '2022-06-16 07:30:00', 'Oporowy', 95, 517),
(513, 80, '2022-06-21 07:30:00', 'Wytrzymaociowy', 90, 518),
(173, 7, '2022-06-15 07:30:00', 'Full Body Workout', 38, 519),
(514, 103, '2022-06-16 16:30:00', 'Obwodowy', 12, 520),
(515, 104, '2022-06-18 07:30:00', 'Full Body Workout', 41, 521),
(516, 43, '2022-06-18 07:30:00', 'Obwodowy', 38, 522),
(517, 84, '2022-06-23 10:30:00', 'Crossfit', 44, 523),
(518, 6, '2022-06-18 14:30:00', 'Interwaowy', 14, 524),
(519, 68, '2022-06-23 20:30:00', 'Wytrzymaociowy', 15, 525),
(520, 107, '2022-06-25 06:30:00', 'Oporowy', 15, 526),
(521, 52, '2022-06-15 16:30:00', 'Kondycyjny', 16, 527),
(522, 48, '2022-06-19 18:30:00', 'Relaksacyjny', 75, 528),
(523, 9, '2022-06-25 08:30:00', 'Funkcjonalny', 95, 529),
(524, 97, '2022-06-16 14:30:00', 'Funkcjonalny', 46, 530),
(525, 108, '2022-06-20 08:30:00', 'Pilates', 53, 531),
(526, 62, '2022-06-20 13:30:00', 'Oporowy', 48, 532),
(527, 87, '2022-06-23 20:30:00', 'Funkcjonalny', 27, 533),
(528, 80, '2022-06-15 19:30:00', 'Split', 90, 534),
(523, 9, '2022-06-25 13:30:00', 'Wytrzymaociowy', 95, 535),
(529, 44, '2022-06-23 16:30:00', 'Funkcjonalny', 17, 536),
(124, 67, '2022-06-22 14:30:00', 'Relaksacyjny', 68, 537),
(530, 30, '2022-06-18 12:30:00', 'Core', 88, 538),
(524, 97, '2022-06-23 10:30:00', 'Split', 46, 539),
(531, 119, '2022-06-18 15:30:00', 'Crossfit', 57, 540),
(125, 61, '2022-06-18 18:30:00', 'Funkcjonalny', 37, 541),
(532, 54, '2022-06-18 08:30:00', 'Pilates', 58, 542),
(525, 108, '2022-06-15 12:30:00', 'O staej intensywnoci', 53, 543),
(533, 98, '2022-06-23 09:30:00', 'Crossfit', 95, 544),
(126, 109, '2022-06-22 09:30:00', 'Wytrzymaociowy', 73, 545),
(534, 7, '2022-06-24 17:30:00', 'O staej intensywnoci', 38, 546),
(535, 114, '2022-06-25 11:30:00', 'Split', 61, 547),
(526, 62, '2022-06-20 07:30:00', 'Kondycyjny', 48, 548),
(536, 36, '2022-06-15 11:30:00', 'Interwaowy', 56, 549),
(127, 101, '2022-06-22 11:30:00', 'Obwodowy', 54, 550),
(527, 87, '2022-06-18 07:30:00', 'Interwaowy', 27, 551),
(128, 95, '2022-06-14 11:30:00', 'Split', 2, 552),
(537, 61, '2022-06-14 08:30:00', 'O staej intensywnoci', 37, 553),
(528, 80, '2022-06-22 12:30:00', 'Oporowy', 90, 554),
(538, 34, '2022-06-20 10:30:00', 'Split', 83, 555),
(539, 54, '2022-06-15 06:30:00', 'Oporowy', 58, 556),
(129, 17, '2022-06-16 15:30:00', 'Relaksacyjny', 91, 557),
(540, 106, '2022-06-21 18:30:00', 'Kondycyjny', 48, 558),
(529, 44, '2022-06-25 12:30:00', 'Funkcjonalny', 17, 559),
(541, 107, '2022-06-16 07:30:00', 'Core', 15, 560),
(130, 59, '2022-06-20 06:30:00', 'Relaksacyjny', 59, 561),
(542, 13, '2022-06-21 12:30:00', 'Split', 62, 562),
(530, 30, '2022-06-23 18:30:00', 'Pilates', 88, 563),
(543, 79, '2022-06-19 11:30:00', 'Oporowy', 43, 564),
(131, 55, '2022-06-25 18:30:00', 'Split', 66, 565),
(544, 52, '2022-06-25 18:30:00', 'Full Body Workout', 16, 566),
(531, 119, '2022-06-21 13:30:00', 'Full Body Workout', 57, 567),
(545, 12, '2022-06-20 08:30:00', 'O staej intensywnoci', 48, 568),
(132, 32, '2022-06-18 08:30:00', 'Interwaowy', 36, 569),
(546, 7, '2022-06-18 12:30:00', 'Funkcjonalny', 38, 570),
(547, 38, '2022-06-15 13:30:00', 'Crossfit', 89, 571),
(532, 54, '2022-06-19 13:30:00', 'Oporowy', 58, 572),
(548, 77, '2022-06-19 17:30:00', 'Oporowy', 16, 573),
(133, 42, '2022-06-21 12:30:00', 'O staej intensywnoci', 25, 574),
(533, 98, '2022-06-17 13:30:00', 'Pilates', 95, 575),
(549, 24, '2022-06-20 18:30:00', 'Wytrzymaociowy', 31, 576),
(134, 73, '2022-06-16 11:30:00', 'Core', 47, 577),
(999, 8, '2022-06-25 18:30:00', 'Relaksacyjny', 83, 578),
(534, 7, '2022-06-23 07:30:00', 'Interwaowy', 38, 579),
(1, 22, '2022-06-19 07:30:00', 'Interwaowy', 50, 580),
(135, 104, '2022-06-25 16:30:00', 'Relaksacyjny', 41, 581),
(535, 114, '2022-06-25 11:30:00', 'Oporowy', 61, 582),
(136, 114, '2022-06-25 07:30:00', 'Wytrzymaociowy', 61, 583),
(2, 21, '2022-06-15 19:30:00', 'Full Body Workout', 43, 584),
(536, 36, '2022-06-21 18:30:00', 'Core', 56, 585),
(137, 26, '2022-06-17 08:30:00', 'Relaksacyjny', 41, 586),
(3, 100, '2022-06-15 06:30:00', 'Funkcjonalny', 16, 587),
(537, 61, '2022-06-22 17:30:00', 'Interwaowy', 37, 588),
(4, 94, '2022-06-14 16:30:00', 'Funkcjonalny', 67, 589),
(5, 61, '2022-06-16 13:30:00', 'Wytrzymaociowy', 37, 590),
(138, 56, '2022-06-16 17:30:00', 'Relaksacyjny', 35, 591),
(6, 61, '2022-06-23 20:30:00', 'Obwodowy', 37, 592),
(7, 107, '2022-06-21 10:30:00', 'Kondycyjny', 15, 593),
(538, 34, '2022-06-19 12:30:00', 'O staej intensywnoci', 83, 594),
(8, 94, '2022-06-20 18:30:00', 'Interwaowy', 67, 595),
(139, 61, '2022-06-20 17:30:00', 'Crossfit', 37, 596),
(539, 54, '2022-06-20 06:30:00', 'Kondycyjny', 58, 597),
(9, 5, '2022-06-24 09:30:00', 'Full Body Workout', 65, 598),
(140, 58, '2022-06-14 10:30:00', 'Relaksacyjny', 94, 599),
(10, 7, '2022-06-23 15:30:00', 'Obwodowy', 38, 600),
(540, 106, '2022-06-23 18:30:00', 'Relaksacyjny', 48, 601),
(11, 119, '2022-06-21 15:30:00', 'Relaksacyjny', 57, 602),
(141, 19, '2022-06-22 09:30:00', 'Kondycyjny', 22, 603),
(12, 36, '2022-06-20 13:30:00', 'Interwaowy', 56, 604),
(541, 107, '2022-06-17 18:30:00', 'Relaksacyjny', 15, 605),
(13, 37, '2022-06-18 13:30:00', 'Full Body Workout', 14, 606),
(142, 69, '2022-06-25 19:30:00', 'Wytrzymaociowy', 91, 607),
(14, 85, '2022-06-20 16:30:00', 'Funkcjonalny', 94, 608),
(542, 13, '2022-06-23 18:30:00', 'Pilates', 62, 609),
(15, 69, '2022-06-24 16:30:00', 'O staej intensywnoci', 91, 610),
(143, 54, '2022-06-15 10:30:00', 'Wytrzymaociowy', 58, 611),
(16, 106, '2022-06-14 13:30:00', 'Wytrzymaociowy', 48, 612),
(543, 79, '2022-06-14 14:30:00', 'Split', 43, 613),
(17, 118, '2022-06-21 13:30:00', 'Funkcjonalny', 75, 614),
(18, 76, '2022-06-20 19:30:00', 'Core', 33, 615),
(144, 61, '2022-06-18 07:30:00', 'Pilates', 37, 616),
(544, 52, '2022-06-22 20:30:00', 'Split', 16, 617),
(19, 70, '2022-06-15 13:30:00', 'O staej intensywnoci', 73, 618),
(145, 42, '2022-06-25 16:30:00', 'O staej intensywnoci', 25, 619),
(20, 90, '2022-06-17 11:30:00', 'Crossfit', 54, 620),
(545, 12, '2022-06-16 09:30:00', 'Crossfit', 48, 621),
(146, 58, '2022-06-18 18:30:00', 'Wytrzymaociowy', 94, 622),
(546, 7, '2022-06-17 13:30:00', 'Pilates', 38, 623),
(147, 81, '2022-06-24 20:30:00', 'Relaksacyjny', 42, 624),
(547, 38, '2022-06-17 11:30:00', 'Wytrzymaociowy', 89, 625),
(148, 0, '2022-06-14 20:30:00', 'Pilates', 82, 626),
(21, 52, '2022-06-24 12:30:00', 'Funkcjonalny', 16, 627),
(22, 88, '2022-06-15 06:30:00', 'Pilates', 41, 628),
(23, 96, '2022-06-15 07:30:00', 'O staej intensywnoci', 17, 629),
(24, 111, '2022-06-25 07:30:00', 'Crossfit', 41, 630),
(25, 16, '2022-06-14 15:30:00', 'Oporowy', 77, 631),
(548, 77, '2022-06-18 19:30:00', 'Kondycyjny', 16, 632),
(26, 99, '2022-06-24 20:30:00', 'O staej intensywnoci', 83, 633),
(27, 11, '2022-06-21 07:30:00', 'Pilates', 84, 634),
(28, 35, '2022-06-23 11:30:00', 'Full Body Workout', 13, 635),
(149, 85, '2022-06-17 20:30:00', 'Oporowy', 94, 636),
(29, 14, '2022-06-19 14:30:00', 'Crossfit', 69, 637),
(549, 24, '2022-06-15 17:30:00', 'Kondycyjny', 31, 638),
(30, 76, '2022-06-14 06:30:00', 'Full Body Workout', 33, 639),
(150, 74, '2022-06-16 13:30:00', 'Pilates', 59, 640),
(151, 60, '2022-06-14 16:30:00', 'Crossfit', 24, 641),
(31, 38, '2022-06-18 17:30:00', 'Funkcjonalny', 89, 642),
(152, 113, '2022-06-16 20:30:00', 'Crossfit', 6, 643),
(153, 107, '2022-06-14 10:30:00', 'Obwodowy', 15, 644),
(170, 79, '2022-06-16 08:30:00', 'Wytrzymaociowy', 43, 645),
(32, 97, '2022-06-23 16:30:00', 'Wytrzymaociowy', 46, 646),
(154, 24, '2022-06-15 10:30:00', 'Relaksacyjny', 31, 647),
(171, 115, '2022-06-17 10:30:00', 'Relaksacyjny', 43, 648),
(33, 91, '2022-06-21 13:30:00', 'Interwaowy', 67, 649),
(172, 66, '2022-06-18 13:30:00', 'Pilates', 85, 650),
(34, 26, '2022-06-14 20:30:00', 'Kondycyjny', 41, 651),
(35, 105, '2022-06-25 07:30:00', 'Full Body Workout', 4, 652),
(36, 97, '2022-06-21 07:30:00', 'O staej intensywnoci', 46, 653),
(37, 74, '2022-06-22 12:30:00', 'O staej intensywnoci', 59, 654),
(38, 49, '2022-06-23 07:30:00', 'Relaksacyjny', 16, 655),
(39, 10, '2022-06-22 14:30:00', 'Relaksacyjny', 93, 656),
(174, 89, '2022-06-14 10:30:00', 'Crossfit', 30, 657),
(40, 58, '2022-06-09 15:30:00', 'Funkcjonalny', 94, 658),
(155, 98, '2022-06-17 11:30:00', 'Split', 95, 659),
(41, 14, '2022-06-24 20:30:00', 'Core', 69, 660),
(175, 37, '2022-06-17 20:30:00', 'Full Body Workout', 14, 661),
(42, 48, '2022-06-25 17:30:00', 'Split', 75, 662),
(156, 55, '2022-06-17 07:30:00', 'Split', 66, 663),
(176, 98, '2022-06-14 17:30:00', 'Funkcjonalny', 95, 664),
(157, 4, '2022-06-18 18:30:00', 'Oporowy', 64, 665),
(43, 19, '2022-06-20 15:30:00', 'Wytrzymaociowy', 22, 666),
(177, 69, '2022-06-25 12:30:00', 'Oporowy', 91, 667),
(158, 95, '2022-06-15 11:30:00', 'Funkcjonalny', 2, 668),
(178, 58, '2022-06-21 14:30:00', 'Kondycyjny', 94, 669),
(159, 79, '2022-06-24 09:30:00', 'Obwodowy', 43, 670),
(179, 45, '2022-06-24 14:30:00', 'Relaksacyjny', 86, 671),
(160, 108, '2022-06-18 12:30:00', 'Funkcjonalny', 53, 672),
(180, 82, '2022-06-21 16:30:00', 'Oporowy', 38, 673),
(161, 31, '2022-06-25 15:30:00', 'Interwaowy', 46, 674),
(173, 7, '2022-06-14 08:30:00', 'Wytrzymaociowy', 38, 675),
(181, 8, '2022-06-25 07:30:00', 'Split', 83, 676),
(162, 55, '2022-06-17 16:30:00', 'Funkcjonalny', 66, 677),
(174, 89, '2022-06-20 15:30:00', 'Relaksacyjny', 30, 678),
(163, 26, '2022-06-22 10:30:00', 'Full Body Workout', 41, 679),
(175, 37, '2022-06-14 19:30:00', 'Interwaowy', 14, 680),
(182, 37, '2022-06-16 13:30:00', 'Wytrzymaociowy', 14, 681),
(164, 61, '2022-06-24 20:30:00', 'Funkcjonalny', 37, 682),
(176, 98, '2022-06-21 10:30:00', 'Kondycyjny', 95, 683),
(183, 33, '2022-06-23 10:30:00', 'Wytrzymaociowy', 37, 684),
(165, 97, '2022-06-16 06:30:00', 'Core', 46, 685),
(177, 69, '2022-06-24 07:30:00', 'Crossfit', 91, 686),
(184, 120, '2022-06-15 15:30:00', 'Obwodowy', 62, 687),
(166, 15, '2022-06-14 16:30:00', 'Crossfit', 77, 688),
(44, 18, '2022-06-21 13:30:00', 'Wytrzymaociowy', 39, 689),
(178, 58, '2022-06-21 06:30:00', 'Core', 94, 690),
(185, 74, '2022-06-23 08:30:00', 'Core', 59, 691),
(167, 84, '2022-06-19 19:30:00', 'Pilates', 44, 692),
(45, 20, '2022-06-20 06:30:00', 'Core', 24, 693),
(186, 54, '2022-06-19 16:30:00', 'Split', 58, 694),
(179, 45, '2022-06-23 07:30:00', 'Crossfit', 86, 695),
(168, 66, '2022-06-16 14:30:00', 'Core', 85, 696),
(46, 82, '2022-06-14 06:30:00', 'Crossfit', 38, 697),
(180, 82, '2022-06-14 19:30:00', 'Obwodowy', 38, 698),
(47, 114, '2022-06-20 08:30:00', 'Pilates', 61, 699),
(187, 59, '2022-06-16 11:30:00', 'Obwodowy', 59, 700),
(181, 8, '2022-06-17 16:30:00', 'Funkcjonalny', 83, 701),
(48, 22, '2022-06-25 13:30:00', 'Wytrzymaociowy', 50, 702),
(188, 0, '2022-06-15 07:30:00', 'Obwodowy', 82, 703),
(169, 26, '2022-06-14 15:30:00', 'Full Body Workout', 41, 704),
(182, 37, '2022-06-24 16:30:00', 'Full Body Workout', 14, 705),
(170, 79, '2022-06-19 16:30:00', 'Split', 43, 706),
(183, 33, '2022-06-16 06:30:00', 'Obwodowy', 37, 707),
(189, 77, '2022-06-22 12:30:00', 'Full Body Workout', 16, 708),
(171, 115, '2022-06-25 08:30:00', 'Interwaowy', 43, 709),
(184, 120, '2022-06-15 15:30:00', 'Crossfit', 62, 710),
(190, 95, '2022-06-23 15:30:00', 'Obwodowy', 2, 711),
(185, 74, '2022-06-22 20:30:00', 'Full Body Workout', 59, 712),
(191, 120, '2022-06-20 20:30:00', 'Oporowy', 62, 713),
(172, 66, '2022-06-19 08:30:00', 'Wytrzymaociowy', 85, 714),
(186, 54, '2022-06-19 20:30:00', 'Core', 58, 715),
(192, 39, '2022-06-25 17:30:00', 'Full Body Workout', 36, 716),
(173, 7, '2022-06-22 19:30:00', 'Full Body Workout', 38, 717),
(187, 59, '2022-06-25 11:30:00', 'Oporowy', 59, 718),
(193, 77, '2022-06-21 14:30:00', 'Interwaowy', 16, 719),
(174, 89, '2022-06-21 10:30:00', 'Funkcjonalny', 30, 720),
(188, 0, '2022-06-24 10:30:00', 'O staej intensywnoci', 82, 721),
(194, 62, '2022-06-19 08:30:00', 'Kondycyjny', 48, 722),
(175, 37, '2022-06-24 14:30:00', 'Relaksacyjny', 14, 723),
(189, 77, '2022-06-22 17:30:00', 'Full Body Workout', 16, 724),
(190, 95, '2022-06-21 16:30:00', 'Split', 2, 725),
(176, 98, '2022-06-22 20:30:00', 'Pilates', 95, 726),
(177, 69, '2022-06-21 17:30:00', 'Obwodowy', 91, 727),
(178, 58, '2022-06-20 10:30:00', 'Full Body Workout', 94, 728),
(195, 5, '2022-06-20 12:30:00', 'Pilates', 65, 729),
(191, 120, '2022-06-14 15:30:00', 'Wytrzymaociowy', 62, 730),
(179, 45, '2022-06-17 10:30:00', 'Interwaowy', 86, 731),
(192, 39, '2022-06-18 09:30:00', 'O staej intensywnoci', 36, 732),
(180, 82, '2022-06-19 07:30:00', 'Full Body Workout', 38, 733),
(193, 77, '2022-06-16 16:30:00', 'Funkcjonalny', 16, 734),
(181, 8, '2022-06-18 17:30:00', 'Crossfit', 83, 735),
(194, 62, '2022-06-14 11:30:00', 'O staej intensywnoci', 48, 736),
(196, 108, '2022-06-21 13:30:00', 'Oporowy', 53, 737),
(182, 37, '2022-06-17 19:30:00', 'Pilates', 14, 738),
(195, 5, '2022-06-21 12:30:00', 'Oporowy', 65, 739),
(197, 24, '2022-06-21 14:30:00', 'Crossfit', 31, 740),
(183, 33, '2022-06-21 20:30:00', 'Interwaowy', 37, 741),
(196, 108, '2022-06-24 11:30:00', 'Kondycyjny', 53, 742),
(184, 120, '2022-06-24 18:30:00', 'Pilates', 62, 743),
(198, 68, '2022-06-19 20:30:00', 'Funkcjonalny', 15, 744),
(197, 24, '2022-06-23 16:30:00', 'Crossfit', 31, 745),
(185, 74, '2022-06-23 06:30:00', 'Kondycyjny', 59, 746),
(198, 68, '2022-06-25 18:30:00', 'Pilates', 15, 747),
(199, 90, '2022-06-18 10:30:00', 'Obwodowy', 54, 748),
(199, 90, '2022-06-18 16:30:00', 'O staej intensywnoci', 54, 749),
(200, 20, '2022-06-16 10:30:00', 'Core', 24, 750),
(200, 20, '2022-06-18 19:30:00', 'Crossfit', 24, 751),
(186, 54, '2022-06-18 18:30:00', 'Oporowy', 58, 752),
(187, 59, '2022-06-15 16:30:00', 'Kondycyjny', 59, 753),
(201, 27, '2022-06-15 07:30:00', 'Core', 94, 754),
(202, 4, '2022-06-25 06:30:00', 'Crossfit', 64, 755),
(188, 0, '2022-06-24 08:30:00', 'Funkcjonalny', 82, 756),
(201, 27, '2022-06-15 15:30:00', 'Core', 94, 757),
(189, 77, '2022-06-16 19:30:00', 'Obwodowy', 16, 758),
(203, 88, '2022-06-17 20:30:00', 'Kondycyjny', 41, 759),
(202, 4, '2022-06-17 06:30:00', 'Interwaowy', 64, 760),
(190, 95, '2022-06-23 16:30:00', 'Pilates', 2, 761),
(203, 88, '2022-06-17 13:30:00', 'Crossfit', 41, 762),
(191, 120, '2022-06-15 10:30:00', 'Oporowy', 62, 763),
(204, 46, '2022-06-15 17:30:00', 'Interwaowy', 40, 764),
(192, 39, '2022-06-25 14:30:00', 'Pilates', 36, 765),
(193, 77, '2022-06-15 14:30:00', 'Relaksacyjny', 16, 766),
(205, 55, '2022-06-17 19:30:00', 'Oporowy', 66, 767),
(194, 62, '2022-06-20 13:30:00', 'Funkcjonalny', 48, 768),
(206, 22, '2022-06-25 06:30:00', 'Split', 50, 769),
(204, 46, '2022-06-20 07:30:00', 'Interwaowy', 40, 770),
(195, 5, '2022-06-20 09:30:00', 'Kondycyjny', 65, 771),
(207, 54, '2022-06-25 07:30:00', 'O staej intensywnoci', 58, 772),
(205, 55, '2022-06-18 10:30:00', 'Oporowy', 66, 773),
(196, 108, '2022-06-22 12:30:00', 'Core', 53, 774),
(208, 114, '2022-06-22 08:30:00', 'Obwodowy', 61, 775),
(197, 24, '2022-06-14 17:30:00', 'Kondycyjny', 31, 776),
(206, 22, '2022-06-24 18:30:00', 'Split', 50, 777),
(209, 101, '2022-06-18 14:30:00', 'Crossfit', 54, 778),
(198, 68, '2022-06-20 19:30:00', 'Crossfit', 15, 779),
(210, 13, '2022-06-16 07:30:00', 'Oporowy', 62, 780),
(199, 90, '2022-06-16 12:30:00', 'Split', 54, 781),
(207, 54, '2022-06-21 10:30:00', 'Obwodowy', 58, 782),
(211, 20, '2022-06-22 19:30:00', 'Oporowy', 24, 783),
(208, 114, '2022-06-14 07:30:00', 'O staej intensywnoci', 61, 784),
(212, 75, '2022-06-17 07:30:00', 'Funkcjonalny', 8, 785),
(200, 20, '2022-06-24 07:30:00', 'Core', 24, 786),
(209, 101, '2022-06-17 15:30:00', 'O staej intensywnoci', 54, 787),
(210, 13, '2022-06-21 06:30:00', 'Relaksacyjny', 62, 788),
(211, 20, '2022-06-20 19:30:00', 'Kondycyjny', 24, 789),
(201, 27, '2022-06-20 15:30:00', 'Obwodowy', 94, 790),
(212, 75, '2022-06-21 16:30:00', 'O staej intensywnoci', 8, 791),
(202, 4, '2022-06-17 13:30:00', 'Full Body Workout', 64, 792),
(213, 110, '2022-06-19 20:30:00', 'O staej intensywnoci', 85, 793),
(214, 41, '2022-06-24 15:30:00', 'Interwaowy', 87, 794),
(203, 88, '2022-06-16 06:30:00', 'Wytrzymaociowy', 41, 795),
(204, 46, '2022-06-24 11:30:00', 'Interwaowy', 40, 796),
(215, 95, '2022-06-20 20:30:00', 'Funkcjonalny', 2, 797),
(205, 55, '2022-06-17 13:30:00', 'Relaksacyjny', 66, 798),
(216, 120, '2022-06-21 19:30:00', 'Crossfit', 62, 799),
(206, 22, '2022-06-19 14:30:00', 'Obwodowy', 50, 800),
(217, 26, '2022-06-25 08:30:00', 'Full Body Workout', 41, 801),
(213, 110, '2022-06-19 19:30:00', 'Interwaowy', 85, 802),
(218, 57, '2022-06-18 20:30:00', 'Full Body Workout', 31, 803),
(207, 54, '2022-06-23 10:30:00', 'Oporowy', 58, 804),
(214, 41, '2022-06-14 08:30:00', 'Kondycyjny', 87, 805),
(219, 116, '2022-06-20 13:30:00', 'Pilates', 69, 806),
(208, 114, '2022-06-14 18:30:00', 'Wytrzymaociowy', 61, 807),
(215, 95, '2022-06-15 15:30:00', 'Core', 2, 808),
(216, 120, '2022-06-16 12:30:00', 'Interwaowy', 62, 809),
(209, 101, '2022-06-24 17:30:00', 'Funkcjonalny', 54, 810),
(217, 26, '2022-06-24 12:30:00', 'Oporowy', 41, 811),
(218, 57, '2022-06-24 16:30:00', 'Obwodowy', 31, 812),
(210, 13, '2022-06-18 20:30:00', 'O staej intensywnoci', 62, 813),
(220, 69, '2022-06-24 11:30:00', 'Funkcjonalny', 91, 814),
(219, 116, '2022-06-18 16:30:00', 'Relaksacyjny', 69, 815),
(211, 20, '2022-06-24 09:30:00', 'Oporowy', 24, 816),
(221, 101, '2022-06-18 09:30:00', 'Funkcjonalny', 54, 817),
(212, 75, '2022-06-18 14:30:00', 'Relaksacyjny', 8, 818),
(222, 76, '2022-06-22 06:30:00', 'Pilates', 33, 819),
(213, 110, '2022-06-18 16:30:00', 'Interwaowy', 85, 820),
(223, 59, '2022-06-17 15:30:00', 'Pilates', 59, 821),
(224, 82, '2022-06-17 09:30:00', 'Interwaowy', 38, 822),
(214, 41, '2022-06-18 20:30:00', 'Funkcjonalny', 87, 823),
(225, 54, '2022-06-18 15:30:00', 'Split', 58, 824),
(215, 95, '2022-06-23 09:30:00', 'Funkcjonalny', 2, 825),
(220, 69, '2022-06-25 16:30:00', 'Obwodowy', 91, 826),
(226, 109, '2022-06-20 18:30:00', 'Interwaowy', 73, 827),
(216, 120, '2022-06-21 12:30:00', 'Kondycyjny', 62, 828),
(221, 101, '2022-06-20 13:30:00', 'Interwaowy', 54, 829),
(227, 61, '2022-06-18 08:30:00', 'Core', 37, 830),
(217, 26, '2022-06-18 08:30:00', 'Relaksacyjny', 41, 831),
(222, 76, '2022-06-19 10:30:00', 'Full Body Workout', 33, 832),
(218, 57, '2022-06-22 13:30:00', 'Kondycyjny', 31, 833),
(223, 59, '2022-06-20 07:30:00', 'Interwaowy', 59, 834),
(228, 19, '2022-06-25 15:30:00', 'O staej intensywnoci', 22, 835),
(224, 82, '2022-06-14 18:30:00', 'Oporowy', 38, 836),
(229, 66, '2022-06-24 09:30:00', 'O staej intensywnoci', 85, 837),
(225, 54, '2022-06-18 09:30:00', 'Relaksacyjny', 58, 838),
(219, 116, '2022-06-20 13:30:00', 'O staej intensywnoci', 69, 839),
(226, 109, '2022-06-16 11:30:00', 'Funkcjonalny', 73, 840),
(220, 69, '2022-06-15 16:30:00', 'Kondycyjny', 91, 841),
(227, 61, '2022-06-14 16:30:00', 'Split', 37, 842),
(221, 101, '2022-06-22 12:30:00', 'Obwodowy', 54, 843),
(228, 19, '2022-06-21 14:30:00', 'Crossfit', 22, 844),
(49, 34, '2022-06-15 08:30:00', 'Relaksacyjny', 83, 845),
(222, 76, '2022-06-23 14:30:00', 'Interwaowy', 33, 846),
(229, 66, '2022-06-14 18:30:00', 'Obwodowy', 85, 847),
(230, 67, '2022-06-16 14:30:00', 'Split', 68, 848),
(50, 77, '2022-06-15 18:30:00', 'Interwaowy', 16, 849),
(223, 59, '2022-06-22 19:30:00', 'O staej intensywnoci', 59, 850),
(231, 60, '2022-06-24 12:30:00', 'Funkcjonalny', 24, 851),
(224, 82, '2022-06-24 10:30:00', 'Funkcjonalny', 38, 852),
(51, 7, '2022-06-15 06:30:00', 'Wytrzymaociowy', 38, 853),
(225, 54, '2022-06-14 12:30:00', 'Oporowy', 58, 854),
(232, 18, '2022-06-22 17:30:00', 'Interwaowy', 39, 855),
(52, 33, '2022-06-14 16:30:00', 'Split', 37, 856),
(226, 109, '2022-06-15 08:30:00', 'Wytrzymaociowy', 73, 857),
(233, 71, '2022-06-19 08:30:00', 'Core', 28, 858),
(227, 61, '2022-06-15 06:30:00', 'Crossfit', 37, 859),
(234, 71, '2022-06-19 18:30:00', 'Relaksacyjny', 28, 860),
(53, 40, '2022-06-18 15:30:00', 'Obwodowy', 25, 861),
(228, 19, '2022-06-14 11:30:00', 'Pilates', 22, 862),
(54, 75, '2022-06-17 07:30:00', 'Interwaowy', 8, 863),
(235, 72, '2022-06-17 12:30:00', 'Wytrzymaociowy', 55, 864),
(229, 66, '2022-06-25 16:30:00', 'O staej intensywnoci', 85, 865),
(55, 51, '2022-06-22 14:30:00', 'Obwodowy', 48, 866),
(230, 67, '2022-06-17 19:30:00', 'Full Body Workout', 68, 867),
(236, 73, '2022-06-25 17:30:00', 'Oporowy', 47, 868),
(56, 19, '2022-06-23 18:30:00', 'Split', 22, 869),
(57, 74, '2022-06-15 20:30:00', 'Core', 59, 870),
(237, 110, '2022-06-25 12:30:00', 'Pilates', 85, 871),
(58, 81, '2022-06-17 18:30:00', 'Relaksacyjny', 42, 872),
(231, 60, '2022-06-23 11:30:00', 'Split', 24, 873),
(59, 80, '2022-06-25 19:30:00', 'Split', 90, 874),
(238, 89, '2022-06-16 13:30:00', 'O staej intensywnoci', 30, 875),
(232, 18, '2022-06-25 16:30:00', 'Kondycyjny', 39, 876),
(60, 67, '2022-06-19 20:30:00', 'Wytrzymaociowy', 68, 877),
(239, 7, '2022-06-20 11:30:00', 'Split', 38, 878),
(233, 71, '2022-06-18 19:30:00', 'Crossfit', 28, 879),
(61, 79, '2022-06-21 11:30:00', 'Split', 43, 880),
(240, 84, '2022-06-17 07:30:00', 'Core', 44, 881),
(234, 71, '2022-06-24 17:30:00', 'Crossfit', 28, 882),
(62, 84, '2022-06-16 07:30:00', 'Interwaowy', 44, 883),
(241, 2, '2022-06-23 16:30:00', 'Funkcjonalny', 22, 884),
(230, 67, '2022-06-17 13:30:00', 'Core', 68, 885),
(63, 62, '2022-06-19 13:30:00', 'Crossfit', 48, 886),
(235, 72, '2022-06-19 20:30:00', 'Interwaowy', 55, 887),
(242, 105, '2022-06-21 19:30:00', 'Kondycyjny', 4, 888),
(231, 60, '2022-06-17 06:30:00', 'Kondycyjny', 24, 889),
(64, 43, '2022-06-16 11:30:00', 'Pilates', 38, 890),
(236, 73, '2022-06-15 20:30:00', 'Crossfit', 47, 891),
(243, 98, '2022-06-15 14:30:00', 'Relaksacyjny', 95, 892),
(232, 18, '2022-06-24 14:30:00', 'Pilates', 39, 893),
(237, 110, '2022-06-23 11:30:00', 'Pilates', 85, 894),
(65, 11, '2022-06-15 12:30:00', 'Interwaowy', 84, 895),
(244, 14, '2022-06-20 13:30:00', 'Crossfit', 69, 896),
(238, 89, '2022-06-16 17:30:00', 'Obwodowy', 30, 897),
(233, 71, '2022-06-14 14:30:00', 'Core', 28, 898),
(66, 28, '2022-06-24 16:30:00', 'Relaksacyjny', 18, 899),
(245, 45, '2022-06-14 06:30:00', 'Obwodowy', 86, 900),
(239, 7, '2022-06-21 14:30:00', 'Kondycyjny', 38, 901),
(234, 71, '2022-06-22 11:30:00', 'Oporowy', 28, 902),
(67, 32, '2022-06-25 11:30:00', 'Interwaowy', 36, 903),
(246, 28, '2022-06-22 17:30:00', 'Funkcjonalny', 18, 904),
(240, 84, '2022-06-14 12:30:00', 'Funkcjonalny', 44, 905);
INSERT INTO `usr_train` (`user_id`, `trainer_id`, `training_date`, `training_descript`, `gym_id`, `training_id`) VALUES
(235, 72, '2022-06-16 09:30:00', 'Core', 55, 906),
(68, 64, '2022-06-23 06:30:00', 'Interwaowy', 20, 907),
(247, 19, '2022-06-18 12:30:00', 'Obwodowy', 22, 908),
(241, 2, '2022-06-14 08:30:00', 'Wytrzymaociowy', 22, 909),
(69, 18, '2022-06-25 09:30:00', 'Split', 39, 910),
(236, 73, '2022-06-24 09:30:00', 'Core', 47, 911),
(248, 7, '2022-06-21 07:30:00', 'Interwaowy', 38, 912),
(70, 37, '2022-06-25 08:30:00', 'Kondycyjny', 14, 913),
(242, 105, '2022-06-14 14:30:00', 'Split', 4, 914),
(237, 110, '2022-06-23 16:30:00', 'Full Body Workout', 85, 915),
(249, 120, '2022-06-20 09:30:00', 'Funkcjonalny', 62, 916),
(243, 98, '2022-06-16 08:30:00', 'Pilates', 95, 917),
(71, 105, '2022-06-17 19:30:00', 'Kondycyjny', 4, 918),
(238, 89, '2022-06-19 15:30:00', 'Oporowy', 30, 919),
(244, 14, '2022-06-19 13:30:00', 'Crossfit', 69, 920),
(72, 100, '2022-06-24 08:30:00', 'Wytrzymaociowy', 16, 921),
(250, 120, '2022-06-22 20:30:00', 'Interwaowy', 62, 922),
(239, 7, '2022-06-20 11:30:00', 'Interwaowy', 38, 923),
(73, 58, '2022-06-25 18:30:00', 'O staej intensywnoci', 94, 924),
(240, 84, '2022-06-14 11:30:00', 'Crossfit', 44, 925),
(74, 93, '2022-06-19 16:30:00', 'Funkcjonalny', 61, 926),
(241, 2, '2022-06-23 11:30:00', 'Obwodowy', 22, 927),
(75, 103, '2022-06-20 17:30:00', 'Oporowy', 12, 928),
(242, 105, '2022-06-17 17:30:00', 'Oporowy', 4, 929),
(243, 98, '2022-06-19 17:30:00', 'Interwaowy', 95, 930),
(245, 45, '2022-06-15 11:30:00', 'Full Body Workout', 86, 931),
(244, 14, '2022-06-23 19:30:00', 'O staej intensywnoci', 69, 932),
(76, 102, '2022-06-22 11:30:00', 'Split', 89, 933),
(246, 28, '2022-06-16 07:30:00', 'Funkcjonalny', 18, 934),
(245, 45, '2022-06-16 15:30:00', 'Wytrzymaociowy', 86, 935),
(251, 32, '2022-06-16 14:30:00', 'Oporowy', 36, 936),
(247, 19, '2022-06-18 15:30:00', 'Kondycyjny', 22, 937),
(246, 28, '2022-06-21 12:30:00', 'Full Body Workout', 18, 938),
(252, 117, '2022-06-17 13:30:00', 'Full Body Workout', 5, 939),
(248, 7, '2022-06-24 13:30:00', 'Kondycyjny', 38, 940),
(247, 19, '2022-06-14 06:30:00', 'Full Body Workout', 22, 941),
(249, 120, '2022-06-24 07:30:00', 'Pilates', 62, 942),
(253, 31, '2022-06-20 07:30:00', 'Wytrzymaociowy', 46, 943),
(250, 120, '2022-06-23 06:30:00', 'O staej intensywnoci', 62, 944),
(254, 119, '2022-06-17 06:30:00', 'Relaksacyjny', 57, 945),
(251, 32, '2022-06-14 16:30:00', 'Funkcjonalny', 36, 946),
(255, 16, '2022-06-16 07:30:00', 'Full Body Workout', 77, 947),
(248, 7, '2022-06-19 17:30:00', 'Pilates', 38, 948),
(252, 117, '2022-06-17 11:30:00', 'Interwaowy', 5, 949),
(249, 120, '2022-06-17 18:30:00', 'Obwodowy', 62, 950),
(256, 3, '2022-06-18 20:30:00', 'Obwodowy', 79, 951),
(257, 10, '2022-06-14 16:30:00', 'Crossfit', 93, 952),
(250, 120, '2022-06-21 10:30:00', 'Kondycyjny', 62, 953),
(258, 77, '2022-06-16 08:30:00', 'O staej intensywnoci', 16, 954),
(251, 32, '2022-06-19 13:30:00', 'Obwodowy', 36, 955),
(259, 66, '2022-06-14 18:30:00', 'Wytrzymaociowy', 85, 956),
(252, 117, '2022-06-25 13:30:00', 'Core', 5, 957),
(253, 31, '2022-06-24 11:30:00', 'Full Body Workout', 46, 958),
(253, 31, '2022-06-20 15:30:00', 'Relaksacyjny', 46, 959),
(260, 67, '2022-06-17 11:30:00', 'Full Body Workout', 68, 960),
(254, 119, '2022-06-15 12:30:00', 'Full Body Workout', 57, 961),
(77, 71, '2022-06-21 17:30:00', 'Pilates', 28, 962),
(254, 119, '2022-06-16 07:30:00', 'Crossfit', 57, 963),
(261, 73, '2022-06-24 19:30:00', 'O staej intensywnoci', 47, 964),
(255, 16, '2022-06-20 10:30:00', 'Interwaowy', 77, 965),
(78, 95, '2022-06-14 10:30:00', 'Wytrzymaociowy', 2, 966),
(255, 16, '2022-06-15 17:30:00', 'Oporowy', 77, 967),
(256, 3, '2022-06-24 08:30:00', 'Full Body Workout', 79, 968),
(256, 3, '2022-06-21 20:30:00', 'Obwodowy', 79, 969),
(79, 81, '2022-06-18 12:30:00', 'Crossfit', 42, 970),
(257, 10, '2022-06-19 19:30:00', 'Pilates', 93, 971),
(257, 10, '2022-06-16 20:30:00', 'Interwaowy', 93, 972),
(80, 80, '2022-06-20 09:30:00', 'Kondycyjny', 90, 973),
(258, 77, '2022-06-15 08:30:00', 'Pilates', 16, 974),
(258, 77, '2022-06-14 11:30:00', 'O staej intensywnoci', 16, 975),
(259, 66, '2022-06-18 07:30:00', 'Wytrzymaociowy', 85, 976),
(81, 101, '2022-06-19 07:30:00', 'Crossfit', 54, 977),
(259, 66, '2022-06-17 20:30:00', 'Crossfit', 85, 978),
(82, 69, '2022-06-17 17:30:00', 'O staej intensywnoci', 91, 979),
(83, 73, '2022-06-24 19:30:00', 'O staej intensywnoci', 47, 980),
(260, 67, '2022-06-16 17:30:00', 'Pilates', 68, 981),
(262, 109, '2022-06-24 18:30:00', 'Crossfit', 73, 982),
(84, 67, '2022-06-16 12:30:00', 'Core', 68, 983),
(261, 73, '2022-06-19 13:30:00', 'Crossfit', 47, 984),
(263, 117, '2022-06-20 11:30:00', 'Interwaowy', 5, 985),
(85, 59, '2022-06-18 12:30:00', 'O staej intensywnoci', 59, 986),
(86, 78, '2022-06-25 15:30:00', 'Kondycyjny', 45, 987),
(264, 120, '2022-06-20 11:30:00', 'Pilates', 62, 988),
(262, 109, '2022-06-16 14:30:00', 'Interwaowy', 73, 989),
(87, 34, '2022-06-25 19:30:00', 'Obwodowy', 83, 990),
(265, 7, '2022-06-14 10:30:00', 'Crossfit', 38, 991),
(263, 117, '2022-06-15 06:30:00', 'Full Body Workout', 5, 992),
(88, 79, '2022-06-16 20:30:00', 'Pilates', 43, 993),
(266, 101, '2022-06-16 15:30:00', 'Interwaowy', 54, 994),
(89, 15, '2022-06-24 12:30:00', 'Pilates', 77, 995),
(260, 67, '2022-06-22 14:30:00', 'Wytrzymaociowy', 68, 996),
(267, 24, '2022-06-17 17:30:00', 'Kondycyjny', 31, 997),
(90, 113, '2022-06-22 18:30:00', 'Relaksacyjny', 6, 998),
(268, 101, '2022-06-23 06:30:00', 'Kondycyjny', 54, 999),
(261, 73, '2022-06-14 11:30:00', 'Core', 47, 1000),
(91, 4, '2022-06-16 07:30:00', 'Relaksacyjny', 64, 1001),
(262, 109, '2022-06-15 08:30:00', 'Full Body Workout', 73, 1002),
(92, 104, '2022-06-14 08:30:00', 'Pilates', 41, 1003),
(269, 72, '2022-06-15 18:30:00', 'Interwaowy', 55, 1004),
(263, 117, '2022-06-22 18:30:00', 'Crossfit', 5, 1005),
(270, 36, '2022-06-14 18:30:00', 'Wytrzymaociowy', 56, 1006),
(93, 118, '2022-06-15 07:30:00', 'Wytrzymaociowy', 75, 1007),
(264, 120, '2022-06-18 20:30:00', 'Obwodowy', 62, 1008),
(271, 23, '2022-06-17 19:30:00', 'Kondycyjny', 86, 1009),
(94, 74, '2022-06-24 18:30:00', 'Obwodowy', 59, 1010),
(265, 7, '2022-06-16 14:30:00', 'Wytrzymaociowy', 38, 1011),
(272, 111, '2022-06-20 07:30:00', 'Crossfit', 41, 1012),
(95, 22, '2022-06-19 14:30:00', 'Split', 50, 1013),
(266, 101, '2022-06-19 11:30:00', 'Pilates', 54, 1014),
(273, 81, '2022-06-18 14:30:00', 'Crossfit', 42, 1015),
(267, 24, '2022-06-24 06:30:00', 'Pilates', 31, 1016),
(96, 115, '2022-06-19 16:30:00', 'Funkcjonalny', 43, 1017),
(274, 20, '2022-06-16 07:30:00', 'O staej intensywnoci', 24, 1018),
(268, 101, '2022-06-23 20:30:00', 'Relaksacyjny', 54, 1019),
(97, 27, '2022-06-23 13:30:00', 'Crossfit', 94, 1020),
(269, 72, '2022-06-14 20:30:00', 'Obwodowy', 55, 1021),
(270, 36, '2022-06-25 13:30:00', 'Oporowy', 56, 1022),
(275, 78, '2022-06-23 16:30:00', 'Obwodowy', 45, 1023),
(271, 23, '2022-06-23 10:30:00', 'Full Body Workout', 86, 1024),
(98, 36, '2022-06-25 14:30:00', 'Funkcjonalny', 56, 1025),
(272, 111, '2022-06-15 10:30:00', 'Core', 41, 1026),
(276, 1, '2022-06-22 08:30:00', 'Kondycyjny', 67, 1027),
(99, 92, '2022-06-18 06:30:00', 'Pilates', 68, 1028),
(273, 81, '2022-06-19 07:30:00', 'Oporowy', 42, 1029),
(100, 115, '2022-06-24 14:30:00', 'Full Body Workout', 43, 1030),
(277, 28, '2022-06-19 07:30:00', 'Wytrzymaociowy', 18, 1031),
(274, 20, '2022-06-23 16:30:00', 'Full Body Workout', 24, 1032),
(101, 11, '2022-06-19 13:30:00', 'Kondycyjny', 84, 1033),
(278, 70, '2022-06-15 15:30:00', 'Interwaowy', 73, 1034),
(275, 78, '2022-06-19 16:30:00', 'Interwaowy', 45, 1035),
(102, 40, '2022-06-25 10:30:00', 'Wytrzymaociowy', 25, 1036),
(279, 40, '2022-06-15 17:30:00', 'Wytrzymaociowy', 25, 1037),
(276, 1, '2022-06-16 06:30:00', 'Wytrzymaociowy', 67, 1038),
(103, 95, '2022-06-17 16:30:00', 'Relaksacyjny', 2, 1039),
(104, 83, '2022-06-21 17:30:00', 'Full Body Workout', 8, 1040),
(277, 28, '2022-06-23 12:30:00', 'Wytrzymaociowy', 18, 1041),
(280, 54, '2022-06-24 06:30:00', 'Core', 58, 1042),
(278, 70, '2022-06-14 14:30:00', 'Split', 73, 1043),
(279, 40, '2022-06-25 07:30:00', 'Crossfit', 25, 1044),
(281, 100, '2022-06-23 18:30:00', 'Obwodowy', 16, 1045),
(280, 54, '2022-06-16 12:30:00', 'Kondycyjny', 58, 1046),
(282, 74, '2022-06-18 16:30:00', 'Relaksacyjny', 59, 1047),
(281, 100, '2022-06-17 14:30:00', 'Split', 16, 1048),
(282, 74, '2022-06-25 10:30:00', 'Full Body Workout', 59, 1049),
(283, 71, '2022-06-25 08:30:00', 'Split', 28, 1050),
(283, 71, '2022-06-24 14:30:00', 'Obwodowy', 28, 1051),
(284, 53, '2022-06-24 18:30:00', 'Relaksacyjny', 16, 1052),
(284, 53, '2022-06-24 15:30:00', 'Core', 16, 1053),
(285, 77, '2022-06-18 06:30:00', 'Wytrzymaociowy', 16, 1054),
(286, 68, '2022-06-17 07:30:00', 'Crossfit', 15, 1055),
(285, 77, '2022-06-24 14:30:00', 'Oporowy', 16, 1056),
(287, 3, '2022-06-25 08:30:00', 'Obwodowy', 79, 1057),
(105, 106, '2022-06-21 10:30:00', 'O staej intensywnoci', 48, 1058),
(286, 68, '2022-06-15 11:30:00', 'Full Body Workout', 15, 1059),
(288, 44, '2022-06-19 08:30:00', 'Crossfit', 17, 1060),
(106, 89, '2022-06-24 08:30:00', 'O staej intensywnoci', 30, 1061),
(287, 3, '2022-06-22 08:30:00', 'Obwodowy', 79, 1062),
(289, 23, '2022-06-22 07:30:00', 'Wytrzymaociowy', 86, 1063),
(107, 17, '2022-06-14 16:30:00', 'Pilates', 91, 1064),
(288, 44, '2022-06-20 18:30:00', 'Kondycyjny', 17, 1065),
(290, 34, '2022-06-24 10:30:00', 'O staej intensywnoci', 83, 1066),
(108, 70, '2022-06-24 13:30:00', 'Full Body Workout', 73, 1067),
(289, 23, '2022-06-19 20:30:00', 'Split', 86, 1068),
(291, 40, '2022-06-18 06:30:00', 'Relaksacyjny', 25, 1069),
(109, 74, '2022-06-25 14:30:00', 'Relaksacyjny', 59, 1070),
(292, 117, '2022-06-15 10:30:00', 'Core', 5, 1071),
(290, 34, '2022-06-18 14:30:00', 'Relaksacyjny', 83, 1072),
(110, 77, '2022-06-19 12:30:00', 'Full Body Workout', 16, 1073),
(293, 23, '2022-06-15 09:30:00', 'Split', 86, 1074),
(291, 40, '2022-06-14 16:30:00', 'Core', 25, 1075),
(111, 42, '2022-06-15 07:30:00', 'Crossfit', 25, 1076),
(292, 117, '2022-06-14 14:30:00', 'Funkcjonalny', 5, 1077),
(112, 31, '2022-06-21 20:30:00', 'Relaksacyjny', 46, 1078),
(294, 24, '2022-06-14 20:30:00', 'Core', 31, 1079),
(293, 23, '2022-06-21 15:30:00', 'Pilates', 86, 1080),
(113, 77, '2022-06-24 07:30:00', 'Full Body Workout', 16, 1081),
(295, 91, '2022-06-18 13:30:00', 'Kondycyjny', 67, 1082),
(294, 24, '2022-06-15 17:30:00', 'Funkcjonalny', 31, 1083),
(114, 57, '2022-06-22 15:30:00', 'Oporowy', 31, 1084),
(296, 8, '2022-06-17 09:30:00', 'O staej intensywnoci', 83, 1085),
(115, 24, '2022-06-16 09:30:00', 'Split', 31, 1086),
(297, 60, '2022-06-14 17:30:00', 'Wytrzymaociowy', 24, 1087),
(298, 64, '2022-06-20 19:30:00', 'O staej intensywnoci', 20, 1088),
(116, 83, '2022-06-22 20:30:00', 'Obwodowy', 8, 1089),
(295, 91, '2022-06-24 12:30:00', 'Full Body Workout', 67, 1090),
(299, 68, '2022-06-20 13:30:00', 'Interwaowy', 15, 1091),
(300, 19, '2022-06-21 08:30:00', 'Interwaowy', 22, 1092),
(117, 86, '2022-06-15 14:30:00', 'Split', 89, 1093),
(296, 8, '2022-06-16 19:30:00', 'Interwaowy', 83, 1094),
(301, 91, '2022-06-24 18:30:00', 'Crossfit', 67, 1095),
(264, 120, '2022-06-18 15:30:00', 'Wytrzymaociowy', 62, 1096),
(118, 91, '2022-06-23 07:30:00', 'Obwodowy', 67, 1097),
(302, 95, '2022-06-16 20:30:00', 'Interwaowy', 2, 1098),
(297, 60, '2022-06-19 18:30:00', 'Relaksacyjny', 24, 1099),
(265, 7, '2022-06-18 12:30:00', 'Crossfit', 38, 1100),
(303, 117, '2022-06-25 14:30:00', 'Split', 5, 1101),
(266, 101, '2022-06-14 07:30:00', 'Wytrzymaociowy', 54, 1102),
(298, 64, '2022-06-23 13:30:00', 'Crossfit', 20, 1103),
(304, 30, '2022-06-25 13:30:00', 'Wytrzymaociowy', 88, 1104),
(267, 24, '2022-06-24 06:30:00', 'Core', 31, 1105),
(299, 68, '2022-06-21 15:30:00', 'Relaksacyjny', 15, 1106),
(300, 19, '2022-06-15 19:30:00', 'Split', 22, 1107),
(268, 101, '2022-06-14 14:30:00', 'Relaksacyjny', 54, 1108),
(301, 91, '2022-06-23 10:30:00', 'Split', 67, 1109),
(269, 72, '2022-06-20 06:30:00', 'Core', 55, 1110),
(302, 95, '2022-06-22 16:30:00', 'Kondycyjny', 2, 1111),
(270, 36, '2022-06-14 18:30:00', 'Kondycyjny', 56, 1112),
(303, 117, '2022-06-25 18:30:00', 'Oporowy', 5, 1113),
(271, 23, '2022-06-18 11:30:00', 'Pilates', 86, 1114),
(304, 30, '2022-06-24 12:30:00', 'Kondycyjny', 88, 1115),
(305, 7, '2022-06-19 11:30:00', 'Interwaowy', 38, 1116),
(272, 111, '2022-06-14 09:30:00', 'Pilates', 41, 1117),
(305, 7, '2022-06-18 13:30:00', 'Obwodowy', 38, 1118),
(306, 74, '2022-06-24 10:30:00', 'Pilates', 59, 1119),
(119, 28, '2022-06-20 16:30:00', 'Obwodowy', 18, 1120),
(273, 81, '2022-06-15 16:30:00', 'Obwodowy', 42, 1121),
(306, 74, '2022-06-22 14:30:00', 'O staej intensywnoci', 59, 1122),
(307, 119, '2022-06-18 13:30:00', 'Wytrzymaociowy', 57, 1123),
(274, 20, '2022-06-18 08:30:00', 'Pilates', 24, 1124),
(120, 75, '2022-06-23 13:30:00', 'Relaksacyjny', 8, 1125),
(275, 78, '2022-06-23 08:30:00', 'Split', 45, 1126),
(308, 81, '2022-06-22 09:30:00', 'Interwaowy', 42, 1127),
(307, 119, '2022-06-22 20:30:00', 'Interwaowy', 57, 1128),
(309, 109, '2022-06-17 20:30:00', 'Kondycyjny', 73, 1129),
(276, 1, '2022-06-25 13:30:00', 'Obwodowy', 67, 1130),
(121, 66, '2022-06-18 10:30:00', 'Kondycyjny', 85, 1131),
(308, 81, '2022-06-14 10:30:00', 'Relaksacyjny', 42, 1132),
(310, 61, '2022-06-23 06:30:00', 'Crossfit', 37, 1133),
(277, 28, '2022-06-25 07:30:00', 'Pilates', 18, 1134),
(122, 56, '2022-06-25 20:30:00', 'Wytrzymaociowy', 35, 1135),
(309, 109, '2022-06-21 12:30:00', 'Wytrzymaociowy', 73, 1136),
(311, 120, '2022-06-17 19:30:00', 'Relaksacyjny', 62, 1137),
(278, 70, '2022-06-14 16:30:00', 'Funkcjonalny', 73, 1138),
(310, 61, '2022-06-19 10:30:00', 'Relaksacyjny', 37, 1139),
(312, 117, '2022-06-17 19:30:00', 'Oporowy', 5, 1140),
(279, 40, '2022-06-15 19:30:00', 'Core', 25, 1141),
(123, 33, '2022-06-21 15:30:00', 'O staej intensywnoci', 37, 1142),
(311, 120, '2022-06-22 16:30:00', 'Crossfit', 62, 1143),
(313, 42, '2022-06-23 13:30:00', 'Split', 25, 1144),
(280, 54, '2022-06-23 16:30:00', 'Crossfit', 58, 1145),
(124, 67, '2022-06-17 06:30:00', 'Obwodowy', 68, 1146),
(312, 117, '2022-06-25 11:30:00', 'Wytrzymaociowy', 5, 1147),
(314, 119, '2022-06-14 17:30:00', 'Full Body Workout', 57, 1148),
(125, 61, '2022-06-22 06:30:00', 'Core', 37, 1149),
(313, 42, '2022-06-23 12:30:00', 'Interwaowy', 25, 1150),
(315, 24, '2022-06-16 16:30:00', 'Obwodowy', 31, 1151),
(126, 109, '2022-06-17 13:30:00', 'Pilates', 73, 1152),
(281, 100, '2022-06-15 11:30:00', 'Full Body Workout', 16, 1153),
(314, 119, '2022-06-25 19:30:00', 'Crossfit', 57, 1154),
(316, 34, '2022-06-18 18:30:00', 'Crossfit', 83, 1155),
(127, 101, '2022-06-17 20:30:00', 'Relaksacyjny', 54, 1156),
(282, 74, '2022-06-16 14:30:00', 'Kondycyjny', 59, 1157),
(315, 24, '2022-06-16 11:30:00', 'Interwaowy', 31, 1158),
(317, 117, '2022-06-25 15:30:00', 'Split', 5, 1159),
(316, 34, '2022-06-19 14:30:00', 'Crossfit', 83, 1160),
(283, 71, '2022-06-17 14:30:00', 'Interwaowy', 28, 1161),
(318, 99, '2022-06-18 08:30:00', 'Crossfit', 83, 1162),
(317, 117, '2022-06-19 16:30:00', 'Oporowy', 5, 1163),
(319, 60, '2022-06-17 06:30:00', 'O staej intensywnoci', 24, 1164),
(318, 99, '2022-06-24 12:30:00', 'Split', 83, 1165),
(320, 96, '2022-06-17 13:30:00', 'Pilates', 17, 1166),
(284, 53, '2022-06-20 19:30:00', 'Funkcjonalny', 16, 1167),
(321, 64, '2022-06-22 15:30:00', 'Pilates', 20, 1168),
(285, 77, '2022-06-19 12:30:00', 'O staej intensywnoci', 16, 1169),
(322, 38, '2022-06-23 07:30:00', 'Interwaowy', 89, 1170),
(128, 95, '2022-06-24 12:30:00', 'Interwaowy', 2, 1171),
(286, 68, '2022-06-17 16:30:00', 'Core', 15, 1172),
(323, 103, '2022-06-21 08:30:00', 'Interwaowy', 12, 1173),
(129, 17, '2022-06-17 15:30:00', 'Kondycyjny', 91, 1174),
(324, 45, '2022-06-15 08:30:00', 'Oporowy', 86, 1175),
(287, 3, '2022-06-21 17:30:00', 'O staej intensywnoci', 79, 1176),
(325, 8, '2022-06-17 09:30:00', 'Interwaowy', 83, 1177),
(288, 44, '2022-06-22 16:30:00', 'Relaksacyjny', 17, 1178),
(326, 91, '2022-06-14 08:30:00', 'Pilates', 67, 1179),
(327, 104, '2022-06-25 09:30:00', 'Crossfit', 41, 1180),
(289, 23, '2022-06-16 20:30:00', 'Crossfit', 86, 1181),
(328, 36, '2022-06-21 06:30:00', 'Core', 56, 1182),
(329, 56, '2022-06-14 08:30:00', 'Split', 35, 1183),
(290, 34, '2022-06-17 17:30:00', 'Kondycyjny', 83, 1184),
(330, 64, '2022-06-16 10:30:00', 'Oporowy', 20, 1185),
(291, 40, '2022-06-24 10:30:00', 'Split', 25, 1186),
(331, 25, '2022-06-19 19:30:00', 'Full Body Workout', 65, 1187),
(292, 117, '2022-06-20 07:30:00', 'Split', 5, 1188),
(332, 82, '2022-06-18 16:30:00', 'Crossfit', 38, 1189),
(333, 54, '2022-06-23 08:30:00', 'Wytrzymaociowy', 58, 1190),
(130, 59, '2022-06-18 09:30:00', 'Funkcjonalny', 59, 1191),
(293, 23, '2022-06-24 19:30:00', 'Wytrzymaociowy', 86, 1192),
(131, 55, '2022-06-25 16:30:00', 'Split', 66, 1193),
(294, 24, '2022-06-16 11:30:00', 'Wytrzymaociowy', 31, 1194),
(132, 32, '2022-06-20 08:30:00', 'Interwaowy', 36, 1195),
(133, 42, '2022-06-20 14:30:00', 'Full Body Workout', 25, 1196),
(134, 73, '2022-06-16 11:30:00', 'Wytrzymaociowy', 47, 1197),
(319, 60, '2022-06-14 17:30:00', 'Obwodowy', 24, 1198),
(295, 91, '2022-06-17 12:30:00', 'Oporowy', 67, 1199),
(135, 104, '2022-06-23 12:30:00', 'Kondycyjny', 41, 1200),
(320, 96, '2022-06-16 12:30:00', 'Crossfit', 17, 1201),
(296, 8, '2022-06-19 14:30:00', 'O staej intensywnoci', 83, 1202),
(136, 114, '2022-06-25 07:30:00', 'Wytrzymaociowy', 61, 1203),
(297, 60, '2022-06-18 11:30:00', 'Obwodowy', 24, 1204),
(334, 112, '2022-06-17 13:30:00', 'Interwaowy', 9, 1205),
(137, 26, '2022-06-25 06:30:00', 'Pilates', 41, 1206),
(298, 64, '2022-06-21 08:30:00', 'Core', 20, 1207),
(335, 110, '2022-06-18 18:30:00', 'Funkcjonalny', 85, 1208),
(138, 56, '2022-06-18 07:30:00', 'Relaksacyjny', 35, 1209),
(299, 68, '2022-06-14 08:30:00', 'Wytrzymaociowy', 15, 1210),
(336, 5, '2022-06-23 18:30:00', 'Wytrzymaociowy', 65, 1211),
(139, 61, '2022-06-22 12:30:00', 'Wytrzymaociowy', 37, 1212),
(300, 19, '2022-06-24 10:30:00', 'Crossfit', 22, 1213),
(140, 58, '2022-06-14 17:30:00', 'Full Body Workout', 94, 1214),
(301, 91, '2022-06-18 14:30:00', 'Pilates', 67, 1215),
(302, 95, '2022-06-17 18:30:00', 'Pilates', 2, 1216),
(141, 19, '2022-06-15 16:30:00', 'O staej intensywnoci', 22, 1217),
(303, 117, '2022-06-16 07:30:00', 'Obwodowy', 5, 1218),
(142, 69, '2022-06-21 14:30:00', 'Wytrzymaociowy', 91, 1219),
(143, 54, '2022-06-18 12:30:00', 'Kondycyjny', 58, 1220),
(321, 64, '2022-06-25 18:30:00', 'Obwodowy', 20, 1221),
(304, 30, '2022-06-20 19:30:00', 'Split', 88, 1222),
(305, 7, '2022-06-16 19:30:00', 'Wytrzymaociowy', 38, 1223),
(322, 38, '2022-06-23 08:30:00', 'Core', 89, 1224),
(306, 74, '2022-06-14 10:30:00', 'Wytrzymaociowy', 59, 1225),
(323, 103, '2022-06-14 17:30:00', 'Kondycyjny', 12, 1226),
(307, 119, '2022-06-15 10:30:00', 'O staej intensywnoci', 57, 1227),
(324, 45, '2022-06-17 19:30:00', 'Wytrzymaociowy', 86, 1228),
(337, 57, '2022-06-16 20:30:00', 'Split', 31, 1229),
(308, 81, '2022-06-16 18:30:00', 'Funkcjonalny', 42, 1230),
(325, 8, '2022-06-18 20:30:00', 'Funkcjonalny', 83, 1231),
(338, 66, '2022-06-17 06:30:00', 'Pilates', 85, 1232),
(309, 109, '2022-06-16 13:30:00', 'Full Body Workout', 73, 1233),
(326, 91, '2022-06-15 16:30:00', 'Interwaowy', 67, 1234),
(339, 4, '2022-06-23 18:30:00', 'Pilates', 64, 1235),
(310, 61, '2022-06-17 20:30:00', 'Split', 37, 1236),
(327, 104, '2022-06-25 18:30:00', 'Interwaowy', 41, 1237),
(434, 23, '2022-06-22 20:30:00', 'Crossfit', 86, 1238),
(340, 14, '2022-06-14 08:30:00', 'Oporowy', 69, 1239),
(311, 120, '2022-06-22 09:30:00', 'Funkcjonalny', 62, 1240),
(435, 14, '2022-06-22 16:30:00', 'Core', 69, 1241),
(312, 117, '2022-06-22 13:30:00', 'Funkcjonalny', 5, 1242),
(313, 42, '2022-06-25 15:30:00', 'Full Body Workout', 25, 1243),
(328, 36, '2022-06-23 06:30:00', 'Interwaowy', 56, 1244),
(329, 56, '2022-06-23 19:30:00', 'Pilates', 35, 1245),
(436, 9, '2022-06-16 12:30:00', 'O staej intensywnoci', 95, 1246),
(437, 96, '2022-06-20 20:30:00', 'Obwodowy', 17, 1247),
(330, 64, '2022-06-15 14:30:00', 'Funkcjonalny', 20, 1248),
(438, 41, '2022-06-14 16:30:00', 'Relaksacyjny', 87, 1249),
(439, 71, '2022-06-25 06:30:00', 'Wytrzymaociowy', 28, 1250),
(331, 25, '2022-06-16 12:30:00', 'Oporowy', 65, 1251),
(314, 119, '2022-06-21 06:30:00', 'Pilates', 57, 1252),
(440, 65, '2022-06-15 15:30:00', 'Full Body Workout', 23, 1253),
(332, 82, '2022-06-18 14:30:00', 'Crossfit', 38, 1254),
(315, 24, '2022-06-24 12:30:00', 'Full Body Workout', 31, 1255),
(333, 54, '2022-06-19 07:30:00', 'Full Body Workout', 58, 1256),
(316, 34, '2022-06-16 17:30:00', 'Crossfit', 83, 1257),
(341, 50, '2022-06-24 13:30:00', 'Funkcjonalny', 19, 1258),
(334, 112, '2022-06-19 07:30:00', 'Pilates', 9, 1259),
(317, 117, '2022-06-22 17:30:00', 'Split', 5, 1260),
(342, 14, '2022-06-24 08:30:00', 'O staej intensywnoci', 69, 1261),
(318, 99, '2022-06-25 12:30:00', 'Funkcjonalny', 83, 1262),
(343, 94, '2022-06-15 14:30:00', 'Kondycyjny', 67, 1263),
(441, 117, '2022-06-23 10:30:00', 'Core', 5, 1264),
(319, 60, '2022-06-18 09:30:00', 'Interwaowy', 24, 1265),
(344, 67, '2022-06-24 15:30:00', 'Wytrzymaociowy', 68, 1266),
(442, 60, '2022-06-25 19:30:00', 'Kondycyjny', 24, 1267),
(320, 96, '2022-06-21 18:30:00', 'O staej intensywnoci', 17, 1268),
(345, 12, '2022-06-23 12:30:00', 'Obwodowy', 48, 1269),
(321, 64, '2022-06-24 18:30:00', 'Relaksacyjny', 20, 1270),
(346, 82, '2022-06-16 09:30:00', 'Interwaowy', 38, 1271),
(443, 18, '2022-06-16 06:30:00', 'Oporowy', 39, 1272),
(322, 38, '2022-06-24 14:30:00', 'Wytrzymaociowy', 89, 1273),
(323, 103, '2022-06-16 06:30:00', 'Full Body Workout', 12, 1274),
(347, 88, '2022-06-15 09:30:00', 'Core', 41, 1275),
(444, 76, '2022-06-18 18:30:00', 'Full Body Workout', 33, 1276),
(348, 72, '2022-06-21 20:30:00', 'Crossfit', 55, 1277),
(445, 113, '2022-06-20 17:30:00', 'Core', 6, 1278),
(324, 45, '2022-06-25 20:30:00', 'Interwaowy', 86, 1279),
(349, 118, '2022-06-22 10:30:00', 'Kondycyjny', 75, 1280),
(350, 94, '2022-06-23 09:30:00', 'Core', 67, 1281),
(335, 110, '2022-06-22 11:30:00', 'Kondycyjny', 85, 1282),
(351, 107, '2022-06-20 11:30:00', 'Core', 15, 1283),
(336, 5, '2022-06-24 09:30:00', 'Core', 65, 1284),
(325, 8, '2022-06-16 14:30:00', 'Split', 83, 1285),
(337, 57, '2022-06-16 15:30:00', 'Core', 31, 1286),
(326, 91, '2022-06-17 13:30:00', 'Relaksacyjny', 67, 1287),
(338, 66, '2022-06-17 18:30:00', 'Full Body Workout', 85, 1288),
(327, 104, '2022-06-17 18:30:00', 'Interwaowy', 41, 1289),
(446, 72, '2022-06-14 14:30:00', 'Full Body Workout', 55, 1290),
(339, 4, '2022-06-15 16:30:00', 'Crossfit', 64, 1291),
(447, 99, '2022-06-22 10:30:00', 'Kondycyjny', 83, 1292),
(448, 5, '2022-06-15 16:30:00', 'Obwodowy', 65, 1293),
(340, 14, '2022-06-24 06:30:00', 'Obwodowy', 69, 1294),
(449, 15, '2022-06-22 08:30:00', 'Funkcjonalny', 77, 1295),
(341, 50, '2022-06-24 13:30:00', 'Obwodowy', 19, 1296),
(342, 14, '2022-06-24 16:30:00', 'Wytrzymaociowy', 69, 1297),
(343, 94, '2022-06-21 08:30:00', 'Pilates', 67, 1298),
(344, 67, '2022-06-21 10:30:00', 'Relaksacyjny', 68, 1299),
(345, 12, '2022-06-19 07:30:00', 'Crossfit', 48, 1300),
(346, 82, '2022-06-23 06:30:00', 'Relaksacyjny', 38, 1301),
(347, 88, '2022-06-23 12:30:00', 'Relaksacyjny', 41, 1302),
(328, 36, '2022-06-21 18:30:00', 'Kondycyjny', 56, 1303),
(348, 72, '2022-06-17 08:30:00', 'O staej intensywnoci', 55, 1304),
(349, 118, '2022-06-18 18:30:00', 'Obwodowy', 75, 1305),
(329, 56, '2022-06-20 10:30:00', 'Relaksacyjny', 35, 1306),
(350, 94, '2022-06-25 12:30:00', 'Interwaowy', 67, 1307),
(330, 64, '2022-06-16 17:30:00', 'Core', 20, 1308),
(331, 25, '2022-06-21 13:30:00', 'Core', 65, 1309),
(332, 82, '2022-06-16 10:30:00', 'Relaksacyjny', 38, 1310),
(351, 107, '2022-06-16 06:30:00', 'Kondycyjny', 15, 1311),
(333, 54, '2022-06-21 09:30:00', 'Split', 58, 1312),
(352, 96, '2022-06-18 18:30:00', 'Split', 17, 1313),
(352, 96, '2022-06-19 14:30:00', 'Relaksacyjny', 17, 1314),
(353, 8, '2022-06-17 08:30:00', 'Interwaowy', 83, 1315),
(353, 8, '2022-06-21 17:30:00', 'Interwaowy', 83, 1316),
(334, 112, '2022-06-25 20:30:00', 'Relaksacyjny', 9, 1317),
(354, 106, '2022-06-20 11:30:00', 'Kondycyjny', 48, 1318),
(354, 106, '2022-06-19 08:30:00', 'Relaksacyjny', 48, 1319),
(335, 110, '2022-06-19 20:30:00', 'Full Body Workout', 85, 1320),
(450, 35, '2022-06-17 07:30:00', 'O staej intensywnoci', 13, 1321),
(355, 28, '2022-06-18 12:30:00', 'Relaksacyjny', 18, 1322),
(355, 28, '2022-06-20 16:30:00', 'Interwaowy', 18, 1323),
(336, 5, '2022-06-16 10:30:00', 'Funkcjonalny', 65, 1324),
(451, 41, '2022-06-18 11:30:00', 'Split', 87, 1325),
(356, 112, '2022-06-17 17:30:00', 'Pilates', 9, 1326),
(337, 57, '2022-06-24 16:30:00', 'Pilates', 31, 1327),
(452, 119, '2022-06-25 12:30:00', 'Funkcjonalny', 57, 1328),
(356, 112, '2022-06-25 13:30:00', 'Relaksacyjny', 9, 1329),
(357, 44, '2022-06-23 15:30:00', 'Crossfit', 17, 1330),
(338, 66, '2022-06-17 16:30:00', 'Relaksacyjny', 85, 1331),
(453, 50, '2022-06-25 19:30:00', 'Wytrzymaociowy', 19, 1332),
(357, 44, '2022-06-20 16:30:00', 'Obwodowy', 17, 1333),
(339, 4, '2022-06-15 12:30:00', 'Pilates', 64, 1334),
(358, 94, '2022-06-24 08:30:00', 'Relaksacyjny', 67, 1335),
(358, 94, '2022-06-25 06:30:00', 'O staej intensywnoci', 67, 1336),
(359, 45, '2022-06-23 18:30:00', 'Oporowy', 86, 1337),
(340, 14, '2022-06-24 06:30:00', 'Core', 69, 1338),
(359, 45, '2022-06-20 14:30:00', 'Split', 86, 1339),
(341, 50, '2022-06-20 07:30:00', 'Pilates', 19, 1340),
(360, 99, '2022-06-17 12:30:00', 'Relaksacyjny', 83, 1341),
(342, 14, '2022-06-23 08:30:00', 'Wytrzymaociowy', 69, 1342),
(361, 13, '2022-06-18 09:30:00', 'Obwodowy', 62, 1343),
(343, 94, '2022-06-25 17:30:00', 'O staej intensywnoci', 67, 1344),
(362, 0, '2022-06-20 17:30:00', 'Wytrzymaociowy', 82, 1345),
(344, 67, '2022-06-18 19:30:00', 'Full Body Workout', 68, 1346),
(345, 12, '2022-06-17 12:30:00', 'Pilates', 48, 1347),
(363, 98, '2022-06-25 15:30:00', 'Pilates', 95, 1348),
(360, 99, '2022-06-23 17:30:00', 'O staej intensywnoci', 83, 1349),
(454, 40, '2022-06-25 08:30:00', 'Pilates', 25, 1350),
(364, 42, '2022-06-19 11:30:00', 'O staej intensywnoci', 25, 1351),
(365, 48, '2022-06-25 09:30:00', 'Kondycyjny', 75, 1352),
(361, 13, '2022-06-22 19:30:00', 'Full Body Workout', 62, 1353),
(366, 90, '2022-06-17 10:30:00', 'Interwaowy', 54, 1354),
(362, 0, '2022-06-18 12:30:00', 'Core', 82, 1355),
(455, 36, '2022-06-15 11:30:00', 'Wytrzymaociowy', 56, 1356),
(367, 104, '2022-06-19 06:30:00', 'Core', 41, 1357),
(363, 98, '2022-06-24 12:30:00', 'Full Body Workout', 95, 1358),
(456, 71, '2022-06-15 06:30:00', 'Wytrzymaociowy', 28, 1359),
(368, 55, '2022-06-14 19:30:00', 'Funkcjonalny', 66, 1360),
(364, 42, '2022-06-18 09:30:00', 'Wytrzymaociowy', 25, 1361),
(369, 28, '2022-06-15 09:30:00', 'Oporowy', 18, 1362),
(457, 114, '2022-06-14 07:30:00', 'Split', 61, 1363),
(365, 48, '2022-06-24 14:30:00', 'Oporowy', 75, 1364),
(370, 33, '2022-06-25 11:30:00', 'Funkcjonalny', 37, 1365),
(458, 100, '2022-06-15 07:30:00', 'Funkcjonalny', 16, 1366),
(366, 90, '2022-06-18 17:30:00', 'Pilates', 54, 1367),
(459, 114, '2022-06-16 10:30:00', 'O staej intensywnoci', 61, 1368),
(371, 6, '2022-06-17 17:30:00', 'Funkcjonalny', 14, 1369),
(367, 104, '2022-06-14 18:30:00', 'Core', 41, 1370),
(372, 80, '2022-06-16 14:30:00', 'Full Body Workout', 90, 1371),
(368, 55, '2022-06-15 07:30:00', 'Full Body Workout', 66, 1372),
(373, 71, '2022-06-23 09:30:00', 'Relaksacyjny', 28, 1373),
(369, 28, '2022-06-18 16:30:00', 'Relaksacyjny', 18, 1374),
(374, 3, '2022-06-21 20:30:00', 'Split', 79, 1375),
(370, 33, '2022-06-16 19:30:00', 'Oporowy', 37, 1376),
(346, 82, '2022-06-15 08:30:00', 'Funkcjonalny', 38, 1377),
(375, 67, '2022-06-23 16:30:00', 'Crossfit', 68, 1378),
(371, 6, '2022-06-22 09:30:00', 'Kondycyjny', 14, 1379),
(347, 88, '2022-06-14 17:30:00', 'O staej intensywnoci', 41, 1380),
(460, 56, '2022-06-22 10:30:00', 'Wytrzymaociowy', 35, 1381),
(372, 80, '2022-06-14 06:30:00', 'Oporowy', 90, 1382),
(348, 72, '2022-06-14 08:30:00', 'Interwaowy', 55, 1383),
(461, 119, '2022-06-21 10:30:00', 'Funkcjonalny', 57, 1384),
(349, 118, '2022-06-16 09:30:00', 'Wytrzymaociowy', 75, 1385),
(462, 102, '2022-06-16 14:30:00', 'Interwaowy', 89, 1386),
(373, 71, '2022-06-18 13:30:00', 'Obwodowy', 28, 1387),
(350, 94, '2022-06-25 19:30:00', 'Oporowy', 67, 1388),
(463, 4, '2022-06-16 19:30:00', 'Funkcjonalny', 64, 1389),
(374, 3, '2022-06-23 17:30:00', 'Full Body Workout', 79, 1390),
(351, 107, '2022-06-19 14:30:00', 'Obwodowy', 15, 1391),
(376, 13, '2022-06-24 15:30:00', 'Oporowy', 62, 1392),
(464, 91, '2022-06-21 09:30:00', 'Funkcjonalny', 67, 1393),
(375, 67, '2022-06-22 07:30:00', 'Split', 68, 1394),
(352, 96, '2022-06-18 17:30:00', 'Oporowy', 17, 1395),
(377, 51, '2022-06-16 14:30:00', 'Core', 48, 1396),
(376, 13, '2022-06-25 20:30:00', 'Funkcjonalny', 62, 1397),
(378, 85, '2022-06-18 11:30:00', 'Full Body Workout', 94, 1398),
(377, 51, '2022-06-20 14:30:00', 'O staej intensywnoci', 48, 1399),
(379, 37, '2022-06-19 16:30:00', 'O staej intensywnoci', 14, 1400),
(378, 85, '2022-06-24 08:30:00', 'Crossfit', 94, 1401),
(380, 119, '2022-06-20 17:30:00', 'Oporowy', 57, 1402),
(465, 79, '2022-06-15 17:30:00', 'Kondycyjny', 43, 1403),
(379, 37, '2022-06-15 19:30:00', 'Kondycyjny', 14, 1404),
(380, 119, '2022-06-19 07:30:00', 'Obwodowy', 57, 1405),
(466, 1, '2022-06-16 11:30:00', 'Crossfit', 67, 1406),
(381, 12, '2022-06-18 08:30:00', 'Kondycyjny', 48, 1407),
(381, 12, '2022-06-25 10:30:00', 'Crossfit', 48, 1408),
(382, 43, '2022-06-22 19:30:00', 'Full Body Workout', 38, 1409),
(382, 43, '2022-06-20 16:30:00', 'O staej intensywnoci', 38, 1410),
(467, 2, '2022-06-14 07:30:00', 'O staej intensywnoci', 22, 1411),
(383, 77, '2022-06-21 16:30:00', 'Funkcjonalny', 16, 1412),
(383, 77, '2022-06-19 19:30:00', 'Pilates', 16, 1413),
(384, 37, '2022-06-22 06:30:00', 'Obwodowy', 14, 1414),
(384, 37, '2022-06-25 13:30:00', 'Split', 14, 1415),
(353, 8, '2022-06-23 16:30:00', 'Wytrzymaociowy', 83, 1416),
(468, 72, '2022-06-19 07:30:00', 'Oporowy', 55, 1417),
(385, 18, '2022-06-17 09:30:00', 'O staej intensywnoci', 39, 1418),
(354, 106, '2022-06-17 19:30:00', 'Split', 48, 1419),
(385, 18, '2022-06-19 14:30:00', 'Wytrzymaociowy', 39, 1420),
(469, 80, '2022-06-22 14:30:00', 'Relaksacyjny', 90, 1421),
(386, 8, '2022-06-15 17:30:00', 'Split', 83, 1422),
(470, 55, '2022-06-24 20:30:00', 'Interwaowy', 66, 1423),
(386, 8, '2022-06-21 11:30:00', 'Split', 83, 1424),
(387, 35, '2022-06-24 19:30:00', 'Obwodowy', 13, 1425),
(387, 35, '2022-06-17 16:30:00', 'Full Body Workout', 13, 1426),
(388, 12, '2022-06-15 14:30:00', 'Crossfit', 48, 1427),
(388, 12, '2022-06-25 17:30:00', 'Crossfit', 48, 1428),
(389, 87, '2022-06-18 08:30:00', 'Interwaowy', 27, 1429),
(389, 87, '2022-06-21 13:30:00', 'Oporowy', 27, 1430),
(390, 119, '2022-06-23 19:30:00', 'Wytrzymaociowy', 57, 1431),
(390, 119, '2022-06-18 11:30:00', 'Pilates', 57, 1432),
(391, 32, '2022-06-23 13:30:00', 'Split', 36, 1433),
(391, 32, '2022-06-25 14:30:00', 'Wytrzymaociowy', 36, 1434),
(392, 27, '2022-06-21 17:30:00', 'O staej intensywnoci', 94, 1435),
(392, 27, '2022-06-14 17:30:00', 'Wytrzymaociowy', 94, 1436),
(393, 120, '2022-06-16 14:30:00', 'Kondycyjny', 62, 1437),
(393, 120, '2022-06-18 06:30:00', 'Oporowy', 62, 1438),
(394, 14, '2022-06-20 16:30:00', 'Split', 69, 1439),
(395, 2, '2022-06-23 10:30:00', 'Wytrzymaociowy', 22, 1440),
(355, 28, '2022-06-19 18:30:00', 'Core', 18, 1441),
(394, 14, '2022-06-21 19:30:00', 'Kondycyjny', 69, 1442),
(396, 50, '2022-06-23 06:30:00', 'Wytrzymaociowy', 19, 1443),
(471, 72, '2022-06-20 13:30:00', 'Pilates', 55, 1444),
(356, 112, '2022-06-24 15:30:00', 'O staej intensywnoci', 9, 1445),
(395, 2, '2022-06-22 06:30:00', 'Pilates', 22, 1446),
(472, 32, '2022-06-23 09:30:00', 'Funkcjonalny', 36, 1447),
(357, 44, '2022-06-25 14:30:00', 'Core', 17, 1448),
(473, 9, '2022-06-21 13:30:00', 'Kondycyjny', 95, 1449),
(474, 63, '2022-06-23 09:30:00', 'Oporowy', 29, 1450),
(358, 94, '2022-06-25 14:30:00', 'Pilates', 67, 1451),
(475, 81, '2022-06-19 08:30:00', 'O staej intensywnoci', 42, 1452),
(359, 45, '2022-06-18 10:30:00', 'Pilates', 86, 1453),
(476, 100, '2022-06-17 07:30:00', 'Relaksacyjny', 16, 1454),
(360, 99, '2022-06-17 15:30:00', 'Crossfit', 83, 1455),
(477, 49, '2022-06-21 10:30:00', 'Oporowy', 16, 1456),
(478, 25, '2022-06-24 07:30:00', 'Crossfit', 65, 1457),
(361, 13, '2022-06-24 15:30:00', 'Funkcjonalny', 62, 1458),
(479, 79, '2022-06-19 10:30:00', 'O staej intensywnoci', 43, 1459),
(397, 119, '2022-06-14 13:30:00', 'Core', 57, 1460),
(362, 0, '2022-06-18 08:30:00', 'Kondycyjny', 82, 1461),
(396, 50, '2022-06-20 12:30:00', 'O staej intensywnoci', 19, 1462),
(480, 4, '2022-06-17 15:30:00', 'Kondycyjny', 64, 1463),
(398, 109, '2022-06-14 20:30:00', 'Split', 73, 1464),
(363, 98, '2022-06-14 14:30:00', 'Split', 95, 1465),
(397, 119, '2022-06-19 17:30:00', 'Full Body Workout', 57, 1466),
(481, 45, '2022-06-25 10:30:00', 'Split', 86, 1467),
(482, 48, '2022-06-18 19:30:00', 'Oporowy', 75, 1468),
(398, 109, '2022-06-19 06:30:00', 'Wytrzymaociowy', 73, 1469),
(364, 42, '2022-06-25 16:30:00', 'Interwaowy', 25, 1470),
(399, 31, '2022-06-17 08:30:00', 'Interwaowy', 46, 1471),
(483, 117, '2022-06-18 07:30:00', 'Relaksacyjny', 5, 1472),
(399, 31, '2022-06-14 16:30:00', 'Full Body Workout', 46, 1473),
(365, 48, '2022-06-19 16:30:00', 'Crossfit', 75, 1474),
(400, 19, '2022-06-14 08:30:00', 'O staej intensywnoci', 22, 1475),
(484, 94, '2022-06-21 18:30:00', 'Pilates', 67, 1476),
(366, 90, '2022-06-25 11:30:00', 'Relaksacyjny', 54, 1477),
(401, 98, '2022-06-15 19:30:00', 'Split', 95, 1478),
(367, 104, '2022-06-20 08:30:00', 'Relaksacyjny', 41, 1479),
(999, 8, '2022-06-09 15:30:00', 'Funkcjonalny', 83, 1480),
(402, 78, '2022-06-20 06:30:00', 'Pilates', 45, 1481),
(485, 63, '2022-06-16 12:30:00', 'Core', 29, 1482),
(400, 19, '2022-06-18 18:30:00', 'Oporowy', 22, 1483),
(403, 94, '2022-06-17 15:30:00', 'Full Body Workout', 67, 1484),
(486, 51, '2022-06-25 18:30:00', 'Funkcjonalny', 48, 1485),
(368, 55, '2022-06-23 15:30:00', 'Obwodowy', 66, 1486),
(1, 22, '2022-06-17 17:30:00', 'Obwodowy', 50, 1487),
(487, 110, '2022-06-21 19:30:00', 'Core', 85, 1488),
(369, 28, '2022-06-15 11:30:00', 'Obwodowy', 18, 1489),
(401, 98, '2022-06-15 07:30:00', 'Kondycyjny', 95, 1490),
(488, 66, '2022-06-22 06:30:00', 'Split', 85, 1491),
(370, 33, '2022-06-16 18:30:00', 'Crossfit', 37, 1492),
(489, 114, '2022-06-25 11:30:00', 'Wytrzymaociowy', 61, 1493),
(371, 6, '2022-06-21 10:30:00', 'Interwaowy', 14, 1494),
(490, 66, '2022-06-19 10:30:00', 'Wytrzymaociowy', 85, 1495),
(372, 80, '2022-06-23 09:30:00', 'Core', 90, 1496),
(491, 17, '2022-06-19 12:30:00', 'Wytrzymaociowy', 91, 1497),
(373, 71, '2022-06-23 19:30:00', 'Wytrzymaociowy', 28, 1498),
(492, 73, '2022-06-21 11:30:00', 'Pilates', 47, 1499),
(374, 3, '2022-06-16 06:30:00', 'Wytrzymaociowy', 79, 1500),
(493, 49, '2022-06-19 06:30:00', 'O staej intensywnoci', 16, 1501),
(375, 67, '2022-06-21 18:30:00', 'Funkcjonalny', 68, 1502),
(494, 9, '2022-06-25 13:30:00', 'Pilates', 95, 1503),
(376, 13, '2022-06-16 06:30:00', 'Kondycyjny', 62, 1504),
(495, 114, '2022-06-24 11:30:00', 'Obwodowy', 61, 1505),
(2, 21, '2022-06-23 14:30:00', 'Obwodowy', 43, 1506),
(377, 51, '2022-06-18 14:30:00', 'Oporowy', 48, 1507),
(496, 48, '2022-06-15 10:30:00', 'Oporowy', 75, 1508),
(402, 78, '2022-06-25 18:30:00', 'Split', 45, 1509),
(378, 85, '2022-06-20 06:30:00', 'Funkcjonalny', 94, 1510),
(497, 62, '2022-06-22 12:30:00', 'Relaksacyjny', 48, 1511),
(498, 29, '2022-06-15 06:30:00', 'Funkcjonalny', 33, 1512),
(379, 37, '2022-06-23 11:30:00', 'Kondycyjny', 14, 1513),
(404, 9, '2022-06-16 19:30:00', 'Wytrzymaociowy', 95, 1514),
(999, 8, '2022-06-19 19:30:00', 'Crossfit', 83, 1515),
(380, 119, '2022-06-25 12:30:00', 'Funkcjonalny', 57, 1516),
(405, 54, '2022-06-24 16:30:00', 'Funkcjonalny', 58, 1517),
(3, 100, '2022-06-20 17:30:00', 'Relaksacyjny', 16, 1518),
(499, 107, '2022-06-25 13:30:00', 'Oporowy', 15, 1519),
(406, 52, '2022-06-23 17:30:00', 'Crossfit', 16, 1520),
(381, 12, '2022-06-23 11:30:00', 'Oporowy', 48, 1521),
(1, 22, '2022-06-18 07:30:00', 'Wytrzymaociowy', 50, 1522),
(403, 94, '2022-06-22 18:30:00', 'Wytrzymaociowy', 67, 1523),
(500, 106, '2022-06-17 09:30:00', 'Funkcjonalny', 48, 1524),
(382, 43, '2022-06-25 12:30:00', 'Kondycyjny', 38, 1525),
(407, 1, '2022-06-18 08:30:00', 'Full Body Workout', 67, 1526),
(4, 94, '2022-06-25 10:30:00', 'Obwodowy', 67, 1527),
(383, 77, '2022-06-25 07:30:00', 'Funkcjonalny', 16, 1528),
(404, 9, '2022-06-25 20:30:00', 'Funkcjonalny', 95, 1529),
(408, 11, '2022-06-23 14:30:00', 'Full Body Workout', 84, 1530),
(384, 37, '2022-06-14 14:30:00', 'Wytrzymaociowy', 14, 1531),
(2, 21, '2022-06-23 09:30:00', 'Wytrzymaociowy', 43, 1532),
(409, 115, '2022-06-18 08:30:00', 'Obwodowy', 43, 1533),
(5, 61, '2022-06-19 13:30:00', 'Crossfit', 37, 1534),
(385, 18, '2022-06-24 20:30:00', 'Split', 39, 1535),
(501, 54, '2022-06-16 07:30:00', 'Full Body Workout', 58, 1536),
(410, 34, '2022-06-20 09:30:00', 'Interwaowy', 83, 1537),
(386, 8, '2022-06-14 15:30:00', 'Split', 83, 1538),
(3, 100, '2022-06-15 20:30:00', 'Interwaowy', 16, 1539),
(387, 35, '2022-06-25 09:30:00', 'Split', 13, 1540),
(502, 33, '2022-06-25 20:30:00', 'Kondycyjny', 37, 1541),
(411, 44, '2022-06-21 20:30:00', 'Split', 17, 1542),
(412, 16, '2022-06-22 19:30:00', 'Kondycyjny', 77, 1543),
(4, 94, '2022-06-22 07:30:00', 'Oporowy', 67, 1544),
(388, 12, '2022-06-19 06:30:00', 'Kondycyjny', 48, 1545),
(413, 105, '2022-06-20 18:30:00', 'Interwaowy', 4, 1546),
(414, 3, '2022-06-17 09:30:00', 'Kondycyjny', 79, 1547),
(415, 88, '2022-06-20 14:30:00', 'Oporowy', 41, 1548),
(503, 68, '2022-06-15 17:30:00', 'Wytrzymaociowy', 15, 1549),
(416, 34, '2022-06-14 12:30:00', 'Kondycyjny', 83, 1550),
(417, 88, '2022-06-18 19:30:00', 'Wytrzymaociowy', 41, 1551),
(504, 118, '2022-06-25 20:30:00', 'Oporowy', 75, 1552),
(5, 61, '2022-06-19 09:30:00', 'Interwaowy', 37, 1553),
(418, 85, '2022-06-22 19:30:00', 'Funkcjonalny', 94, 1554),
(6, 61, '2022-06-14 18:30:00', 'Wytrzymaociowy', 37, 1555),
(505, 110, '2022-06-24 17:30:00', 'Full Body Workout', 85, 1556),
(419, 104, '2022-06-14 08:30:00', 'Core', 41, 1557),
(7, 107, '2022-06-22 16:30:00', 'Interwaowy', 15, 1558),
(405, 54, '2022-06-17 11:30:00', 'Relaksacyjny', 58, 1559),
(506, 111, '2022-06-21 10:30:00', 'Oporowy', 41, 1560),
(420, 68, '2022-06-14 19:30:00', 'Split', 15, 1561),
(8, 94, '2022-06-19 14:30:00', 'Kondycyjny', 67, 1562),
(421, 110, '2022-06-14 15:30:00', 'Crossfit', 85, 1563),
(6, 61, '2022-06-23 07:30:00', 'O staej intensywnoci', 37, 1564),
(507, 38, '2022-06-24 08:30:00', 'Kondycyjny', 89, 1565),
(422, 44, '2022-06-24 18:30:00', 'Split', 17, 1566),
(406, 52, '2022-06-20 06:30:00', 'Core', 16, 1567),
(9, 5, '2022-06-24 15:30:00', 'Oporowy', 65, 1568),
(423, 52, '2022-06-21 13:30:00', 'Split', 16, 1569),
(7, 107, '2022-06-18 17:30:00', 'Interwaowy', 15, 1570),
(424, 117, '2022-06-17 06:30:00', 'Obwodowy', 5, 1571),
(407, 1, '2022-06-24 11:30:00', 'Relaksacyjny', 67, 1572),
(425, 100, '2022-06-17 14:30:00', 'Oporowy', 16, 1573),
(426, 73, '2022-06-22 09:30:00', 'Funkcjonalny', 47, 1574),
(8, 94, '2022-06-21 15:30:00', 'Pilates', 67, 1575),
(427, 13, '2022-06-21 11:30:00', 'Oporowy', 62, 1576),
(408, 11, '2022-06-22 07:30:00', 'Pilates', 84, 1577),
(428, 27, '2022-06-15 16:30:00', 'Pilates', 94, 1578),
(9, 5, '2022-06-14 10:30:00', 'Interwaowy', 65, 1579),
(429, 102, '2022-06-20 12:30:00', 'Obwodowy', 89, 1580),
(409, 115, '2022-06-23 10:30:00', 'Oporowy', 43, 1581),
(430, 34, '2022-06-23 13:30:00', 'Kondycyjny', 83, 1582),
(10, 7, '2022-06-22 13:30:00', 'Obwodowy', 38, 1583),
(508, 48, '2022-06-15 09:30:00', 'Core', 75, 1584),
(410, 34, '2022-06-16 15:30:00', 'Split', 83, 1585),
(431, 69, '2022-06-22 14:30:00', 'Pilates', 91, 1586),
(10, 7, '2022-06-23 20:30:00', 'Relaksacyjny', 38, 1587),
(432, 82, '2022-06-20 10:30:00', 'Wytrzymaociowy', 38, 1588),
(433, 6, '2022-06-23 07:30:00', 'O staej intensywnoci', 14, 1589),
(509, 71, '2022-06-21 06:30:00', 'Interwaowy', 28, 1590),
(11, 119, '2022-06-22 07:30:00', 'Crossfit', 57, 1591),
(11, 119, '2022-06-18 11:30:00', 'Kondycyjny', 57, 1592),
(411, 44, '2022-06-14 07:30:00', 'Obwodowy', 17, 1593),
(389, 87, '2022-06-25 15:30:00', 'Relaksacyjny', 27, 1594),
(510, 70, '2022-06-23 19:30:00', 'Crossfit', 73, 1595),
(12, 36, '2022-06-19 13:30:00', 'Core', 56, 1596),
(390, 119, '2022-06-21 18:30:00', 'Obwodowy', 57, 1597),
(511, 74, '2022-06-15 17:30:00', 'Core', 59, 1598),
(391, 32, '2022-06-15 16:30:00', 'Relaksacyjny', 36, 1599),
(13, 37, '2022-06-17 07:30:00', 'Oporowy', 14, 1600),
(392, 27, '2022-06-16 15:30:00', 'Core', 94, 1601),
(512, 9, '2022-06-21 09:30:00', 'Crossfit', 95, 1602),
(393, 120, '2022-06-17 16:30:00', 'Obwodowy', 62, 1603),
(14, 85, '2022-06-19 07:30:00', 'Obwodowy', 94, 1604),
(513, 80, '2022-06-25 20:30:00', 'Full Body Workout', 90, 1605),
(15, 69, '2022-06-25 15:30:00', 'Funkcjonalny', 91, 1606),
(394, 14, '2022-06-15 14:30:00', 'Full Body Workout', 69, 1607),
(514, 103, '2022-06-18 11:30:00', 'Full Body Workout', 12, 1608),
(395, 2, '2022-06-15 11:30:00', 'Relaksacyjny', 22, 1609),
(16, 106, '2022-06-14 15:30:00', 'Relaksacyjny', 48, 1610),
(160, 108, '2022-06-20 18:30:00', 'Obwodowy', 53, 1611),
(396, 50, '2022-06-23 09:30:00', 'Split', 19, 1612),
(161, 31, '2022-06-20 09:30:00', 'O staej intensywnoci', 46, 1613),
(397, 119, '2022-06-22 13:30:00', 'Crossfit', 57, 1614),
(162, 55, '2022-06-15 19:30:00', 'Kondycyjny', 66, 1615),
(398, 109, '2022-06-16 20:30:00', 'Interwaowy', 73, 1616),
(163, 26, '2022-06-15 09:30:00', 'Kondycyjny', 41, 1617),
(399, 31, '2022-06-14 20:30:00', 'Pilates', 46, 1618),
(164, 61, '2022-06-22 18:30:00', 'Split', 37, 1619),
(400, 19, '2022-06-19 13:30:00', 'Wytrzymaociowy', 22, 1620),
(165, 97, '2022-06-23 08:30:00', 'Interwaowy', 46, 1621),
(166, 15, '2022-06-17 08:30:00', 'Relaksacyjny', 77, 1622),
(401, 98, '2022-06-18 20:30:00', 'Obwodowy', 95, 1623),
(402, 78, '2022-06-17 07:30:00', 'Wytrzymaociowy', 45, 1624),
(167, 84, '2022-06-20 19:30:00', 'Full Body Workout', 44, 1625),
(403, 94, '2022-06-23 06:30:00', 'Full Body Workout', 67, 1626),
(168, 66, '2022-06-18 19:30:00', 'Oporowy', 85, 1627),
(515, 104, '2022-06-25 19:30:00', 'Split', 41, 1628),
(404, 9, '2022-06-22 09:30:00', 'Kondycyjny', 95, 1629),
(169, 26, '2022-06-25 18:30:00', 'Interwaowy', 41, 1630),
(405, 54, '2022-06-23 06:30:00', 'Split', 58, 1631),
(170, 79, '2022-06-18 18:30:00', 'Core', 43, 1632),
(406, 52, '2022-06-23 17:30:00', 'Wytrzymaociowy', 16, 1633),
(17, 118, '2022-06-14 20:30:00', 'O staej intensywnoci', 75, 1634),
(171, 115, '2022-06-21 15:30:00', 'Crossfit', 43, 1635),
(407, 1, '2022-06-25 07:30:00', 'Crossfit', 67, 1636),
(516, 43, '2022-06-22 16:30:00', 'Full Body Workout', 38, 1637),
(172, 66, '2022-06-22 10:30:00', 'Relaksacyjny', 85, 1638),
(18, 76, '2022-06-19 16:30:00', 'Kondycyjny', 33, 1639),
(408, 11, '2022-06-18 16:30:00', 'Kondycyjny', 84, 1640),
(173, 7, '2022-06-25 12:30:00', 'Kondycyjny', 38, 1641),
(517, 84, '2022-06-24 11:30:00', 'Funkcjonalny', 44, 1642),
(409, 115, '2022-06-23 20:30:00', 'Pilates', 43, 1643),
(174, 89, '2022-06-22 09:30:00', 'Obwodowy', 30, 1644),
(19, 70, '2022-06-19 15:30:00', 'O staej intensywnoci', 73, 1645),
(175, 37, '2022-06-21 09:30:00', 'Wytrzymaociowy', 14, 1646),
(518, 6, '2022-06-20 08:30:00', 'Core', 14, 1647),
(176, 98, '2022-06-16 10:30:00', 'Core', 95, 1648),
(20, 90, '2022-06-18 09:30:00', 'Oporowy', 54, 1649),
(177, 69, '2022-06-17 19:30:00', 'Crossfit', 91, 1650),
(519, 68, '2022-06-24 13:30:00', 'Wytrzymaociowy', 15, 1651),
(178, 58, '2022-06-20 19:30:00', 'Full Body Workout', 94, 1652),
(21, 52, '2022-06-21 12:30:00', 'Kondycyjny', 16, 1653),
(440, 65, '2022-06-20 20:30:00', 'Full Body Workout', 23, 1654),
(179, 45, '2022-06-22 09:30:00', 'Relaksacyjny', 86, 1655),
(520, 107, '2022-06-15 10:30:00', 'Wytrzymaociowy', 15, 1656),
(180, 82, '2022-06-19 07:30:00', 'Interwaowy', 38, 1657),
(441, 117, '2022-06-24 06:30:00', 'Crossfit', 5, 1658),
(22, 88, '2022-06-23 16:30:00', 'Kondycyjny', 41, 1659),
(181, 8, '2022-06-17 18:30:00', 'Oporowy', 83, 1660),
(442, 60, '2022-06-23 13:30:00', 'Core', 24, 1661),
(182, 37, '2022-06-17 07:30:00', 'O staej intensywnoci', 14, 1662),
(443, 18, '2022-06-22 06:30:00', 'Kondycyjny', 39, 1663),
(183, 33, '2022-06-22 12:30:00', 'Full Body Workout', 37, 1664),
(521, 52, '2022-06-16 17:30:00', 'O staej intensywnoci', 16, 1665),
(444, 76, '2022-06-23 19:30:00', 'Relaksacyjny', 33, 1666),
(184, 120, '2022-06-15 20:30:00', 'Relaksacyjny', 62, 1667),
(23, 96, '2022-06-22 15:30:00', 'Oporowy', 17, 1668),
(445, 113, '2022-06-23 19:30:00', 'Funkcjonalny', 6, 1669),
(185, 74, '2022-06-24 19:30:00', 'Core', 59, 1670),
(522, 48, '2022-06-19 13:30:00', 'Oporowy', 75, 1671),
(186, 54, '2022-06-23 08:30:00', 'Core', 58, 1672),
(24, 111, '2022-06-15 16:30:00', 'Relaksacyjny', 41, 1673),
(410, 34, '2022-06-19 07:30:00', 'Funkcjonalny', 83, 1674),
(446, 72, '2022-06-15 08:30:00', 'Crossfit', 55, 1675),
(187, 59, '2022-06-19 18:30:00', 'Funkcjonalny', 59, 1676),
(523, 9, '2022-06-15 16:30:00', 'Oporowy', 95, 1677),
(411, 44, '2022-06-18 08:30:00', 'Interwaowy', 17, 1678),
(447, 99, '2022-06-22 16:30:00', 'Core', 83, 1679),
(188, 0, '2022-06-22 14:30:00', 'Relaksacyjny', 82, 1680),
(25, 16, '2022-06-21 10:30:00', 'Split', 77, 1681),
(412, 16, '2022-06-25 06:30:00', 'Funkcjonalny', 77, 1682),
(448, 5, '2022-06-23 16:30:00', 'Pilates', 65, 1683),
(189, 77, '2022-06-21 19:30:00', 'Core', 16, 1684),
(524, 97, '2022-06-25 15:30:00', 'Crossfit', 46, 1685),
(449, 15, '2022-06-18 18:30:00', 'Oporowy', 77, 1686),
(190, 95, '2022-06-15 13:30:00', 'Oporowy', 2, 1687),
(26, 99, '2022-06-24 18:30:00', 'Obwodowy', 83, 1688),
(413, 105, '2022-06-18 16:30:00', 'Full Body Workout', 4, 1689),
(450, 35, '2022-06-22 11:30:00', 'Oporowy', 13, 1690),
(525, 108, '2022-06-22 18:30:00', 'Full Body Workout', 53, 1691),
(414, 3, '2022-06-15 13:30:00', 'Oporowy', 79, 1692),
(451, 41, '2022-06-19 08:30:00', 'Relaksacyjny', 87, 1693),
(191, 120, '2022-06-20 20:30:00', 'Full Body Workout', 62, 1694),
(27, 11, '2022-06-20 06:30:00', 'Kondycyjny', 84, 1695),
(415, 88, '2022-06-17 20:30:00', 'Interwaowy', 41, 1696),
(452, 119, '2022-06-24 16:30:00', 'Wytrzymaociowy', 57, 1697),
(192, 39, '2022-06-14 06:30:00', 'Relaksacyjny', 36, 1698),
(526, 62, '2022-06-21 13:30:00', 'Split', 48, 1699),
(453, 50, '2022-06-19 18:30:00', 'Obwodowy', 19, 1700),
(193, 77, '2022-06-25 09:30:00', 'Funkcjonalny', 16, 1701),
(28, 35, '2022-06-20 16:30:00', 'Obwodowy', 13, 1702),
(416, 34, '2022-06-19 14:30:00', 'Relaksacyjny', 83, 1703),
(454, 40, '2022-06-24 13:30:00', 'Wytrzymaociowy', 25, 1704),
(194, 62, '2022-06-17 10:30:00', 'Interwaowy', 48, 1705),
(527, 87, '2022-06-25 07:30:00', 'Pilates', 27, 1706),
(417, 88, '2022-06-18 06:30:00', 'Kondycyjny', 41, 1707),
(455, 36, '2022-06-14 10:30:00', 'Funkcjonalny', 56, 1708),
(195, 5, '2022-06-17 20:30:00', 'Crossfit', 65, 1709),
(456, 71, '2022-06-15 13:30:00', 'Kondycyjny', 28, 1710),
(196, 108, '2022-06-15 13:30:00', 'Split', 53, 1711),
(457, 114, '2022-06-22 10:30:00', 'Crossfit', 61, 1712),
(458, 100, '2022-06-20 10:30:00', 'Relaksacyjny', 16, 1713),
(197, 24, '2022-06-25 08:30:00', 'O staej intensywnoci', 31, 1714),
(459, 114, '2022-06-16 17:30:00', 'Pilates', 61, 1715),
(198, 68, '2022-06-21 12:30:00', 'Split', 15, 1716),
(460, 56, '2022-06-24 11:30:00', 'Oporowy', 35, 1717),
(199, 90, '2022-06-18 20:30:00', 'Interwaowy', 54, 1718),
(29, 14, '2022-06-22 13:30:00', 'O staej intensywnoci', 69, 1719),
(461, 119, '2022-06-19 08:30:00', 'Funkcjonalny', 57, 1720),
(200, 20, '2022-06-19 10:30:00', 'Obwodowy', 24, 1721),
(528, 80, '2022-06-22 11:30:00', 'Oporowy', 90, 1722),
(201, 27, '2022-06-23 16:30:00', 'Split', 94, 1723),
(30, 76, '2022-06-21 14:30:00', 'Pilates', 33, 1724),
(462, 102, '2022-06-16 15:30:00', 'Kondycyjny', 89, 1725),
(202, 4, '2022-06-16 12:30:00', 'Crossfit', 64, 1726),
(529, 44, '2022-06-22 11:30:00', 'Interwaowy', 17, 1727),
(463, 4, '2022-06-15 19:30:00', 'O staej intensywnoci', 64, 1728),
(168, 66, '2022-06-25 07:30:00', 'Kondycyjny', 85, 1729),
(31, 38, '2022-06-19 16:30:00', 'Core', 89, 1730),
(203, 88, '2022-06-24 18:30:00', 'Pilates', 41, 1731),
(464, 91, '2022-06-21 07:30:00', 'Relaksacyjny', 67, 1732),
(169, 26, '2022-06-16 19:30:00', 'Split', 41, 1733),
(204, 46, '2022-06-16 16:30:00', 'O staej intensywnoci', 40, 1734),
(530, 30, '2022-06-20 18:30:00', 'Full Body Workout', 88, 1735),
(465, 79, '2022-06-18 20:30:00', 'Split', 43, 1736),
(170, 79, '2022-06-17 19:30:00', 'Core', 43, 1737),
(205, 55, '2022-06-23 18:30:00', 'O staej intensywnoci', 66, 1738),
(466, 1, '2022-06-25 07:30:00', 'Interwaowy', 67, 1739),
(171, 115, '2022-06-23 09:30:00', 'Split', 43, 1740),
(206, 22, '2022-06-15 13:30:00', 'Oporowy', 50, 1741),
(467, 2, '2022-06-22 16:30:00', 'Full Body Workout', 22, 1742),
(172, 66, '2022-06-19 19:30:00', 'Core', 85, 1743),
(207, 54, '2022-06-24 18:30:00', 'Interwaowy', 58, 1744),
(173, 7, '2022-06-19 10:30:00', 'Relaksacyjny', 38, 1745),
(208, 114, '2022-06-18 14:30:00', 'Kondycyjny', 61, 1746),
(32, 97, '2022-06-23 16:30:00', 'Kondycyjny', 46, 1747),
(468, 72, '2022-06-23 14:30:00', 'Crossfit', 55, 1748),
(209, 101, '2022-06-19 06:30:00', 'Funkcjonalny', 54, 1749),
(531, 119, '2022-06-21 17:30:00', 'O staej intensywnoci', 57, 1750),
(469, 80, '2022-06-25 11:30:00', 'Kondycyjny', 90, 1751),
(174, 89, '2022-06-15 06:30:00', 'Funkcjonalny', 30, 1752),
(210, 13, '2022-06-23 13:30:00', 'Kondycyjny', 62, 1753),
(33, 91, '2022-06-24 19:30:00', 'Funkcjonalny', 67, 1754),
(175, 37, '2022-06-24 15:30:00', 'Split', 14, 1755),
(211, 20, '2022-06-15 14:30:00', 'Funkcjonalny', 24, 1756),
(532, 54, '2022-06-14 15:30:00', 'Full Body Workout', 58, 1757),
(470, 55, '2022-06-16 20:30:00', 'Split', 66, 1758),
(176, 98, '2022-06-19 14:30:00', 'Core', 95, 1759),
(212, 75, '2022-06-15 12:30:00', 'O staej intensywnoci', 8, 1760),
(34, 26, '2022-06-19 20:30:00', 'O staej intensywnoci', 41, 1761),
(471, 72, '2022-06-14 15:30:00', 'Funkcjonalny', 55, 1762),
(533, 98, '2022-06-18 16:30:00', 'Split', 95, 1763),
(472, 32, '2022-06-21 13:30:00', 'O staej intensywnoci', 36, 1764),
(213, 110, '2022-06-16 20:30:00', 'Relaksacyjny', 85, 1765),
(35, 105, '2022-06-15 19:30:00', 'Full Body Workout', 4, 1766),
(473, 9, '2022-06-16 15:30:00', 'Crossfit', 95, 1767),
(214, 41, '2022-06-16 20:30:00', 'Interwaowy', 87, 1768),
(534, 7, '2022-06-20 10:30:00', 'Crossfit', 38, 1769),
(474, 63, '2022-06-22 14:30:00', 'O staej intensywnoci', 29, 1770),
(215, 95, '2022-06-25 12:30:00', 'Pilates', 2, 1771),
(475, 81, '2022-06-16 17:30:00', 'Oporowy', 42, 1772),
(177, 69, '2022-06-14 11:30:00', 'Crossfit', 91, 1773),
(216, 120, '2022-06-14 20:30:00', 'Oporowy', 62, 1774),
(476, 100, '2022-06-18 08:30:00', 'Full Body Workout', 16, 1775),
(217, 26, '2022-06-21 07:30:00', 'Split', 41, 1776),
(178, 58, '2022-06-20 12:30:00', 'Oporowy', 94, 1777),
(477, 49, '2022-06-15 16:30:00', 'Core', 16, 1778),
(218, 57, '2022-06-14 17:30:00', 'O staej intensywnoci', 31, 1779),
(179, 45, '2022-06-14 11:30:00', 'Full Body Workout', 86, 1780),
(219, 116, '2022-06-23 15:30:00', 'Wytrzymaociowy', 69, 1781),
(180, 82, '2022-06-19 13:30:00', 'Kondycyjny', 38, 1782),
(220, 69, '2022-06-21 14:30:00', 'Funkcjonalny', 91, 1783),
(36, 97, '2022-06-16 09:30:00', 'Full Body Workout', 46, 1784),
(478, 25, '2022-06-17 15:30:00', 'Interwaowy', 65, 1785);
INSERT INTO `usr_train` (`user_id`, `trainer_id`, `training_date`, `training_descript`, `gym_id`, `training_id`) VALUES
(181, 8, '2022-06-16 12:30:00', 'Wytrzymaociowy', 83, 1786),
(221, 101, '2022-06-14 11:30:00', 'Crossfit', 54, 1787),
(535, 114, '2022-06-20 11:30:00', 'Funkcjonalny', 61, 1788),
(182, 37, '2022-06-21 07:30:00', 'Crossfit', 14, 1789),
(222, 76, '2022-06-23 11:30:00', 'Interwaowy', 33, 1790),
(183, 33, '2022-06-22 06:30:00', 'Oporowy', 37, 1791),
(223, 59, '2022-06-22 17:30:00', 'Obwodowy', 59, 1792),
(184, 120, '2022-06-23 15:30:00', 'Funkcjonalny', 62, 1793),
(224, 82, '2022-06-21 07:30:00', 'Kondycyjny', 38, 1794),
(185, 74, '2022-06-24 08:30:00', 'Kondycyjny', 59, 1795),
(186, 54, '2022-06-25 08:30:00', 'Wytrzymaociowy', 58, 1796),
(225, 54, '2022-06-21 15:30:00', 'Crossfit', 58, 1797),
(187, 59, '2022-06-19 15:30:00', 'O staej intensywnoci', 59, 1798),
(479, 79, '2022-06-16 18:30:00', 'Kondycyjny', 43, 1799),
(188, 0, '2022-06-21 17:30:00', 'Split', 82, 1800),
(226, 109, '2022-06-20 20:30:00', 'Split', 73, 1801),
(480, 4, '2022-06-20 11:30:00', 'Crossfit', 64, 1802),
(227, 61, '2022-06-16 12:30:00', 'Interwaowy', 37, 1803),
(189, 77, '2022-06-15 20:30:00', 'O staej intensywnoci', 16, 1804),
(228, 19, '2022-06-18 07:30:00', 'Interwaowy', 22, 1805),
(37, 74, '2022-06-19 10:30:00', 'Oporowy', 59, 1806),
(481, 45, '2022-06-15 20:30:00', 'Relaksacyjny', 86, 1807),
(190, 95, '2022-06-18 18:30:00', 'Relaksacyjny', 2, 1808),
(229, 66, '2022-06-16 14:30:00', 'Relaksacyjny', 85, 1809),
(536, 36, '2022-06-15 20:30:00', 'Core', 56, 1810),
(191, 120, '2022-06-24 09:30:00', 'O staej intensywnoci', 62, 1811),
(482, 48, '2022-06-17 09:30:00', 'Relaksacyjny', 75, 1812),
(230, 67, '2022-06-19 13:30:00', 'Crossfit', 68, 1813),
(38, 49, '2022-06-14 12:30:00', 'O staej intensywnoci', 16, 1814),
(192, 39, '2022-06-21 12:30:00', 'Wytrzymaociowy', 36, 1815),
(483, 117, '2022-06-16 15:30:00', 'Pilates', 5, 1816),
(231, 60, '2022-06-14 13:30:00', 'O staej intensywnoci', 24, 1817),
(537, 61, '2022-06-18 18:30:00', 'Full Body Workout', 37, 1818),
(193, 77, '2022-06-16 20:30:00', 'Relaksacyjny', 16, 1819),
(232, 18, '2022-06-24 12:30:00', 'O staej intensywnoci', 39, 1820),
(39, 10, '2022-06-18 14:30:00', 'Pilates', 93, 1821),
(194, 62, '2022-06-21 18:30:00', 'Interwaowy', 48, 1822),
(233, 71, '2022-06-17 06:30:00', 'Full Body Workout', 28, 1823),
(195, 5, '2022-06-20 18:30:00', 'Pilates', 65, 1824),
(234, 71, '2022-06-24 12:30:00', 'Crossfit', 28, 1825),
(196, 108, '2022-06-21 13:30:00', 'Obwodowy', 53, 1826),
(484, 94, '2022-06-20 14:30:00', 'Interwaowy', 67, 1827),
(538, 34, '2022-06-20 12:30:00', 'Wytrzymaociowy', 83, 1828),
(197, 24, '2022-06-16 20:30:00', 'Split', 31, 1829),
(485, 63, '2022-06-18 14:30:00', 'O staej intensywnoci', 29, 1830),
(235, 72, '2022-06-21 18:30:00', 'Crossfit', 55, 1831),
(40, 58, '2022-06-22 14:30:00', 'Core', 94, 1832),
(486, 51, '2022-06-18 06:30:00', 'Wytrzymaociowy', 48, 1833),
(236, 73, '2022-06-18 19:30:00', 'Split', 47, 1834),
(198, 68, '2022-06-17 20:30:00', 'Split', 15, 1835),
(539, 54, '2022-06-21 12:30:00', 'Wytrzymaociowy', 58, 1836),
(487, 110, '2022-06-20 08:30:00', 'Core', 85, 1837),
(237, 110, '2022-06-23 20:30:00', 'Kondycyjny', 85, 1838),
(199, 90, '2022-06-14 15:30:00', 'Wytrzymaociowy', 54, 1839),
(41, 14, '2022-06-25 12:30:00', 'Interwaowy', 69, 1840),
(238, 89, '2022-06-25 11:30:00', 'Oporowy', 30, 1841),
(488, 66, '2022-06-22 13:30:00', 'Kondycyjny', 85, 1842),
(540, 106, '2022-06-18 06:30:00', 'O staej intensywnoci', 48, 1843),
(239, 7, '2022-06-16 20:30:00', 'O staej intensywnoci', 38, 1844),
(200, 20, '2022-06-14 20:30:00', 'Relaksacyjny', 24, 1845),
(489, 114, '2022-06-17 13:30:00', 'Relaksacyjny', 61, 1846),
(240, 84, '2022-06-19 13:30:00', 'Core', 44, 1847),
(42, 48, '2022-06-18 12:30:00', 'Interwaowy', 75, 1848),
(201, 27, '2022-06-24 17:30:00', 'Full Body Workout', 94, 1849),
(541, 107, '2022-06-25 07:30:00', 'Kondycyjny', 15, 1850),
(241, 2, '2022-06-21 18:30:00', 'Oporowy', 22, 1851),
(202, 4, '2022-06-14 11:30:00', 'O staej intensywnoci', 64, 1852),
(242, 105, '2022-06-15 10:30:00', 'Obwodowy', 4, 1853),
(203, 88, '2022-06-15 20:30:00', 'Obwodowy', 41, 1854),
(243, 98, '2022-06-17 09:30:00', 'Interwaowy', 95, 1855),
(204, 46, '2022-06-22 12:30:00', 'Pilates', 40, 1856),
(244, 14, '2022-06-16 13:30:00', 'Relaksacyjny', 69, 1857),
(205, 55, '2022-06-21 12:30:00', 'O staej intensywnoci', 66, 1858),
(245, 45, '2022-06-16 10:30:00', 'Funkcjonalny', 86, 1859),
(206, 22, '2022-06-24 19:30:00', 'Relaksacyjny', 50, 1860),
(246, 28, '2022-06-21 09:30:00', 'Funkcjonalny', 18, 1861),
(207, 54, '2022-06-20 16:30:00', 'Pilates', 58, 1862),
(247, 19, '2022-06-22 18:30:00', 'Oporowy', 22, 1863),
(208, 114, '2022-06-18 09:30:00', 'Interwaowy', 61, 1864),
(248, 7, '2022-06-20 08:30:00', 'Split', 38, 1865),
(490, 66, '2022-06-24 10:30:00', 'Full Body Workout', 85, 1866),
(209, 101, '2022-06-16 06:30:00', 'Crossfit', 54, 1867),
(249, 120, '2022-06-23 17:30:00', 'Interwaowy', 62, 1868),
(210, 13, '2022-06-16 17:30:00', 'Funkcjonalny', 62, 1869),
(491, 17, '2022-06-24 07:30:00', 'Split', 91, 1870),
(250, 120, '2022-06-24 07:30:00', 'Funkcjonalny', 62, 1871),
(492, 73, '2022-06-21 09:30:00', 'Core', 47, 1872),
(251, 32, '2022-06-16 14:30:00', 'Interwaowy', 36, 1873),
(211, 20, '2022-06-14 13:30:00', 'Funkcjonalny', 24, 1874),
(252, 117, '2022-06-14 16:30:00', 'Relaksacyjny', 5, 1875),
(43, 19, '2022-06-20 10:30:00', 'Wytrzymaociowy', 22, 1876),
(212, 75, '2022-06-14 18:30:00', 'Oporowy', 8, 1877),
(493, 49, '2022-06-25 17:30:00', 'Wytrzymaociowy', 16, 1878),
(253, 31, '2022-06-14 06:30:00', 'Funkcjonalny', 46, 1879),
(542, 13, '2022-06-20 16:30:00', 'Core', 62, 1880),
(494, 9, '2022-06-23 11:30:00', 'Wytrzymaociowy', 95, 1881),
(254, 119, '2022-06-25 20:30:00', 'Split', 57, 1882),
(495, 114, '2022-06-20 16:30:00', 'Relaksacyjny', 61, 1883),
(255, 16, '2022-06-15 14:30:00', 'Interwaowy', 77, 1884),
(496, 48, '2022-06-22 19:30:00', 'Crossfit', 75, 1885),
(256, 3, '2022-06-19 09:30:00', 'Core', 79, 1886),
(497, 62, '2022-06-19 07:30:00', 'Wytrzymaociowy', 48, 1887),
(257, 10, '2022-06-19 14:30:00', 'O staej intensywnoci', 93, 1888),
(498, 29, '2022-06-24 19:30:00', 'Full Body Workout', 33, 1889),
(258, 77, '2022-06-24 19:30:00', 'Wytrzymaociowy', 16, 1890),
(499, 107, '2022-06-21 13:30:00', 'Relaksacyjny', 15, 1891),
(213, 110, '2022-06-22 19:30:00', 'Funkcjonalny', 85, 1892),
(500, 106, '2022-06-22 16:30:00', 'Obwodowy', 48, 1893),
(214, 41, '2022-06-16 10:30:00', 'Obwodowy', 87, 1894),
(501, 54, '2022-06-16 17:30:00', 'Funkcjonalny', 58, 1895),
(215, 95, '2022-06-14 16:30:00', 'O staej intensywnoci', 2, 1896),
(502, 33, '2022-06-15 06:30:00', 'Full Body Workout', 37, 1897),
(216, 120, '2022-06-25 08:30:00', 'Relaksacyjny', 62, 1898),
(503, 68, '2022-06-15 08:30:00', 'Interwaowy', 15, 1899),
(217, 26, '2022-06-23 13:30:00', 'Oporowy', 41, 1900),
(504, 118, '2022-06-23 12:30:00', 'Kondycyjny', 75, 1901),
(218, 57, '2022-06-24 14:30:00', 'Wytrzymaociowy', 31, 1902),
(505, 110, '2022-06-23 14:30:00', 'Wytrzymaociowy', 85, 1903),
(219, 116, '2022-06-23 15:30:00', 'Crossfit', 69, 1904),
(506, 111, '2022-06-25 14:30:00', 'Kondycyjny', 41, 1905),
(507, 38, '2022-06-23 11:30:00', 'Relaksacyjny', 89, 1906),
(220, 69, '2022-06-14 17:30:00', 'Funkcjonalny', 91, 1907),
(508, 48, '2022-06-24 18:30:00', 'O staej intensywnoci', 75, 1908),
(221, 101, '2022-06-21 14:30:00', 'Split', 54, 1909),
(509, 71, '2022-06-22 12:30:00', 'O staej intensywnoci', 28, 1910),
(510, 70, '2022-06-21 08:30:00', 'Relaksacyjny', 73, 1911),
(222, 76, '2022-06-20 18:30:00', 'Funkcjonalny', 33, 1912),
(511, 74, '2022-06-24 12:30:00', 'Funkcjonalny', 59, 1913),
(223, 59, '2022-06-25 10:30:00', 'Core', 59, 1914),
(512, 9, '2022-06-25 11:30:00', 'Split', 95, 1915),
(224, 82, '2022-06-25 06:30:00', 'Wytrzymaociowy', 38, 1916),
(513, 80, '2022-06-18 13:30:00', 'Full Body Workout', 90, 1917),
(225, 54, '2022-06-23 13:30:00', 'Core', 58, 1918),
(514, 103, '2022-06-21 06:30:00', 'Oporowy', 12, 1919),
(226, 109, '2022-06-19 14:30:00', 'Obwodowy', 73, 1920),
(515, 104, '2022-06-17 13:30:00', 'Split', 41, 1921),
(227, 61, '2022-06-24 13:30:00', 'Split', 37, 1922),
(516, 43, '2022-06-24 11:30:00', 'Funkcjonalny', 38, 1923),
(228, 19, '2022-06-19 19:30:00', 'Wytrzymaociowy', 22, 1924),
(517, 84, '2022-06-21 17:30:00', 'Core', 44, 1925),
(518, 6, '2022-06-23 20:30:00', 'Split', 14, 1926),
(519, 68, '2022-06-15 06:30:00', 'Oporowy', 15, 1927),
(229, 66, '2022-06-14 16:30:00', 'Obwodowy', 85, 1928),
(520, 107, '2022-06-23 09:30:00', 'Split', 15, 1929),
(230, 67, '2022-06-16 11:30:00', 'Obwodowy', 68, 1930),
(521, 52, '2022-06-17 17:30:00', 'Core', 16, 1931),
(231, 60, '2022-06-18 13:30:00', 'Oporowy', 24, 1932),
(522, 48, '2022-06-19 13:30:00', 'Interwaowy', 75, 1933),
(232, 18, '2022-06-14 19:30:00', 'Interwaowy', 39, 1934),
(523, 9, '2022-06-21 08:30:00', 'Oporowy', 95, 1935),
(233, 71, '2022-06-21 17:30:00', 'Crossfit', 28, 1936),
(524, 97, '2022-06-17 14:30:00', 'Kondycyjny', 46, 1937),
(525, 108, '2022-06-15 13:30:00', 'Relaksacyjny', 53, 1938),
(526, 62, '2022-06-18 16:30:00', 'Kondycyjny', 48, 1939),
(234, 71, '2022-06-24 12:30:00', 'Obwodowy', 28, 1940),
(235, 72, '2022-06-22 09:30:00', 'Oporowy', 55, 1941),
(527, 87, '2022-06-16 20:30:00', 'Funkcjonalny', 27, 1942),
(236, 73, '2022-06-18 16:30:00', 'Pilates', 47, 1943),
(528, 80, '2022-06-17 14:30:00', 'Core', 90, 1944),
(237, 110, '2022-06-20 09:30:00', 'Core', 85, 1945),
(529, 44, '2022-06-18 20:30:00', 'Split', 17, 1946),
(238, 89, '2022-06-20 18:30:00', 'Wytrzymaociowy', 30, 1947),
(530, 30, '2022-06-21 18:30:00', 'Split', 88, 1948),
(531, 119, '2022-06-19 08:30:00', 'Pilates', 57, 1949),
(239, 7, '2022-06-22 08:30:00', 'O staej intensywnoci', 38, 1950),
(532, 54, '2022-06-22 06:30:00', 'Interwaowy', 58, 1951),
(240, 84, '2022-06-25 09:30:00', 'Wytrzymaociowy', 44, 1952),
(44, 18, '2022-06-22 14:30:00', 'Oporowy', 39, 1953),
(533, 98, '2022-06-24 14:30:00', 'Oporowy', 95, 1954),
(534, 7, '2022-06-20 17:30:00', 'Kondycyjny', 38, 1955),
(241, 2, '2022-06-25 12:30:00', 'Kondycyjny', 22, 1956),
(543, 79, '2022-06-20 20:30:00', 'O staej intensywnoci', 43, 1957),
(535, 114, '2022-06-19 16:30:00', 'Wytrzymaociowy', 61, 1958),
(242, 105, '2022-06-16 09:30:00', 'Wytrzymaociowy', 4, 1959),
(45, 20, '2022-06-24 13:30:00', 'Wytrzymaociowy', 24, 1960),
(536, 36, '2022-06-22 15:30:00', 'Crossfit', 56, 1961),
(544, 52, '2022-06-17 10:30:00', 'Kondycyjny', 16, 1962),
(243, 98, '2022-06-16 06:30:00', 'O staej intensywnoci', 95, 1963),
(46, 82, '2022-06-25 17:30:00', 'Relaksacyjny', 38, 1964),
(244, 14, '2022-06-22 10:30:00', 'Pilates', 69, 1965),
(537, 61, '2022-06-25 19:30:00', 'Crossfit', 37, 1966),
(545, 12, '2022-06-17 10:30:00', 'Obwodowy', 48, 1967),
(245, 45, '2022-06-17 18:30:00', 'Interwaowy', 86, 1968),
(538, 34, '2022-06-17 13:30:00', 'O staej intensywnoci', 83, 1969),
(246, 28, '2022-06-18 06:30:00', 'Full Body Workout', 18, 1970),
(539, 54, '2022-06-15 19:30:00', 'Funkcjonalny', 58, 1971),
(47, 114, '2022-06-23 12:30:00', 'Wytrzymaociowy', 61, 1972),
(247, 19, '2022-06-19 18:30:00', 'Relaksacyjny', 22, 1973),
(546, 7, '2022-06-15 19:30:00', 'Funkcjonalny', 38, 1974),
(248, 7, '2022-06-25 06:30:00', 'Interwaowy', 38, 1975),
(48, 22, '2022-06-19 19:30:00', 'Full Body Workout', 50, 1976),
(540, 106, '2022-06-14 08:30:00', 'Funkcjonalny', 48, 1977),
(249, 120, '2022-06-19 19:30:00', 'Kondycyjny', 62, 1978),
(547, 38, '2022-06-16 08:30:00', 'Crossfit', 89, 1979),
(541, 107, '2022-06-15 11:30:00', 'Interwaowy', 15, 1980),
(250, 120, '2022-06-19 20:30:00', 'Relaksacyjny', 62, 1981),
(251, 32, '2022-06-19 09:30:00', 'Full Body Workout', 36, 1982),
(542, 13, '2022-06-18 06:30:00', 'Oporowy', 62, 1983),
(49, 34, '2022-06-21 11:30:00', 'Core', 83, 1984),
(543, 79, '2022-06-21 20:30:00', 'Wytrzymaociowy', 43, 1985),
(252, 117, '2022-06-18 13:30:00', 'Pilates', 5, 1986),
(253, 31, '2022-06-17 08:30:00', 'Split', 46, 1987),
(548, 77, '2022-06-17 17:30:00', 'Wytrzymaociowy', 16, 1988),
(544, 52, '2022-06-19 07:30:00', 'O staej intensywnoci', 16, 1989),
(254, 119, '2022-06-21 17:30:00', 'Pilates', 57, 1990),
(50, 77, '2022-06-16 09:30:00', 'Full Body Workout', 16, 1991),
(545, 12, '2022-06-22 06:30:00', 'Split', 48, 1992),
(255, 16, '2022-06-17 12:30:00', 'Split', 77, 1993),
(549, 24, '2022-06-21 10:30:00', 'Wytrzymaociowy', 31, 1994),
(546, 7, '2022-06-22 14:30:00', 'O staej intensywnoci', 38, 1995),
(256, 3, '2022-06-17 16:30:00', 'O staej intensywnoci', 79, 1996),
(51, 7, '2022-06-21 18:30:00', 'Obwodowy', 38, 1997),
(547, 38, '2022-06-14 15:30:00', 'Crossfit', 89, 1998),
(52, 33, '2022-06-19 20:30:00', 'Wytrzymaociowy', 37, 1999),
(548, 77, '2022-06-18 16:30:00', 'Wytrzymaociowy', 16, 2000),
(53, 40, '2022-06-15 13:30:00', 'Full Body Workout', 25, 2001),
(549, 24, '2022-06-14 06:30:00', 'Pilates', 31, 2002),
(54, 75, '2022-06-25 14:30:00', 'Split', 8, 2003),
(999, 8, '2022-06-24 10:30:00', 'Obwodowy', 83, 2004),
(55, 51, '2022-06-22 17:30:00', 'Split', 48, 2005),
(1, 22, '2022-06-21 18:30:00', 'Interwaowy', 50, 2006),
(257, 10, '2022-06-22 08:30:00', 'O staej intensywnoci', 93, 2007),
(56, 19, '2022-06-21 06:30:00', 'Core', 22, 2008),
(2, 21, '2022-06-18 10:30:00', 'Oporowy', 43, 2009),
(258, 77, '2022-06-24 12:30:00', 'Wytrzymaociowy', 16, 2010),
(57, 74, '2022-06-16 17:30:00', 'Crossfit', 59, 2011),
(3, 100, '2022-06-20 08:30:00', 'Pilates', 16, 2012),
(259, 66, '2022-06-14 16:30:00', 'Interwaowy', 85, 2013),
(58, 81, '2022-06-21 08:30:00', 'Full Body Workout', 42, 2014),
(4, 94, '2022-06-20 14:30:00', 'Crossfit', 67, 2015),
(260, 67, '2022-06-21 18:30:00', 'Split', 68, 2016),
(59, 80, '2022-06-23 09:30:00', 'Obwodowy', 90, 2017),
(5, 61, '2022-06-21 16:30:00', 'Funkcjonalny', 37, 2018),
(60, 67, '2022-06-14 09:30:00', 'Core', 68, 2019),
(6, 61, '2022-06-15 07:30:00', 'Wytrzymaociowy', 37, 2020),
(61, 79, '2022-06-23 06:30:00', 'Full Body Workout', 43, 2021),
(7, 107, '2022-06-17 17:30:00', 'Obwodowy', 15, 2022),
(8, 94, '2022-06-17 07:30:00', 'Relaksacyjny', 67, 2023),
(62, 84, '2022-06-18 18:30:00', 'O staej intensywnoci', 44, 2024),
(261, 73, '2022-06-20 08:30:00', 'O staej intensywnoci', 47, 2025),
(63, 62, '2022-06-24 09:30:00', 'Relaksacyjny', 48, 2026),
(9, 5, '2022-06-21 18:30:00', 'Wytrzymaociowy', 65, 2027),
(262, 109, '2022-06-15 14:30:00', 'O staej intensywnoci', 73, 2028),
(64, 43, '2022-06-18 12:30:00', 'Obwodowy', 38, 2029),
(263, 117, '2022-06-16 14:30:00', 'Pilates', 5, 2030),
(65, 11, '2022-06-19 13:30:00', 'Interwaowy', 84, 2031),
(66, 28, '2022-06-15 13:30:00', 'Crossfit', 18, 2032),
(10, 7, '2022-06-23 06:30:00', 'Pilates', 38, 2033),
(67, 32, '2022-06-21 20:30:00', 'Oporowy', 36, 2034),
(11, 119, '2022-06-24 17:30:00', 'Relaksacyjny', 57, 2035),
(264, 120, '2022-06-18 16:30:00', 'Obwodowy', 62, 2036),
(68, 64, '2022-06-17 11:30:00', 'Oporowy', 20, 2037),
(12, 36, '2022-06-18 13:30:00', 'Obwodowy', 56, 2038),
(13, 37, '2022-06-21 09:30:00', 'Core', 14, 2039),
(69, 18, '2022-06-25 20:30:00', 'O staej intensywnoci', 39, 2040),
(14, 85, '2022-06-15 17:30:00', 'Wytrzymaociowy', 94, 2041),
(70, 37, '2022-06-16 17:30:00', 'Split', 14, 2042),
(15, 69, '2022-06-25 06:30:00', 'Full Body Workout', 91, 2043),
(16, 106, '2022-06-22 10:30:00', 'Relaksacyjny', 48, 2044),
(71, 105, '2022-06-15 10:30:00', 'Wytrzymaociowy', 4, 2045),
(17, 118, '2022-06-14 14:30:00', 'Oporowy', 75, 2046),
(18, 76, '2022-06-21 18:30:00', 'Oporowy', 33, 2047),
(72, 100, '2022-06-23 14:30:00', 'Crossfit', 16, 2048),
(19, 70, '2022-06-25 13:30:00', 'Split', 73, 2049),
(20, 90, '2022-06-20 13:30:00', 'Crossfit', 54, 2050),
(73, 58, '2022-06-15 14:30:00', 'O staej intensywnoci', 94, 2051),
(265, 7, '2022-06-24 14:30:00', 'Split', 38, 2052),
(21, 52, '2022-06-20 07:30:00', 'Oporowy', 16, 2053),
(74, 93, '2022-06-25 12:30:00', 'Full Body Workout', 61, 2054),
(22, 88, '2022-06-25 18:30:00', 'Funkcjonalny', 41, 2055),
(75, 103, '2022-06-17 15:30:00', 'Wytrzymaociowy', 12, 2056),
(23, 96, '2022-06-25 18:30:00', 'Interwaowy', 17, 2057),
(266, 101, '2022-06-25 09:30:00', 'Interwaowy', 54, 2058),
(76, 102, '2022-06-14 19:30:00', 'Pilates', 89, 2059),
(24, 111, '2022-06-14 14:30:00', 'Full Body Workout', 41, 2060),
(267, 24, '2022-06-19 16:30:00', 'Wytrzymaociowy', 31, 2061),
(77, 71, '2022-06-23 14:30:00', 'Core', 28, 2062),
(268, 101, '2022-06-19 17:30:00', 'Funkcjonalny', 54, 2063),
(78, 95, '2022-06-20 17:30:00', 'Kondycyjny', 2, 2064),
(269, 72, '2022-06-18 16:30:00', 'Kondycyjny', 55, 2065),
(79, 81, '2022-06-24 16:30:00', 'Crossfit', 42, 2066),
(270, 36, '2022-06-16 15:30:00', 'Core', 56, 2067),
(271, 23, '2022-06-24 08:30:00', 'Oporowy', 86, 2068),
(80, 80, '2022-06-18 14:30:00', 'Core', 90, 2069),
(272, 111, '2022-06-15 12:30:00', 'Pilates', 41, 2070),
(273, 81, '2022-06-16 18:30:00', 'O staej intensywnoci', 42, 2071),
(81, 101, '2022-06-17 06:30:00', 'Wytrzymaociowy', 54, 2072),
(274, 20, '2022-06-19 12:30:00', 'Relaksacyjny', 24, 2073),
(82, 69, '2022-06-17 12:30:00', 'Split', 91, 2074),
(275, 78, '2022-06-23 07:30:00', 'Funkcjonalny', 45, 2075),
(83, 73, '2022-06-18 12:30:00', 'Oporowy', 47, 2076),
(276, 1, '2022-06-23 10:30:00', 'Oporowy', 67, 2077),
(84, 67, '2022-06-16 15:30:00', 'Wytrzymaociowy', 68, 2078),
(277, 28, '2022-06-20 09:30:00', 'Oporowy', 18, 2079),
(85, 59, '2022-06-15 14:30:00', 'Full Body Workout', 59, 2080),
(278, 70, '2022-06-23 08:30:00', 'Pilates', 73, 2081),
(279, 40, '2022-06-14 13:30:00', 'O staej intensywnoci', 25, 2082),
(86, 78, '2022-06-19 17:30:00', 'Full Body Workout', 45, 2083),
(87, 34, '2022-06-19 11:30:00', 'Oporowy', 83, 2084),
(280, 54, '2022-06-14 20:30:00', 'Core', 58, 2085),
(88, 79, '2022-06-15 17:30:00', 'Crossfit', 43, 2086),
(281, 100, '2022-06-19 16:30:00', 'Pilates', 16, 2087),
(282, 74, '2022-06-21 14:30:00', 'Funkcjonalny', 59, 2088),
(89, 15, '2022-06-21 14:30:00', 'Pilates', 77, 2089),
(283, 71, '2022-06-20 15:30:00', 'Relaksacyjny', 28, 2090),
(284, 53, '2022-06-16 16:30:00', 'Core', 16, 2091),
(90, 113, '2022-06-16 14:30:00', 'Interwaowy', 6, 2092),
(285, 77, '2022-06-21 18:30:00', 'O staej intensywnoci', 16, 2093),
(25, 16, '2022-06-17 19:30:00', 'Oporowy', 77, 2094),
(286, 68, '2022-06-15 12:30:00', 'Kondycyjny', 15, 2095),
(26, 99, '2022-06-22 15:30:00', 'Wytrzymaociowy', 83, 2096),
(91, 4, '2022-06-22 12:30:00', 'Interwaowy', 64, 2097),
(27, 11, '2022-06-21 15:30:00', 'Full Body Workout', 84, 2098),
(92, 104, '2022-06-21 16:30:00', 'Oporowy', 41, 2099),
(287, 3, '2022-06-15 12:30:00', 'Relaksacyjny', 79, 2100),
(28, 35, '2022-06-20 12:30:00', 'Relaksacyjny', 13, 2101),
(288, 44, '2022-06-22 17:30:00', 'Relaksacyjny', 17, 2102),
(93, 118, '2022-06-25 12:30:00', 'Pilates', 75, 2103),
(29, 14, '2022-06-20 16:30:00', 'Oporowy', 69, 2104),
(289, 23, '2022-06-24 12:30:00', 'Oporowy', 86, 2105),
(94, 74, '2022-06-20 12:30:00', 'Core', 59, 2106),
(30, 76, '2022-06-18 08:30:00', 'Crossfit', 33, 2107),
(95, 22, '2022-06-18 19:30:00', 'Wytrzymaociowy', 50, 2108),
(290, 34, '2022-06-18 16:30:00', 'Crossfit', 83, 2109),
(96, 115, '2022-06-22 10:30:00', 'O staej intensywnoci', 43, 2110),
(291, 40, '2022-06-17 20:30:00', 'Kondycyjny', 25, 2111),
(31, 38, '2022-06-22 09:30:00', 'O staej intensywnoci', 89, 2112),
(97, 27, '2022-06-25 12:30:00', 'O staej intensywnoci', 94, 2113),
(292, 117, '2022-06-15 20:30:00', 'Pilates', 5, 2114),
(32, 97, '2022-06-19 16:30:00', 'Obwodowy', 46, 2115),
(98, 36, '2022-06-24 07:30:00', 'Full Body Workout', 56, 2116),
(293, 23, '2022-06-19 15:30:00', 'Core', 86, 2117),
(99, 92, '2022-06-14 07:30:00', 'Interwaowy', 68, 2118),
(294, 24, '2022-06-20 07:30:00', 'Full Body Workout', 31, 2119),
(100, 115, '2022-06-20 19:30:00', 'Funkcjonalny', 43, 2120),
(295, 91, '2022-06-25 17:30:00', 'Full Body Workout', 67, 2121),
(101, 11, '2022-06-15 18:30:00', 'Relaksacyjny', 84, 2122),
(296, 8, '2022-06-16 16:30:00', 'Oporowy', 83, 2123),
(102, 40, '2022-06-25 16:30:00', 'Interwaowy', 25, 2124),
(297, 60, '2022-06-23 12:30:00', 'Funkcjonalny', 24, 2125),
(298, 64, '2022-06-17 19:30:00', 'Kondycyjny', 20, 2126),
(103, 95, '2022-06-25 09:30:00', 'Funkcjonalny', 2, 2127),
(299, 68, '2022-06-25 10:30:00', 'Crossfit', 15, 2128),
(104, 83, '2022-06-24 18:30:00', 'Full Body Workout', 8, 2129),
(300, 19, '2022-06-16 11:30:00', 'Funkcjonalny', 22, 2130),
(301, 91, '2022-06-22 10:30:00', 'Wytrzymaociowy', 67, 2131),
(105, 106, '2022-06-17 06:30:00', 'Core', 48, 2132),
(302, 95, '2022-06-17 09:30:00', 'Core', 2, 2133),
(106, 89, '2022-06-25 15:30:00', 'Split', 30, 2134),
(303, 117, '2022-06-16 09:30:00', 'Oporowy', 5, 2135),
(107, 17, '2022-06-23 15:30:00', 'Kondycyjny', 91, 2136),
(304, 30, '2022-06-14 18:30:00', 'Wytrzymaociowy', 88, 2137),
(305, 7, '2022-06-22 13:30:00', 'Kondycyjny', 38, 2138),
(108, 70, '2022-06-24 14:30:00', 'Obwodowy', 73, 2139),
(306, 74, '2022-06-22 18:30:00', 'Oporowy', 59, 2140),
(109, 74, '2022-06-18 09:30:00', 'Obwodowy', 59, 2141),
(307, 119, '2022-06-23 09:30:00', 'Interwaowy', 57, 2142),
(110, 77, '2022-06-18 10:30:00', 'Full Body Workout', 16, 2143),
(308, 81, '2022-06-25 20:30:00', 'Core', 42, 2144),
(111, 42, '2022-06-15 16:30:00', 'Pilates', 25, 2145),
(112, 31, '2022-06-17 13:30:00', 'Split', 46, 2146),
(309, 109, '2022-06-16 13:30:00', 'Interwaowy', 73, 2147),
(33, 91, '2022-06-19 13:30:00', 'O staej intensywnoci', 67, 2148),
(113, 77, '2022-06-20 13:30:00', 'O staej intensywnoci', 16, 2149),
(310, 61, '2022-06-23 07:30:00', 'Oporowy', 37, 2150),
(34, 26, '2022-06-20 08:30:00', 'Oporowy', 41, 2151),
(114, 57, '2022-06-19 11:30:00', 'Full Body Workout', 31, 2152),
(311, 120, '2022-06-25 15:30:00', 'Split', 62, 2153),
(35, 105, '2022-06-15 17:30:00', 'Wytrzymaociowy', 4, 2154),
(115, 24, '2022-06-18 08:30:00', 'Crossfit', 31, 2155),
(312, 117, '2022-06-25 20:30:00', 'Crossfit', 5, 2156),
(36, 97, '2022-06-17 17:30:00', 'Interwaowy', 46, 2157),
(116, 83, '2022-06-15 13:30:00', 'Core', 8, 2158),
(37, 74, '2022-06-25 19:30:00', 'Oporowy', 59, 2159),
(313, 42, '2022-06-21 16:30:00', 'Core', 25, 2160),
(117, 86, '2022-06-21 11:30:00', 'Core', 89, 2161),
(314, 119, '2022-06-17 11:30:00', 'Interwaowy', 57, 2162),
(118, 91, '2022-06-24 08:30:00', 'Interwaowy', 67, 2163),
(315, 24, '2022-06-20 18:30:00', 'Interwaowy', 31, 2164),
(316, 34, '2022-06-21 20:30:00', 'Kondycyjny', 83, 2165),
(119, 28, '2022-06-14 12:30:00', 'Oporowy', 18, 2166),
(317, 117, '2022-06-17 20:30:00', 'Oporowy', 5, 2167),
(120, 75, '2022-06-16 08:30:00', 'Obwodowy', 8, 2168),
(318, 99, '2022-06-20 09:30:00', 'Wytrzymaociowy', 83, 2169),
(319, 60, '2022-06-15 08:30:00', 'Obwodowy', 24, 2170),
(121, 66, '2022-06-18 14:30:00', 'Kondycyjny', 85, 2171),
(38, 49, '2022-06-22 12:30:00', 'Crossfit', 16, 2172),
(320, 96, '2022-06-19 06:30:00', 'Crossfit', 17, 2173),
(122, 56, '2022-06-23 11:30:00', 'Crossfit', 35, 2174),
(39, 10, '2022-06-15 06:30:00', 'Kondycyjny', 93, 2175),
(123, 33, '2022-06-14 08:30:00', 'Relaksacyjny', 37, 2176),
(40, 58, '2022-06-22 06:30:00', 'Core', 94, 2177),
(321, 64, '2022-06-14 18:30:00', 'Pilates', 20, 2178),
(124, 67, '2022-06-20 12:30:00', 'O staej intensywnoci', 68, 2179),
(41, 14, '2022-06-18 13:30:00', 'Full Body Workout', 69, 2180),
(322, 38, '2022-06-14 16:30:00', 'Crossfit', 89, 2181),
(42, 48, '2022-06-23 13:30:00', 'Funkcjonalny', 75, 2182),
(125, 61, '2022-06-22 17:30:00', 'Interwaowy', 37, 2183),
(323, 103, '2022-06-19 14:30:00', 'Funkcjonalny', 12, 2184),
(126, 109, '2022-06-22 20:30:00', 'Obwodowy', 73, 2185),
(43, 19, '2022-06-16 12:30:00', 'Oporowy', 22, 2186),
(324, 45, '2022-06-20 17:30:00', 'Interwaowy', 86, 2187),
(127, 101, '2022-06-16 17:30:00', 'Obwodowy', 54, 2188),
(44, 18, '2022-06-16 20:30:00', 'Interwaowy', 39, 2189),
(325, 8, '2022-06-20 13:30:00', 'Obwodowy', 83, 2190),
(128, 95, '2022-06-24 20:30:00', 'Kondycyjny', 2, 2191),
(326, 91, '2022-06-18 06:30:00', 'Crossfit', 67, 2192),
(45, 20, '2022-06-20 15:30:00', 'Pilates', 24, 2193),
(129, 17, '2022-06-17 15:30:00', 'Crossfit', 91, 2194),
(46, 82, '2022-06-24 06:30:00', 'Funkcjonalny', 38, 2195),
(327, 104, '2022-06-18 17:30:00', 'Split', 41, 2196),
(130, 59, '2022-06-20 20:30:00', 'Interwaowy', 59, 2197),
(328, 36, '2022-06-24 08:30:00', 'Obwodowy', 56, 2198),
(47, 114, '2022-06-17 19:30:00', 'Crossfit', 61, 2199),
(131, 55, '2022-06-20 14:30:00', 'O staej intensywnoci', 66, 2200),
(329, 56, '2022-06-17 14:30:00', 'Wytrzymaociowy', 35, 2201),
(48, 22, '2022-06-22 17:30:00', 'Split', 50, 2202),
(330, 64, '2022-06-16 09:30:00', 'Split', 20, 2203),
(49, 34, '2022-06-20 09:30:00', 'Obwodowy', 83, 2204),
(132, 32, '2022-06-17 09:30:00', 'Crossfit', 36, 2205),
(331, 25, '2022-06-19 12:30:00', 'Wytrzymaociowy', 65, 2206),
(50, 77, '2022-06-19 10:30:00', 'Obwodowy', 16, 2207),
(332, 82, '2022-06-20 13:30:00', 'Funkcjonalny', 38, 2208),
(51, 7, '2022-06-17 07:30:00', 'Wytrzymaociowy', 38, 2209),
(133, 42, '2022-06-22 13:30:00', 'Crossfit', 25, 2210),
(333, 54, '2022-06-16 14:30:00', 'Wytrzymaociowy', 58, 2211),
(134, 73, '2022-06-16 15:30:00', 'Wytrzymaociowy', 47, 2212),
(334, 112, '2022-06-15 09:30:00', 'O staej intensywnoci', 9, 2213),
(335, 110, '2022-06-15 08:30:00', 'Relaksacyjny', 85, 2214),
(336, 5, '2022-06-21 11:30:00', 'Pilates', 65, 2215),
(135, 104, '2022-06-20 07:30:00', 'Funkcjonalny', 41, 2216),
(52, 33, '2022-06-17 14:30:00', 'Interwaowy', 37, 2217),
(337, 57, '2022-06-14 14:30:00', 'Interwaowy', 31, 2218),
(136, 114, '2022-06-18 06:30:00', 'Funkcjonalny', 61, 2219),
(338, 66, '2022-06-25 20:30:00', 'Obwodowy', 85, 2220),
(137, 26, '2022-06-17 11:30:00', 'Split', 41, 2221),
(53, 40, '2022-06-23 12:30:00', 'Pilates', 25, 2222),
(339, 4, '2022-06-23 12:30:00', 'Kondycyjny', 64, 2223),
(138, 56, '2022-06-19 06:30:00', 'Oporowy', 35, 2224),
(54, 75, '2022-06-21 06:30:00', 'Crossfit', 8, 2225),
(340, 14, '2022-06-14 19:30:00', 'Kondycyjny', 69, 2226),
(139, 61, '2022-06-18 10:30:00', 'Funkcjonalny', 37, 2227),
(341, 50, '2022-06-21 19:30:00', 'Kondycyjny', 19, 2228),
(342, 14, '2022-06-19 18:30:00', 'Wytrzymaociowy', 69, 2229),
(140, 58, '2022-06-15 13:30:00', 'Crossfit', 94, 2230),
(343, 94, '2022-06-21 12:30:00', 'Wytrzymaociowy', 67, 2231),
(141, 19, '2022-06-23 13:30:00', 'Split', 22, 2232),
(344, 67, '2022-06-18 14:30:00', 'Pilates', 68, 2233),
(142, 69, '2022-06-22 20:30:00', 'Split', 91, 2234),
(345, 12, '2022-06-19 15:30:00', 'Relaksacyjny', 48, 2235),
(143, 54, '2022-06-21 15:30:00', 'Core', 58, 2236),
(55, 51, '2022-06-24 15:30:00', 'Interwaowy', 48, 2237),
(346, 82, '2022-06-20 19:30:00', 'O staej intensywnoci', 38, 2238),
(144, 61, '2022-06-22 18:30:00', 'Interwaowy', 37, 2239),
(347, 88, '2022-06-23 07:30:00', 'Pilates', 41, 2240),
(145, 42, '2022-06-19 06:30:00', 'Oporowy', 25, 2241),
(348, 72, '2022-06-24 07:30:00', 'Core', 55, 2242),
(349, 118, '2022-06-23 17:30:00', 'Full Body Workout', 75, 2243),
(146, 58, '2022-06-24 12:30:00', 'Wytrzymaociowy', 94, 2244),
(350, 94, '2022-06-24 08:30:00', 'Kondycyjny', 67, 2245),
(351, 107, '2022-06-19 18:30:00', 'Interwaowy', 15, 2246),
(147, 81, '2022-06-21 15:30:00', 'Pilates', 42, 2247),
(352, 96, '2022-06-20 06:30:00', 'Split', 17, 2248),
(148, 0, '2022-06-21 07:30:00', 'Core', 82, 2249),
(353, 8, '2022-06-16 08:30:00', 'Funkcjonalny', 83, 2250),
(354, 106, '2022-06-21 07:30:00', 'Crossfit', 48, 2251),
(56, 19, '2022-06-18 11:30:00', 'Full Body Workout', 22, 2252),
(355, 28, '2022-06-15 16:30:00', 'Wytrzymaociowy', 18, 2253),
(149, 85, '2022-06-15 11:30:00', 'Obwodowy', 94, 2254),
(356, 112, '2022-06-21 10:30:00', 'Interwaowy', 9, 2255),
(57, 74, '2022-06-20 18:30:00', 'Pilates', 59, 2256),
(150, 74, '2022-06-22 18:30:00', 'Core', 59, 2257),
(58, 81, '2022-06-24 09:30:00', 'Split', 42, 2258),
(151, 60, '2022-06-20 15:30:00', 'Wytrzymaociowy', 24, 2259),
(59, 80, '2022-06-19 14:30:00', 'Kondycyjny', 90, 2260),
(357, 44, '2022-06-22 20:30:00', 'Obwodowy', 17, 2261),
(152, 113, '2022-06-09 15:30:00', 'Funkcjonalny', 6, 2262),
(60, 67, '2022-06-15 20:30:00', 'Funkcjonalny', 68, 2263),
(358, 94, '2022-06-18 19:30:00', 'Split', 67, 2264),
(153, 107, '2022-06-18 08:30:00', 'Wytrzymaociowy', 15, 2265),
(61, 79, '2022-06-15 14:30:00', 'Kondycyjny', 43, 2266),
(359, 45, '2022-06-15 12:30:00', 'Relaksacyjny', 86, 2267),
(154, 24, '2022-06-16 18:30:00', 'Split', 31, 2268),
(62, 84, '2022-06-18 08:30:00', 'O staej intensywnoci', 44, 2269),
(155, 98, '2022-06-24 16:30:00', 'Obwodowy', 95, 2270),
(63, 62, '2022-06-23 06:30:00', 'Kondycyjny', 48, 2271),
(360, 99, '2022-06-21 19:30:00', 'Crossfit', 83, 2272),
(156, 55, '2022-06-20 16:30:00', 'Crossfit', 66, 2273),
(64, 43, '2022-06-15 20:30:00', 'Wytrzymaociowy', 38, 2274),
(361, 13, '2022-06-15 16:30:00', 'Obwodowy', 62, 2275),
(362, 0, '2022-06-23 08:30:00', 'Split', 82, 2276),
(157, 4, '2022-06-22 15:30:00', 'Wytrzymaociowy', 64, 2277),
(65, 11, '2022-06-22 20:30:00', 'Obwodowy', 84, 2278),
(363, 98, '2022-06-21 16:30:00', 'O staej intensywnoci', 95, 2279),
(158, 95, '2022-06-21 07:30:00', 'Wytrzymaociowy', 2, 2280),
(66, 28, '2022-06-15 15:30:00', 'Split', 18, 2281),
(364, 42, '2022-06-16 09:30:00', 'Funkcjonalny', 25, 2282),
(159, 79, '2022-06-15 14:30:00', 'Wytrzymaociowy', 43, 2283),
(67, 32, '2022-06-14 12:30:00', 'Funkcjonalny', 36, 2284),
(365, 48, '2022-06-19 08:30:00', 'Oporowy', 75, 2285),
(68, 64, '2022-06-15 10:30:00', 'Obwodowy', 20, 2286),
(69, 18, '2022-06-22 12:30:00', 'Full Body Workout', 39, 2287),
(70, 37, '2022-06-21 06:30:00', 'Kondycyjny', 14, 2288),
(71, 105, '2022-06-16 19:30:00', 'Crossfit', 4, 2289),
(72, 100, '2022-06-15 10:30:00', 'Relaksacyjny', 16, 2290),
(73, 58, '2022-06-23 14:30:00', 'Relaksacyjny', 94, 2291),
(74, 93, '2022-06-21 14:30:00', 'Split', 61, 2292),
(449, 15, '2022-06-15 10:30:00', 'Relaksacyjny', 77, 2293),
(75, 103, '2022-06-16 10:30:00', 'Interwaowy', 12, 2294),
(450, 35, '2022-06-16 06:30:00', 'Pilates', 13, 2295),
(366, 90, '2022-06-24 18:30:00', 'Wytrzymaociowy', 54, 2296),
(76, 102, '2022-06-15 10:30:00', 'Kondycyjny', 89, 2297),
(367, 104, '2022-06-21 09:30:00', 'Split', 41, 2298),
(77, 71, '2022-06-22 10:30:00', 'Core', 28, 2299),
(368, 55, '2022-06-25 15:30:00', 'Obwodowy', 66, 2300),
(451, 41, '2022-06-23 12:30:00', 'Core', 87, 2301),
(78, 95, '2022-06-20 11:30:00', 'Core', 2, 2302),
(369, 28, '2022-06-24 19:30:00', 'Crossfit', 18, 2303),
(452, 119, '2022-06-17 16:30:00', 'Kondycyjny', 57, 2304),
(79, 81, '2022-06-24 15:30:00', 'Oporowy', 42, 2305),
(370, 33, '2022-06-17 17:30:00', 'Full Body Workout', 37, 2306),
(453, 50, '2022-06-18 15:30:00', 'Obwodowy', 19, 2307),
(371, 6, '2022-06-22 17:30:00', 'Full Body Workout', 14, 2308),
(80, 80, '2022-06-22 17:30:00', 'Split', 90, 2309),
(454, 40, '2022-06-24 15:30:00', 'Relaksacyjny', 25, 2310),
(81, 101, '2022-06-23 19:30:00', 'Crossfit', 54, 2311),
(82, 69, '2022-06-22 19:30:00', 'Obwodowy', 91, 2312),
(455, 36, '2022-06-23 09:30:00', 'Funkcjonalny', 56, 2313),
(83, 73, '2022-06-21 13:30:00', 'Obwodowy', 47, 2314),
(84, 67, '2022-06-25 20:30:00', 'Split', 68, 2315),
(85, 59, '2022-06-19 16:30:00', 'Pilates', 59, 2316),
(456, 71, '2022-06-19 14:30:00', 'Relaksacyjny', 28, 2317),
(86, 78, '2022-06-20 15:30:00', 'Interwaowy', 45, 2318),
(87, 34, '2022-06-16 13:30:00', 'Wytrzymaociowy', 83, 2319),
(457, 114, '2022-06-20 06:30:00', 'Split', 61, 2320),
(88, 79, '2022-06-20 12:30:00', 'O staej intensywnoci', 43, 2321),
(458, 100, '2022-06-23 18:30:00', 'Pilates', 16, 2322),
(89, 15, '2022-06-21 12:30:00', 'Crossfit', 77, 2323),
(459, 114, '2022-06-21 07:30:00', 'Wytrzymaociowy', 61, 2324),
(90, 113, '2022-06-23 08:30:00', 'Pilates', 6, 2325),
(372, 80, '2022-06-18 07:30:00', 'Pilates', 90, 2326),
(460, 56, '2022-06-21 19:30:00', 'Core', 35, 2327),
(91, 4, '2022-06-20 13:30:00', 'Kondycyjny', 64, 2328),
(461, 119, '2022-06-16 20:30:00', 'Obwodowy', 57, 2329),
(92, 104, '2022-06-20 17:30:00', 'Full Body Workout', 41, 2330),
(462, 102, '2022-06-17 13:30:00', 'Crossfit', 89, 2331),
(373, 71, '2022-06-21 19:30:00', 'Crossfit', 28, 2332),
(93, 118, '2022-06-20 16:30:00', 'Wytrzymaociowy', 75, 2333),
(463, 4, '2022-06-19 10:30:00', 'Full Body Workout', 64, 2334),
(374, 3, '2022-06-25 19:30:00', 'Oporowy', 79, 2335),
(94, 74, '2022-06-19 13:30:00', 'Wytrzymaociowy', 59, 2336),
(464, 91, '2022-06-24 13:30:00', 'Crossfit', 67, 2337),
(375, 67, '2022-06-21 16:30:00', 'Full Body Workout', 68, 2338),
(95, 22, '2022-06-25 16:30:00', 'Oporowy', 50, 2339),
(465, 79, '2022-06-23 17:30:00', 'Pilates', 43, 2340),
(376, 13, '2022-06-25 07:30:00', 'Core', 62, 2341),
(466, 1, '2022-06-25 16:30:00', 'O staej intensywnoci', 67, 2342),
(377, 51, '2022-06-25 16:30:00', 'Split', 48, 2343),
(96, 115, '2022-06-18 08:30:00', 'Full Body Workout', 43, 2344),
(378, 85, '2022-06-25 06:30:00', 'Obwodowy', 94, 2345),
(467, 2, '2022-06-15 20:30:00', 'Funkcjonalny', 22, 2346),
(379, 37, '2022-06-14 19:30:00', 'Oporowy', 14, 2347),
(468, 72, '2022-06-24 11:30:00', 'Relaksacyjny', 55, 2348),
(97, 27, '2022-06-23 19:30:00', 'Kondycyjny', 94, 2349),
(380, 119, '2022-06-22 07:30:00', 'Crossfit', 57, 2350),
(469, 80, '2022-06-19 07:30:00', 'Wytrzymaociowy', 90, 2351),
(381, 12, '2022-06-14 15:30:00', 'Wytrzymaociowy', 48, 2352),
(470, 55, '2022-06-15 14:30:00', 'Kondycyjny', 66, 2353),
(382, 43, '2022-06-16 07:30:00', 'Crossfit', 38, 2354),
(471, 72, '2022-06-21 14:30:00', 'Relaksacyjny', 55, 2355),
(383, 77, '2022-06-24 20:30:00', 'Funkcjonalny', 16, 2356),
(472, 32, '2022-06-18 10:30:00', 'Relaksacyjny', 36, 2357),
(384, 37, '2022-06-17 09:30:00', 'Oporowy', 14, 2358),
(473, 9, '2022-06-24 08:30:00', 'Relaksacyjny', 95, 2359),
(385, 18, '2022-06-19 19:30:00', 'Kondycyjny', 39, 2360),
(474, 63, '2022-06-16 08:30:00', 'Pilates', 29, 2361),
(98, 36, '2022-06-15 12:30:00', 'Funkcjonalny', 56, 2362),
(386, 8, '2022-06-16 12:30:00', 'Pilates', 83, 2363),
(475, 81, '2022-06-24 10:30:00', 'Pilates', 42, 2364),
(99, 92, '2022-06-19 13:30:00', 'O staej intensywnoci', 68, 2365),
(387, 35, '2022-06-19 16:30:00', 'Oporowy', 13, 2366),
(476, 100, '2022-06-15 12:30:00', 'Crossfit', 16, 2367),
(100, 115, '2022-06-24 11:30:00', 'Core', 43, 2368),
(477, 49, '2022-06-19 06:30:00', 'Crossfit', 16, 2369),
(101, 11, '2022-06-14 15:30:00', 'Pilates', 84, 2370),
(478, 25, '2022-06-19 08:30:00', 'Oporowy', 65, 2371),
(102, 40, '2022-06-19 18:30:00', 'Wytrzymaociowy', 25, 2372),
(479, 79, '2022-06-21 19:30:00', 'Funkcjonalny', 43, 2373),
(103, 95, '2022-06-22 17:30:00', 'Funkcjonalny', 2, 2374),
(480, 4, '2022-06-22 08:30:00', 'Obwodowy', 64, 2375),
(104, 83, '2022-06-22 19:30:00', 'Oporowy', 8, 2376),
(481, 45, '2022-06-14 07:30:00', 'Full Body Workout', 86, 2377),
(388, 12, '2022-06-14 20:30:00', 'Kondycyjny', 48, 2378),
(482, 48, '2022-06-16 08:30:00', 'Core', 75, 2379),
(483, 117, '2022-06-21 08:30:00', 'O staej intensywnoci', 5, 2380),
(484, 94, '2022-06-21 07:30:00', 'Crossfit', 67, 2381),
(485, 63, '2022-06-16 08:30:00', 'Kondycyjny', 29, 2382),
(486, 51, '2022-06-17 20:30:00', 'Kondycyjny', 48, 2383),
(487, 110, '2022-06-17 12:30:00', 'Obwodowy', 85, 2384),
(105, 106, '2022-06-18 19:30:00', 'Core', 48, 2385),
(488, 66, '2022-06-18 20:30:00', 'Wytrzymaociowy', 85, 2386),
(106, 89, '2022-06-14 15:30:00', 'O staej intensywnoci', 30, 2387),
(489, 114, '2022-06-24 19:30:00', 'Interwaowy', 61, 2388),
(490, 66, '2022-06-25 13:30:00', 'O staej intensywnoci', 85, 2389),
(491, 17, '2022-06-21 10:30:00', 'Oporowy', 91, 2390),
(107, 17, '2022-06-14 19:30:00', 'O staej intensywnoci', 91, 2391),
(492, 73, '2022-06-23 10:30:00', 'Pilates', 47, 2392),
(108, 70, '2022-06-23 10:30:00', 'Relaksacyjny', 73, 2393),
(493, 49, '2022-06-18 11:30:00', 'Pilates', 16, 2394),
(494, 9, '2022-06-15 07:30:00', 'Core', 95, 2395),
(109, 74, '2022-06-18 16:30:00', 'O staej intensywnoci', 59, 2396),
(495, 114, '2022-06-22 16:30:00', 'O staej intensywnoci', 61, 2397),
(110, 77, '2022-06-14 15:30:00', 'Pilates', 16, 2398),
(496, 48, '2022-06-23 19:30:00', 'Obwodowy', 75, 2399),
(497, 62, '2022-06-24 14:30:00', 'Crossfit', 48, 2400),
(111, 42, '2022-06-18 14:30:00', 'Split', 25, 2401),
(498, 29, '2022-06-23 14:30:00', 'Full Body Workout', 33, 2402),
(499, 107, '2022-06-17 12:30:00', 'Kondycyjny', 15, 2403),
(112, 31, '2022-06-22 14:30:00', 'Split', 46, 2404),
(500, 106, '2022-06-17 13:30:00', 'Full Body Workout', 48, 2405),
(113, 77, '2022-06-17 14:30:00', 'Core', 16, 2406),
(501, 54, '2022-06-17 07:30:00', 'Interwaowy', 58, 2407),
(114, 57, '2022-06-24 08:30:00', 'Full Body Workout', 31, 2408),
(502, 33, '2022-06-22 18:30:00', 'Relaksacyjny', 37, 2409),
(115, 24, '2022-06-22 20:30:00', 'Oporowy', 31, 2410),
(503, 68, '2022-06-25 16:30:00', 'Obwodowy', 15, 2411),
(116, 83, '2022-06-14 17:30:00', 'Oporowy', 8, 2412),
(389, 87, '2022-06-23 19:30:00', 'Obwodowy', 27, 2413),
(504, 118, '2022-06-19 09:30:00', 'Wytrzymaociowy', 75, 2414),
(117, 86, '2022-06-17 17:30:00', 'Pilates', 89, 2415),
(505, 110, '2022-06-22 16:30:00', 'O staej intensywnoci', 85, 2416),
(118, 91, '2022-06-18 10:30:00', 'Full Body Workout', 67, 2417),
(506, 111, '2022-06-21 06:30:00', 'Interwaowy', 41, 2418),
(119, 28, '2022-06-18 18:30:00', 'Funkcjonalny', 18, 2419),
(120, 75, '2022-06-25 10:30:00', 'Funkcjonalny', 8, 2420),
(121, 66, '2022-06-18 09:30:00', 'Pilates', 85, 2421),
(390, 119, '2022-06-18 07:30:00', 'Relaksacyjny', 57, 2422),
(122, 56, '2022-06-20 07:30:00', 'Kondycyjny', 35, 2423),
(391, 32, '2022-06-23 07:30:00', 'Core', 36, 2424),
(123, 33, '2022-06-22 14:30:00', 'Crossfit', 37, 2425),
(392, 27, '2022-06-24 07:30:00', 'Obwodowy', 94, 2426),
(124, 67, '2022-06-18 10:30:00', 'Oporowy', 68, 2427),
(393, 120, '2022-06-22 16:30:00', 'Oporowy', 62, 2428),
(125, 61, '2022-06-22 07:30:00', 'Wytrzymaociowy', 37, 2429),
(394, 14, '2022-06-22 12:30:00', 'Crossfit', 69, 2430),
(126, 109, '2022-06-24 15:30:00', 'Obwodowy', 73, 2431),
(395, 2, '2022-06-25 07:30:00', 'Pilates', 22, 2432),
(127, 101, '2022-06-25 09:30:00', 'Obwodowy', 54, 2433),
(396, 50, '2022-06-16 08:30:00', 'Obwodowy', 19, 2434),
(128, 95, '2022-06-18 16:30:00', 'Relaksacyjny', 2, 2435),
(507, 38, '2022-06-22 16:30:00', 'Full Body Workout', 89, 2436),
(397, 119, '2022-06-16 08:30:00', 'Oporowy', 57, 2437),
(508, 48, '2022-06-19 18:30:00', 'Funkcjonalny', 75, 2438),
(398, 109, '2022-06-24 18:30:00', 'Oporowy', 73, 2439),
(509, 71, '2022-06-20 11:30:00', 'Split', 28, 2440),
(399, 31, '2022-06-23 12:30:00', 'Interwaowy', 46, 2441),
(510, 70, '2022-06-18 07:30:00', 'Kondycyjny', 73, 2442),
(400, 19, '2022-06-21 14:30:00', 'Relaksacyjny', 22, 2443),
(511, 74, '2022-06-17 13:30:00', 'Obwodowy', 59, 2444),
(401, 98, '2022-06-20 14:30:00', 'Full Body Workout', 95, 2445),
(512, 9, '2022-06-22 07:30:00', 'Obwodowy', 95, 2446),
(402, 78, '2022-06-20 18:30:00', 'Crossfit', 45, 2447),
(513, 80, '2022-06-23 13:30:00', 'Oporowy', 90, 2448),
(403, 94, '2022-06-16 16:30:00', 'Full Body Workout', 67, 2449),
(404, 9, '2022-06-21 07:30:00', 'Kondycyjny', 95, 2450),
(514, 103, '2022-06-19 08:30:00', 'Interwaowy', 12, 2451),
(405, 54, '2022-06-20 12:30:00', 'Oporowy', 58, 2452),
(515, 104, '2022-06-18 13:30:00', 'Full Body Workout', 41, 2453),
(129, 17, '2022-06-24 08:30:00', 'Crossfit', 91, 2454),
(406, 52, '2022-06-21 07:30:00', 'Obwodowy', 16, 2455),
(130, 59, '2022-06-25 10:30:00', 'Pilates', 59, 2456),
(516, 43, '2022-06-24 19:30:00', 'Crossfit', 38, 2457),
(407, 1, '2022-06-14 14:30:00', 'Funkcjonalny', 67, 2458),
(517, 84, '2022-06-21 13:30:00', 'Split', 44, 2459),
(408, 11, '2022-06-16 20:30:00', 'Split', 84, 2460),
(131, 55, '2022-06-16 11:30:00', 'Crossfit', 66, 2461),
(518, 6, '2022-06-24 08:30:00', 'Kondycyjny', 14, 2462),
(409, 115, '2022-06-19 16:30:00', 'Oporowy', 43, 2463),
(132, 32, '2022-06-20 06:30:00', 'Full Body Workout', 36, 2464),
(519, 68, '2022-06-18 20:30:00', 'O staej intensywnoci', 15, 2465),
(410, 34, '2022-06-14 16:30:00', 'Kondycyjny', 83, 2466),
(520, 107, '2022-06-15 14:30:00', 'Kondycyjny', 15, 2467),
(411, 44, '2022-06-22 11:30:00', 'Interwaowy', 17, 2468),
(521, 52, '2022-06-17 09:30:00', 'Kondycyjny', 16, 2469),
(412, 16, '2022-06-16 10:30:00', 'Crossfit', 77, 2470),
(413, 105, '2022-06-20 18:30:00', 'Kondycyjny', 4, 2471),
(133, 42, '2022-06-15 14:30:00', 'Interwaowy', 25, 2472),
(522, 48, '2022-06-22 10:30:00', 'Core', 75, 2473),
(414, 3, '2022-06-17 20:30:00', 'Interwaowy', 79, 2474),
(134, 73, '2022-06-17 08:30:00', 'Core', 47, 2475),
(523, 9, '2022-06-15 16:30:00', 'Kondycyjny', 95, 2476),
(415, 88, '2022-06-17 15:30:00', 'Pilates', 41, 2477),
(135, 104, '2022-06-23 19:30:00', 'Pilates', 41, 2478),
(416, 34, '2022-06-14 06:30:00', 'Split', 83, 2479),
(524, 97, '2022-06-21 15:30:00', 'O staej intensywnoci', 46, 2480),
(417, 88, '2022-06-14 16:30:00', 'Relaksacyjny', 41, 2481),
(525, 108, '2022-06-20 10:30:00', 'Split', 53, 2482),
(136, 114, '2022-06-18 11:30:00', 'Funkcjonalny', 61, 2483),
(526, 62, '2022-06-19 16:30:00', 'Crossfit', 48, 2484),
(137, 26, '2022-06-25 11:30:00', 'Funkcjonalny', 41, 2485),
(138, 56, '2022-06-16 16:30:00', 'Interwaowy', 35, 2486),
(527, 87, '2022-06-15 10:30:00', 'Split', 27, 2487),
(139, 61, '2022-06-22 11:30:00', 'Oporowy', 37, 2488),
(528, 80, '2022-06-14 07:30:00', 'Split', 90, 2489),
(140, 58, '2022-06-18 11:30:00', 'Pilates', 94, 2490),
(529, 44, '2022-06-22 11:30:00', 'Pilates', 17, 2491),
(530, 30, '2022-06-25 13:30:00', 'Split', 88, 2492),
(141, 19, '2022-06-24 16:30:00', 'Kondycyjny', 22, 2493),
(418, 85, '2022-06-21 10:30:00', 'Split', 94, 2494),
(531, 119, '2022-06-16 17:30:00', 'Crossfit', 57, 2495),
(142, 69, '2022-06-14 18:30:00', 'Core', 91, 2496),
(532, 54, '2022-06-15 09:30:00', 'Obwodowy', 58, 2497),
(143, 54, '2022-06-19 09:30:00', 'Funkcjonalny', 58, 2498),
(419, 104, '2022-06-20 15:30:00', 'Core', 41, 2499),
(533, 98, '2022-06-17 19:30:00', 'Full Body Workout', 95, 2500),
(144, 61, '2022-06-19 13:30:00', 'Relaksacyjny', 37, 2501),
(420, 68, '2022-06-14 10:30:00', 'Interwaowy', 15, 2502),
(534, 7, '2022-06-22 07:30:00', 'Obwodowy', 38, 2503),
(145, 42, '2022-06-23 13:30:00', 'Core', 25, 2504),
(535, 114, '2022-06-16 18:30:00', 'Full Body Workout', 61, 2505),
(146, 58, '2022-06-14 18:30:00', 'Interwaowy', 94, 2506),
(421, 110, '2022-06-24 07:30:00', 'Split', 85, 2507),
(536, 36, '2022-06-24 15:30:00', 'Full Body Workout', 56, 2508),
(147, 81, '2022-06-20 17:30:00', 'Interwaowy', 42, 2509),
(422, 44, '2022-06-19 08:30:00', 'Relaksacyjny', 17, 2510),
(148, 0, '2022-06-18 16:30:00', 'Full Body Workout', 82, 2511),
(537, 61, '2022-06-17 09:30:00', 'Wytrzymaociowy', 37, 2512),
(423, 52, '2022-06-15 17:30:00', 'Core', 16, 2513),
(149, 85, '2022-06-22 12:30:00', 'Crossfit', 94, 2514),
(538, 34, '2022-06-17 06:30:00', 'O staej intensywnoci', 83, 2515),
(424, 117, '2022-06-21 18:30:00', 'Relaksacyjny', 5, 2516),
(539, 54, '2022-06-21 11:30:00', 'Split', 58, 2517),
(425, 100, '2022-06-23 14:30:00', 'Relaksacyjny', 16, 2518),
(540, 106, '2022-06-20 09:30:00', 'O staej intensywnoci', 48, 2519),
(426, 73, '2022-06-20 08:30:00', 'Core', 47, 2520),
(541, 107, '2022-06-21 18:30:00', 'Funkcjonalny', 15, 2521),
(427, 13, '2022-06-16 18:30:00', 'Core', 62, 2522),
(150, 74, '2022-06-25 08:30:00', 'Relaksacyjny', 59, 2523),
(542, 13, '2022-06-15 19:30:00', 'Pilates', 62, 2524),
(428, 27, '2022-06-17 16:30:00', 'Obwodowy', 94, 2525),
(151, 60, '2022-06-15 18:30:00', 'Oporowy', 24, 2526),
(543, 79, '2022-06-25 15:30:00', 'O staej intensywnoci', 43, 2527),
(429, 102, '2022-06-18 19:30:00', 'Full Body Workout', 89, 2528),
(152, 113, '2022-06-21 10:30:00', 'Core', 6, 2529),
(544, 52, '2022-06-19 16:30:00', 'Kondycyjny', 16, 2530),
(430, 34, '2022-06-20 06:30:00', 'Oporowy', 83, 2531),
(545, 12, '2022-06-14 13:30:00', 'Wytrzymaociowy', 48, 2532),
(153, 107, '2022-06-21 13:30:00', 'Core', 15, 2533),
(546, 7, '2022-06-20 20:30:00', 'Kondycyjny', 38, 2534),
(154, 24, '2022-06-18 10:30:00', 'Core', 31, 2535),
(547, 38, '2022-06-21 17:30:00', 'Oporowy', 89, 2536),
(155, 98, '2022-06-18 09:30:00', 'Wytrzymaociowy', 95, 2537),
(548, 77, '2022-06-22 18:30:00', 'Full Body Workout', 16, 2538),
(156, 55, '2022-06-19 08:30:00', 'Relaksacyjny', 66, 2539),
(549, 24, '2022-06-17 15:30:00', 'Crossfit', 31, 2540),
(157, 4, '2022-06-23 07:30:00', 'Kondycyjny', 64, 2541),
(999, 18, '2022-02-20 14:54:05', 'Bouldering', 39, 2542),
(158, 95, '2022-06-18 11:30:00', 'Interwaowy', 2, 2543),
(159, 79, '2022-06-14 07:30:00', 'Oporowy', 43, 2544),
(431, 69, '2022-06-25 18:30:00', 'Kondycyjny', 91, 2545),
(160, 108, '2022-06-15 17:30:00', 'Crossfit', 53, 2547),
(161, 31, '2022-06-25 13:30:00', 'Split', 46, 2549),
(162, 55, '2022-06-14 06:30:00', 'Wytrzymaociowy', 66, 2551),
(163, 26, '2022-06-14 15:30:00', 'O staej intensywnoci', 41, 2552),
(164, 61, '2022-06-17 20:30:00', 'O staej intensywnoci', 37, 2553),
(432, 82, '2022-06-21 06:30:00', 'O staej intensywnoci', 38, 2554),
(165, 97, '2022-06-19 17:30:00', 'O staej intensywnoci', 46, 2555),
(433, 6, '2022-06-21 10:30:00', 'Interwaowy', 14, 2556),
(434, 23, '2022-06-15 15:30:00', 'Core', 86, 2557),
(435, 14, '2022-06-15 07:30:00', 'Obwodowy', 69, 2558),
(166, 15, '2022-06-20 08:30:00', 'O staej intensywnoci', 77, 2559),
(436, 9, '2022-06-19 10:30:00', 'Split', 95, 2560),
(167, 84, '2022-06-16 19:30:00', 'Oporowy', 44, 2561),
(437, 96, '2022-06-18 20:30:00', 'Crossfit', 17, 2562),
(438, 41, '2022-06-25 08:30:00', 'O staej intensywnoci', 87, 2563),
(439, 71, '2022-06-14 12:30:00', 'Full Body Workout', 28, 2564),
(440, 65, '2022-06-14 19:30:00', 'Crossfit', 23, 2565),
(441, 117, '2022-06-22 19:30:00', 'Interwaowy', 5, 2566),
(442, 60, '2022-06-20 09:30:00', 'Core', 24, 2567),
(443, 18, '2022-06-15 12:30:00', 'Interwaowy', 39, 2568),
(444, 76, '2022-06-20 06:30:00', 'Relaksacyjny', 33, 2569),
(445, 113, '2022-06-21 18:30:00', 'Interwaowy', 6, 2570),
(446, 72, '2022-06-17 13:30:00', 'Core', 55, 2571),
(447, 99, '2022-06-25 13:30:00', 'Pilates', 83, 2572),
(448, 5, '2022-06-25 15:30:00', 'Oporowy', 65, 2573),
(259, 66, '2022-06-19 18:30:00', 'Split', 85, 2574),
(260, 67, '2022-06-16 14:30:00', 'Split', 68, 2575),
(261, 73, '2022-06-23 13:30:00', 'Wytrzymaociowy', 47, 2576),
(262, 109, '2022-06-23 16:30:00', 'Kondycyjny', 73, 2577),
(263, 117, '2022-06-20 08:30:00', 'Crossfit', 5, 2578),
(264, 120, '2022-06-18 16:30:00', 'O staej intensywnoci', 62, 2579),
(265, 7, '2022-06-22 14:30:00', 'Crossfit', 38, 2580),
(266, 101, '2022-06-20 12:30:00', 'Crossfit', 54, 2581),
(267, 24, '2022-06-25 17:30:00', 'Funkcjonalny', 31, 2582),
(268, 101, '2022-06-17 18:30:00', 'Full Body Workout', 54, 2583),
(269, 72, '2022-06-22 07:30:00', 'Full Body Workout', 55, 2584),
(270, 36, '2022-06-20 09:30:00', 'Split', 56, 2585),
(271, 23, '2022-06-19 14:30:00', 'Obwodowy', 86, 2586),
(272, 111, '2022-06-24 18:30:00', 'Split', 41, 2587),
(273, 81, '2022-06-23 15:30:00', 'Core', 42, 2588),
(274, 20, '2022-06-25 13:30:00', 'Obwodowy', 24, 2589),
(275, 78, '2022-06-16 07:30:00', 'O staej intensywnoci', 45, 2590),
(276, 1, '2022-06-23 10:30:00', 'Oporowy', 67, 2591),
(277, 28, '2022-06-20 15:30:00', 'Funkcjonalny', 18, 2592),
(278, 70, '2022-06-20 15:30:00', 'Full Body Workout', 73, 2593),
(279, 40, '2022-06-21 13:30:00', 'Crossfit', 25, 2594),
(280, 54, '2022-06-17 15:30:00', 'Wytrzymaociowy', 58, 2595),
(281, 100, '2022-06-22 19:30:00', 'Full Body Workout', 16, 2596),
(282, 74, '2022-06-24 17:30:00', 'Obwodowy', 59, 2597),
(283, 71, '2022-06-21 09:30:00', 'Oporowy', 28, 2598),
(284, 53, '2022-06-19 14:30:00', 'Crossfit', 16, 2599),
(285, 77, '2022-06-18 13:30:00', 'O staej intensywnoci', 16, 2600),
(286, 68, '2022-06-17 07:30:00', 'O staej intensywnoci', 15, 2601),
(287, 3, '2022-06-22 19:30:00', 'Relaksacyjny', 79, 2602),
(288, 44, '2022-06-17 08:30:00', 'Pilates', 17, 2603),
(289, 23, '2022-06-16 10:30:00', 'Wytrzymaociowy', 86, 2604),
(290, 34, '2022-06-21 06:30:00', 'O staej intensywnoci', 83, 2605),
(291, 40, '2022-06-25 07:30:00', 'Oporowy', 25, 2606),
(292, 117, '2022-06-21 20:30:00', 'Wytrzymaociowy', 5, 2607),
(293, 23, '2022-06-22 09:30:00', 'Relaksacyjny', 86, 2608),
(294, 24, '2022-06-20 11:30:00', 'Oporowy', 31, 2609),
(295, 91, '2022-06-14 07:30:00', 'Full Body Workout', 67, 2610),
(296, 8, '2022-06-17 10:30:00', 'Crossfit', 83, 2611),
(297, 60, '2022-06-24 14:30:00', 'Kondycyjny', 24, 2612),
(298, 64, '2022-06-17 10:30:00', 'O staej intensywnoci', 20, 2613),
(299, 68, '2022-06-19 09:30:00', 'O staej intensywnoci', 15, 2614),
(300, 19, '2022-06-18 20:30:00', 'Funkcjonalny', 22, 2615),
(301, 91, '2022-06-25 13:30:00', 'Kondycyjny', 67, 2616),
(302, 95, '2022-06-24 18:30:00', 'Oporowy', 2, 2617),
(303, 117, '2022-06-19 14:30:00', 'Relaksacyjny', 5, 2618),
(304, 30, '2022-06-25 08:30:00', 'Split', 88, 2619),
(305, 7, '2022-06-24 19:30:00', 'Obwodowy', 38, 2620),
(306, 74, '2022-06-17 08:30:00', 'Funkcjonalny', 59, 2621),
(307, 119, '2022-06-14 18:30:00', 'Core', 57, 2622),
(308, 81, '2022-06-16 18:30:00', 'Funkcjonalny', 42, 2623),
(309, 109, '2022-06-23 07:30:00', 'Relaksacyjny', 73, 2624),
(310, 61, '2022-06-18 06:30:00', 'Crossfit', 37, 2625),
(311, 120, '2022-06-15 16:30:00', 'Kondycyjny', 62, 2626),
(312, 117, '2022-06-16 16:30:00', 'Full Body Workout', 5, 2627),
(313, 42, '2022-06-15 18:30:00', 'Oporowy', 25, 2628),
(314, 119, '2022-06-21 14:30:00', 'Pilates', 57, 2629),
(315, 24, '2022-06-17 11:30:00', 'Core', 31, 2630),
(316, 34, '2022-06-23 13:30:00', 'Oporowy', 83, 2631),
(317, 117, '2022-06-17 14:30:00', 'Relaksacyjny', 5, 2632),
(318, 99, '2022-06-19 08:30:00', 'Oporowy', 83, 2633),
(319, 60, '2022-06-20 19:30:00', 'Crossfit', 24, 2634),
(320, 96, '2022-06-14 15:30:00', 'Full Body Workout', 17, 2635),
(321, 64, '2022-06-22 17:30:00', 'Relaksacyjny', 20, 2636),
(322, 38, '2022-06-16 08:30:00', 'Pilates', 89, 2637),
(323, 103, '2022-06-19 15:30:00', 'Relaksacyjny', 12, 2638),
(324, 45, '2022-06-15 20:30:00', 'Crossfit', 86, 2639),
(325, 8, '2022-06-17 08:30:00', 'Split', 83, 2640),
(326, 91, '2022-06-17 20:30:00', 'Core', 67, 2641),
(327, 104, '2022-06-17 10:30:00', 'Crossfit', 41, 2642),
(328, 36, '2022-06-20 18:30:00', 'Crossfit', 56, 2643),
(329, 56, '2022-06-25 06:30:00', 'Kondycyjny', 35, 2644),
(330, 64, '2022-06-16 20:30:00', 'Interwaowy', 20, 2645),
(331, 25, '2022-06-14 14:30:00', 'Funkcjonalny', 65, 2646),
(332, 82, '2022-06-14 14:30:00', 'Obwodowy', 38, 2647),
(333, 54, '2022-06-16 09:30:00', 'Crossfit', 58, 2648),
(334, 112, '2022-06-21 13:30:00', 'Pilates', 9, 2649),
(335, 110, '2022-06-15 07:30:00', 'Core', 85, 2650),
(336, 5, '2022-06-17 13:30:00', 'Core', 65, 2651),
(337, 57, '2022-06-20 13:30:00', 'Oporowy', 31, 2652),
(338, 66, '2022-06-20 12:30:00', 'O staej intensywnoci', 85, 2653),
(339, 4, '2022-06-20 06:30:00', 'Crossfit', 64, 2654),
(340, 14, '2022-06-16 13:30:00', 'Funkcjonalny', 69, 2655),
(341, 50, '2022-06-16 15:30:00', 'Funkcjonalny', 19, 2656),
(342, 14, '2022-06-18 16:30:00', 'Core', 69, 2657),
(343, 94, '2022-06-24 06:30:00', 'Obwodowy', 67, 2658),
(344, 67, '2022-06-15 17:30:00', 'Relaksacyjny', 68, 2659),
(345, 12, '2022-06-24 18:30:00', 'Split', 48, 2660),
(346, 82, '2022-06-15 12:30:00', 'Wytrzymaociowy', 38, 2661),
(347, 88, '2022-06-21 20:30:00', 'Full Body Workout', 41, 2662),
(348, 72, '2022-06-19 08:30:00', 'O staej intensywnoci', 55, 2663),
(349, 118, '2022-06-14 13:30:00', 'Interwaowy', 75, 2664),
(350, 94, '2022-06-14 15:30:00', 'Crossfit', 67, 2665),
(351, 107, '2022-06-20 07:30:00', 'Oporowy', 15, 2666),
(352, 96, '2022-06-19 12:30:00', 'Obwodowy', 17, 2667),
(353, 8, '2022-06-21 13:30:00', 'Split', 83, 2668),
(354, 106, '2022-06-24 08:30:00', 'Core', 48, 2669);
INSERT INTO `usr_train` (`user_id`, `trainer_id`, `training_date`, `training_descript`, `gym_id`, `training_id`) VALUES
(355, 28, '2022-06-16 07:30:00', 'Crossfit', 18, 2670),
(356, 112, '2022-06-22 06:30:00', 'Split', 9, 2671),
(357, 44, '2022-06-24 06:30:00', 'Obwodowy', 17, 2672),
(358, 94, '2022-06-21 09:30:00', 'O staej intensywnoci', 67, 2673),
(359, 45, '2022-06-16 13:30:00', 'Obwodowy', 86, 2674),
(360, 99, '2022-06-14 11:30:00', 'Oporowy', 83, 2675),
(361, 13, '2022-06-16 18:30:00', 'Relaksacyjny', 62, 2676),
(362, 0, '2022-06-24 07:30:00', 'Oporowy', 82, 2677),
(363, 98, '2022-06-23 15:30:00', 'Funkcjonalny', 95, 2678),
(364, 42, '2022-06-23 10:30:00', 'Funkcjonalny', 25, 2679),
(365, 48, '2022-06-17 06:30:00', 'Crossfit', 75, 2680),
(366, 90, '2022-06-24 14:30:00', 'Split', 54, 2681),
(367, 104, '2022-06-15 10:30:00', 'Interwaowy', 41, 2682),
(368, 55, '2022-06-17 06:30:00', 'Split', 66, 2683),
(369, 28, '2022-06-19 07:30:00', 'Funkcjonalny', 18, 2684),
(370, 33, '2022-06-21 17:30:00', 'O staej intensywnoci', 37, 2685),
(371, 6, '2022-06-22 16:30:00', 'Full Body Workout', 14, 2686),
(372, 80, '2022-06-23 08:30:00', 'Kondycyjny', 90, 2687),
(373, 71, '2022-06-18 07:30:00', 'Obwodowy', 28, 2688),
(374, 3, '2022-06-25 14:30:00', 'Kondycyjny', 79, 2689),
(375, 67, '2022-06-19 20:30:00', 'Obwodowy', 68, 2690),
(376, 13, '2022-06-25 20:30:00', 'Relaksacyjny', 62, 2691),
(377, 51, '2022-06-17 20:30:00', 'Core', 48, 2692),
(378, 85, '2022-06-16 15:30:00', 'Obwodowy', 94, 2693),
(379, 37, '2022-06-18 12:30:00', 'Interwaowy', 14, 2694),
(380, 119, '2022-06-20 17:30:00', 'O staej intensywnoci', 57, 2695),
(381, 12, '2022-06-21 06:30:00', 'Pilates', 48, 2696),
(382, 43, '2022-06-21 15:30:00', 'Wytrzymaociowy', 38, 2697),
(383, 77, '2022-06-17 10:30:00', 'Kondycyjny', 16, 2698),
(384, 37, '2022-06-20 13:30:00', 'Wytrzymaociowy', 14, 2699),
(385, 18, '2022-06-20 16:30:00', 'Split', 39, 2700),
(386, 8, '2022-06-25 16:30:00', 'Oporowy', 83, 2701),
(387, 35, '2022-06-20 17:30:00', 'Interwaowy', 13, 2702),
(388, 12, '2022-06-23 18:30:00', 'Relaksacyjny', 48, 2703),
(389, 87, '2022-06-25 07:30:00', 'Relaksacyjny', 27, 2704),
(390, 119, '2022-06-25 09:30:00', 'O staej intensywnoci', 57, 2705),
(391, 32, '2022-06-15 18:30:00', 'Pilates', 36, 2706),
(392, 27, '2022-06-19 15:30:00', 'Wytrzymaociowy', 94, 2707),
(393, 120, '2022-06-22 16:30:00', 'Pilates', 62, 2708),
(394, 14, '2022-06-20 08:30:00', 'Oporowy', 69, 2709),
(395, 2, '2022-06-18 10:30:00', 'Pilates', 22, 2710),
(396, 50, '2022-06-20 11:30:00', 'Kondycyjny', 19, 2711),
(397, 119, '2022-06-15 18:30:00', 'Crossfit', 57, 2712),
(398, 109, '2022-06-23 11:30:00', 'Obwodowy', 73, 2713),
(399, 31, '2022-06-19 15:30:00', 'Relaksacyjny', 46, 2714),
(400, 19, '2022-06-22 17:30:00', 'Oporowy', 22, 2715),
(401, 98, '2022-06-19 10:30:00', 'Crossfit', 95, 2716),
(402, 78, '2022-06-15 14:30:00', 'Split', 45, 2717),
(403, 94, '2022-06-16 06:30:00', 'Oporowy', 67, 2718),
(404, 9, '2022-06-23 14:30:00', 'Oporowy', 95, 2719),
(405, 54, '2022-06-22 08:30:00', 'Crossfit', 58, 2720),
(406, 52, '2022-06-18 07:30:00', 'Relaksacyjny', 16, 2721),
(407, 1, '2022-06-17 11:30:00', 'Obwodowy', 67, 2722),
(408, 11, '2022-06-21 17:30:00', 'Relaksacyjny', 84, 2723),
(409, 115, '2022-06-25 08:30:00', 'Core', 43, 2724),
(410, 34, '2022-06-17 08:30:00', 'Full Body Workout', 83, 2725),
(411, 44, '2022-06-19 17:30:00', 'Split', 17, 2726),
(412, 16, '2022-06-15 06:30:00', 'Oporowy', 77, 2727),
(413, 105, '2022-06-22 06:30:00', 'Pilates', 4, 2728),
(414, 3, '2022-06-19 18:30:00', 'Oporowy', 79, 2729),
(415, 88, '2022-06-17 06:30:00', 'Kondycyjny', 41, 2730),
(416, 34, '2022-06-25 18:30:00', 'Relaksacyjny', 83, 2731),
(417, 88, '2022-06-16 19:30:00', 'Obwodowy', 41, 2732),
(418, 85, '2022-06-15 12:30:00', 'Crossfit', 94, 2733),
(419, 104, '2022-06-17 13:30:00', 'Kondycyjny', 41, 2734),
(420, 68, '2022-06-25 10:30:00', 'Interwaowy', 15, 2735),
(421, 110, '2022-06-14 17:30:00', 'Split', 85, 2736),
(422, 44, '2022-06-22 16:30:00', 'Obwodowy', 17, 2737),
(423, 52, '2022-06-20 13:30:00', 'Wytrzymaociowy', 16, 2738),
(424, 117, '2022-06-22 13:30:00', 'Interwaowy', 5, 2739),
(425, 100, '2022-06-15 18:30:00', 'Relaksacyjny', 16, 2740),
(426, 73, '2022-06-25 09:30:00', 'Obwodowy', 47, 2741),
(427, 13, '2022-06-22 20:30:00', 'Funkcjonalny', 62, 2742),
(428, 27, '2022-06-25 18:30:00', 'Wytrzymaociowy', 94, 2743),
(429, 102, '2022-06-25 19:30:00', 'Funkcjonalny', 89, 2744),
(430, 34, '2022-06-23 08:30:00', 'Oporowy', 83, 2745),
(431, 69, '2022-06-19 07:30:00', 'Kondycyjny', 91, 2746),
(432, 82, '2022-06-17 16:30:00', 'Pilates', 38, 2747),
(433, 6, '2022-06-16 13:30:00', 'Relaksacyjny', 14, 2748),
(434, 23, '2022-06-14 18:30:00', 'Crossfit', 86, 2749),
(435, 14, '2022-06-20 07:30:00', 'Obwodowy', 69, 2750),
(436, 9, '2022-06-19 11:30:00', 'Pilates', 95, 2751),
(437, 96, '2022-06-25 15:30:00', 'Obwodowy', 17, 2752),
(438, 41, '2022-06-14 18:30:00', 'Obwodowy', 87, 2753),
(439, 71, '2022-06-22 19:30:00', 'Funkcjonalny', 28, 2754),
(999, NULL, '2022-02-16 12:00:00', 'Bouldering', 7, 2771),
(999, NULL, '2022-02-23 12:00:00', 'Bouldering', 7, 2772),
(999, NULL, '2022-02-28 04:00:00', 'Relaksacyjny', 7, 2773),
(999, NULL, '2022-03-10 03:00:00', 'Interwaowy', 7, 2774),
(999, NULL, '2022-03-11 12:00:00', 'Kondycyjny', 7, 2776),
(2, NULL, '2022-03-17 06:00:00', 'O staej intensywnoci', 43, 2777);

--
-- Ograniczenia dla zrzutw tabel
--

--
-- Ograniczenia dla tabeli `bmi`
--
ALTER TABLE `bmi`
  ADD CONSTRAINT `bmi_ibfk_1` FOREIGN KEY (`bmi_id`) REFERENCES `users` (`bmi_id`) ON UPDATE CASCADE;

--
-- Ograniczenia dla tabeli `gym_reviews`
--
ALTER TABLE `gym_reviews`
  ADD CONSTRAINT `gym_reviews_ibfk_1` FOREIGN KEY (`user_id`) REFERENCES `users` (`user_id`) ON UPDATE CASCADE,
  ADD CONSTRAINT `gym_reviews_ibfk_2` FOREIGN KEY (`gym_id`) REFERENCES `gyms` (`gym_id`) ON UPDATE CASCADE;

--
-- Ograniczenia dla tabeli `trainers`
--
ALTER TABLE `trainers`
  ADD CONSTRAINT `trainers_ibfk_1` FOREIGN KEY (`gym_id`) REFERENCES `gyms` (`gym_id`) ON UPDATE CASCADE;

--
-- Ograniczenia dla tabeli `trainer_reviews`
--
ALTER TABLE `trainer_reviews`
  ADD CONSTRAINT `trainer_reviews_ibfk_1` FOREIGN KEY (`trainer_id`) REFERENCES `trainers` (`trainer_id`) ON DELETE RESTRICT ON UPDATE CASCADE,
  ADD CONSTRAINT `trainer_reviews_ibfk_2` FOREIGN KEY (`user_id`) REFERENCES `users` (`user_id`) ON DELETE RESTRICT ON UPDATE CASCADE;

--
-- Ograniczenia dla tabeli `usr_train`
--
ALTER TABLE `usr_train`
  ADD CONSTRAINT `usr_train_ibfk_3` FOREIGN KEY (`trainer_id`) REFERENCES `trainers` (`trainer_id`) ON UPDATE CASCADE,
  ADD CONSTRAINT `usr_train_ibfk_4` FOREIGN KEY (`gym_id`) REFERENCES `gyms` (`gym_id`) ON UPDATE CASCADE;
COMMIT;

/*!40101 SET CHARACTER_SET_CLIENT=@OLD_CHARACTER_SET_CLIENT */;
/*!40101 SET CHARACTER_SET_RESULTS=@OLD_CHARACTER_SET_RESULTS */;
/*!40101 SET COLLATION_CONNECTION=@OLD_COLLATION_CONNECTION */;
